5951at33208a	BLOB.OX387246.1	12617299	12630312
13816at33208a	BLOB.OX387252.1	9846645	9869958
14776at33208a	BLOB.OX387254.1	2579131	2600701
16244at33208a	BLOB.OX387257.1	790061	828849
45934at33208a	BLOB.OX387247.1	1450506	1470301
49474at33208a	BLOB.OX387249.1	7113101	7137030
50756at33208a	BLOB.OX387256.1	3925884	3958479
56573at33208a	BLOB.OX387249.1	10378070	10389554
57158at33208a	BLOB.OX387258.1	5880073	5896968
63697at33208a	BLOB.OX387259.1	199995	208492
65302at33208a	BLOB.OX387250.1	1799561	1813987
66018at33208a	BLOB.OX387250.1	3537214	3544560
75406at33208a	BLOB.OX387251.1	10263955	10271125
76852at33208a	BLOB.OX387246.1	5355697	5376139
84980at33208a	BLOB.OX387260.1	826454	841802
88053at33208a	BLOB.OX387250.1	10527793	10541353
99614at33208a	BLOB.OX387252.1	694171	713857
102804at33208a	BLOB.OX387251.1	9481850	9491880
103854at33208a	BLOB.OX387247.1	2001100	2030012
107151at33208a	BLOB.OX387258.1	6722248	6731274
108764at33208a	BLOB.OX387259.1	2777255	2779884
109109at33208a	BLOB.OX387251.1	9616274	9620847
111730at33208a	BLOB.OX387254.1	7589078	7595462
115878at33208a	BLOB.OX387252.1	5713268	5721044
119252at33208a	BLOB.OX387256.1	2031189	2038978
119591at33208a	BLOB.OX387257.1	8569374	8584285
123923at33208a	BLOB.OX387258.1	3726672	3739239
124302at33208a	BLOB.OX387249.1	10043559	10058205
127766at33208a	BLOB.OX387253.1	7931500	7941900
129179at33208a	BLOB.OX387250.1	5866020	5870006
130245at33208a	BLOB.OX387258.1	7577964	7586331
130256at33208a	BLOB.OX387256.1	8253770	8261597
131349at33208a	BLOB.OX387250.1	6780698	6790003
131848at33208a	BLOB.OX387259.1	854870	862187
134492at33208a	BLOB.OX387249.1	3264462	3276557
135294at33208a	BLOB.OX387250.1	2059477	2069854
139188at33208a	BLOB.OX387248.1	10730974	10740014
143619at33208a	BLOB.OX387256.1	6026031	6027803
143997at33208a	BLOB.OX387252.1	1539072	1547546
146671at33208a	BLOB.OX387254.1	2846731	2858947
147873at33208a	BLOB.OX387250.1	10234581	10239518
148067at33208a	BLOB.OX387246.1	3735232	3748692
148325at33208a	BLOB.OX387252.1	7575073	7581754
152327at33208a	BLOB.OX387254.1	6764281	6770691
152977at33208a	BLOB.OX387254.1	9441663	9448714
153034at33208a	BLOB.OX387253.1	7211681	7220556
157109at33208a	BLOB.OX387254.1	7078748	7082023
158845at33208a	BLOB.OX387260.1	993975	1005960
158962at33208a	BLOB.OX387247.1	5148514	5157354
162821at33208a	BLOB.OX387252.1	7700828	7704587
164767at33208a	BLOB.OX387260.1	984491	993554
166097at33208a	BLOB.OX387250.1	5622215	5633759
168850at33208a	BLOB.OX387246.1	13702497	13710721
168924at33208a	BLOB.OX387249.1	5430706	5443012
169864at33208a	BLOB.OX387246.1	12997227	13004931
172677at33208a	BLOB.OX387257.1	5281395	5287016
177718at33208a	BLOB.OX387247.1	5829296	5831127
177858at33208a	BLOB.OX387246.1	2918631	2934715
178537at33208a	BLOB.OX387252.1	5358778	5365772
179485at33208a	BLOB.OX387259.1	1141977	1149273
180808at33208a	BLOB.OX387259.1	3426439	3436754
182834at33208a	BLOB.OX387248.1	12301090	12303390
184508at33208a	BLOB.OX387247.1	7949941	7954806
184717at33208a	BLOB.OX387249.1	6507971	6514141
186208at33208a	BLOB.OX387257.1	6025314	6038146
186707at33208a	BLOB.OX387262.1	2896206	2915045
187280at33208a	BLOB.OX387250.1	2127518	2135836
189414at33208a	BLOB.OX387251.1	10088050	10094716
190726at33208a	BLOB.OX387262.1	1205392	1217935
192250at33208a	BLOB.OX387249.1	6924614	6929570
194754at33208a	BLOB.OX387256.1	204134	216919
195986at33208a	BLOB.OX387247.1	650068	654386
196950at33208a	BLOB.OX387259.1	166619	176813
197549at33208a	BLOB.OX387249.1	2607832	2618284
197652at33208a	BLOB.OX387253.1	4968045	4969586
200997at33208a	BLOB.OX387251.1	9770980	9776464
201397at33208a	BLOB.OX387247.1	2446645	2458046
202545at33208a	BLOB.OX387249.1	5522377	5525804
203128at33208a	BLOB.OX387247.1	1964807	1968688
206786at33208a	BLOB.OX387247.1	1289653	1301932
208219at33208a	BLOB.OX387247.1	9103086	9109167
210614at33208a	BLOB.OX387253.1	5301450	5313127
212972at33208a	BLOB.OX387254.1	3617409	3624170
214788at33208a	BLOB.OX387254.1	5728171	5737039
215654at33208a	BLOB.OX387255.1	5815903	5820481
216257at33208a	BLOB.OX387248.1	928737	940496
216563at33208a	BLOB.OX387261.1	5679503	5683468
218441at33208a	BLOB.OX387251.1	791722	794560
219795at33208a	BLOB.OX387246.1	7271492	7277033
219856at33208a	BLOB.OX387248.1	691972	696643
222489at33208a	BLOB.OX387249.1	1626866	1628393
226335at33208a	BLOB.OX387258.1	6618792	6628382
226941at33208a	BLOB.OX387256.1	249366	256945
227087at33208a	BLOB.OX387262.1	4577585	4593303
227453at33208a	BLOB.OX387256.1	1250885	1259082
227979at33208a	BLOB.OX387247.1	11118011	11125798
231157at33208a	BLOB.OX387249.1	6543146	6549592
234290at33208a	BLOB.OX387249.1	10212541	10218595
235149at33208a	BLOB.OX387250.1	11277955	11283329
235430at33208a	BLOB.OX387256.1	7249743	7253691
239016at33208a	BLOB.OX387254.1	2831165	2838382
239597at33208a	BLOB.OX387247.1	6994224	6996317
240437at33208a	BLOB.OX387248.1	6201804	6205268
245482at33208a	BLOB.OX387247.1	12515216	12520651
245567at33208a	BLOB.OX387256.1	1172734	1181337
246241at33208a	BLOB.OX387253.1	1075940	1079035
247183at33208a	BLOB.OX387252.1	5959145	5962541
247905at33208a	BLOB.OX387250.1	6174283	6177849
249486at33208a	BLOB.OX387256.1	5030188	5047911
251076at33208a	BLOB.OX387257.1	6200888	6211267
251577at33208a	BLOB.OX387257.1	8259356	8265000
255242at33208a	BLOB.OX387249.1	6364051	6367583
255924at33208a	BLOB.OX387250.1	1753982	1762653
257339at33208a	BLOB.OX387248.1	9405534	9406850
260752at33208a	BLOB.OX387246.1	1627351	1633498
261284at33208a	BLOB.OX387247.1	515554	531054
261614at33208a	BLOB.OX387256.1	7151828	7159252
262757at33208a	BLOB.OX387248.1	5386981	5389115
266460at33208a	BLOB.OX387257.1	2974635	2993049
266469at33208a	BLOB.OX387253.1	6711868	6718295
266808at33208a	BLOB.OX387251.1	10311182	10315339
268134at33208a	BLOB.OX387249.1	11560927	11575787
268397at33208a	BLOB.OX387248.1	6908218	6915912
270594at33208a	BLOB.OX387247.1	7087474	7097460
271742at33208a	BLOB.OX387254.1	3423799	3430662
272605at33208a	BLOB.OX387249.1	5480917	5486033
273040at33208a	BLOB.OX387253.1	9520726	9526385
273367at33208a	BLOB.OX387252.1	3746992	3753946
273989at33208a	BLOB.OX387248.1	2316040	2322781
274044at33208a	BLOB.OX387246.1	9791921	9796213
274064at33208a	BLOB.OX387249.1	8158428	8163298
274992at33208a	BLOB.OX387248.1	9844990	9848575
278227at33208a	BLOB.OX387248.1	2169215	2175460
279631at33208a	BLOB.OX387247.1	4218936	4230086
279992at33208a	BLOB.OX387248.1	357716	362851
280914at33208a	BLOB.OX387257.1	6236055	6244052
281304at33208a	BLOB.OX387255.1	4396195	4400159
283637at33208a	BLOB.OX387246.1	5192227	5196707
284059at33208a	BLOB.OX387248.1	10895628	10900987
285146at33208a	BLOB.OX387249.1	2397822	2398967
285902at33208a	BLOB.OX387246.1	757375	761433
285966at33208a	BLOB.OX387252.1	6288614	6290452
286553at33208a	BLOB.OX387255.1	9710006	9715324
289235at33208a	BLOB.OX387254.1	9309882	9311541
289928at33208a	BLOB.OX387260.1	5333141	5344921
291505at33208a	BLOB.OX387255.1	6263911	6272024
291875at33208a	BLOB.OX387253.1	6955293	6961793
295775at33208a	BLOB.OX387258.1	7571233	7577646
300303at33208a	BLOB.OX387248.1	5379122	5386468
302186at33208a	BLOB.OX387260.1	2148932	2151966
302279at33208a	BLOB.OX387258.1	1253602	1259256
303117at33208a	BLOB.OX387257.1	2457722	2464711
306101at33208a	BLOB.OX387246.1	700538	703966
307109at33208a	BLOB.OX387253.1	6194162	6196498
308610at33208a	BLOB.OX387262.1	2303565	2311087
311758at33208a	BLOB.OX387257.1	7863183	7870430
311761at33208a	BLOB.OX387251.1	7717896	7723382
315044at33208a	BLOB.OX387258.1	5936395	5941506
315393at33208a	BLOB.OX387249.1	8730744	8735104
317470at33208a	BLOB.OX387249.1	6651965	6657036
318483at33208a	BLOB.OX387251.1	8794960	8800377
318532at33208a	BLOB.OX387248.1	2863873	2870189
319574at33208a	BLOB.OX387250.1	8501529	8505849
323399at33208a	BLOB.OX387249.1	2428301	2432843
323473at33208a	BLOB.OX387251.1	10648908	10650831
324249at33208a	BLOB.OX387255.1	6931382	6937390
325183at33208a	BLOB.OX387254.1	1418624	1422085
327301at33208a	BLOB.OX387246.1	9719911	9721281
331112at33208a	BLOB.OX387251.1	10790673	10795374
331186at33208a	BLOB.OX387248.1	1226631	1230169
332870at33208a	BLOB.OX387260.1	5976105	5978382
333062at33208a	BLOB.OX387256.1	2507021	2513628
333800at33208a	BLOB.OX387260.1	6576513	6589297
334331at33208a	BLOB.OX387257.1	8592176	8597248
334336at33208a	BLOB.OX387248.1	8497713	8506125
334342at33208a	BLOB.OX387255.1	9401149	9405896
334764at33208a	BLOB.OX387249.1	6648088	6651909
334820at33208a	BLOB.OX387250.1	5500348	5514521
335107at33208a	BLOB.OX387252.1	7548575	7556672
338191at33208a	BLOB.OX387253.1	6962053	6969076
338482at33208a	BLOB.OX387260.1	6288131	6290327
339127at33208a	BLOB.OX387251.1	6774166	6780838
339319at33208a	BLOB.OX387254.1	605126	607542
340558at33208a	BLOB.OX387258.1	3687321	3688950
340577at33208a	BLOB.OX387262.1	5189566	5196208
344338at33208a	BLOB.OX387255.1	170255	199899
344346at33208a	BLOB.OX387246.1	13766765	13770428
344442at33208a	BLOB.OX387253.1	5213802	5216460
344581at33208a	BLOB.OX387255.1	7406342	7410974
345099at33208a	BLOB.OX387256.1	8764026	8771865
346541at33208a	BLOB.OX387256.1	3286756	3290718
347600at33208a	BLOB.OX387259.1	1232450	1235997
348449at33208a	BLOB.OX387246.1	6361514	6366095
348544at33208a	BLOB.OX387247.1	6792007	6796217
348761at33208a	BLOB.OX387249.1	11257874	11262044
349064at33208a	BLOB.OX387260.1	909724	915555
349627at33208a	BLOB.OX387254.1	5125839	5142668
351226at33208a	BLOB.OX387251.1	995855	1001326
352600at33208a	BLOB.OX387246.1	8957916	8962155
352854at33208a	BLOB.OX387262.1	1583498	1610575
353286at33208a	BLOB.OX387259.1	2550093	2554615
353768at33208a	BLOB.OX387261.1	6649005	6653156
354829at33208a	BLOB.OX387253.1	9426005	9428662
354949at33208a	BLOB.OX387261.1	6703629	6706061
355210at33208a	BLOB.OX387250.1	1041376	1046893
355739at33208a	BLOB.OX387250.1	1084787	1086711
356175at33208a	BLOB.OX387250.1	7638723	7642997
356334at33208a	BLOB.OX387247.1	5616796	5634248
356503at33208a	BLOB.OX387246.1	12868996	12870783
357580at33208a	BLOB.OX387247.1	9786477	9791640
359324at33208a	BLOB.OX387259.1	5003898	5006416
359532at33208a	BLOB.OX387246.1	4742238	4760293
360753at33208a	BLOB.OX387249.1	4249529	4254206
361100at33208a	BLOB.OX387251.1	1872948	1879557
361216at33208a	BLOB.OX387253.1	6733798	6738283
363634at33208a	BLOB.OX387251.1	1001606	1004625
363840at33208a	BLOB.OX387248.1	6793040	6797592
363851at33208a	BLOB.OX387249.1	223436	225610
364383at33208a	BLOB.OX387249.1	11229922	11233532
364694at33208a	BLOB.OX387246.1	5783223	5788125
365561at33208a	BLOB.OX387250.1	10292567	10294421
366124at33208a	BLOB.OX387248.1	5577239	5581466
366814at33208a	BLOB.OX387249.1	9791181	9797576
366936at33208a	BLOB.OX387255.1	1116089	1134454
367493at33208a	BLOB.OX387249.1	8872321	8875778
367551at33208a	BLOB.OX387250.1	5094954	5130116
367596at33208a	BLOB.OX387248.1	6784292	6788648
367957at33208a	BLOB.OX387248.1	6023799	6026462
368565at33208a	BLOB.OX387256.1	8458500	8462817
368670at33208a	BLOB.OX387255.1	8425436	8427930
368875at33208a	BLOB.OX387257.1	8552731	8554494
371241at33208a	BLOB.OX387251.1	818083	821927
371297at33208a	BLOB.OX387250.1	8258089	8260464
371526at33208a	BLOB.OX387253.1	8536811	8538765
372257at33208a	BLOB.OX387258.1	5328030	5333932
372707at33208a	BLOB.OX387247.1	10402740	10405758
373040at33208a	BLOB.OX387246.1	12587909	12590164
376982at33208a	BLOB.OX387251.1	8502007	8504904
378033at33208a	BLOB.OX387247.1	2478967	2484937
378316at33208a	BLOB.OX387250.1	6659495	6661608
378768at33208a	BLOB.OX387249.1	10201826	10204281
378913at33208a	BLOB.OX387246.1	1052393	1058326
379636at33208a	BLOB.OX387248.1	4192899	4195677
379771at33208a	BLOB.OX387254.1	2244378	2249650
380583at33208a	BLOB.OX387247.1	3248803	3250422
381303at33208a	BLOB.OX387258.1	110760	115744
382000at33208a	BLOB.OX387254.1	3268830	3271310
382262at33208a	BLOB.OX387246.1	2268385	2271949
382750at33208a	BLOB.OX387247.1	3373927	3376944
383313at33208a	BLOB.OX387257.1	8681051	8687111
384187at33208a	BLOB.OX387250.1	8251350	8253565
386666at33208a	BLOB.OX387258.1	3647002	3656176
387079at33208a	BLOB.OX387255.1	5991310	5994038
387117at33208a	BLOB.OX387247.1	1925906	1928704
387878at33208a	BLOB.OX387250.1	8651065	8656702
389367at33208a	BLOB.OX387257.1	4460655	4465538
389527at33208a	BLOB.OX387254.1	6771442	6782676
389570at33208a	BLOB.OX387248.1	6826670	6828848
389591at33208a	BLOB.OX387248.1	2517299	2520171
390192at33208a	BLOB.OX387253.1	4955218	4956490
391896at33208a	BLOB.OX387249.1	987192	991668
393219at33208a	BLOB.OX387258.1	8364512	8365716
393291at33208a	BLOB.OX387249.1	5541537	5544435
393419at33208a	BLOB.OX387251.1	10683254	10686789
393895at33208a	BLOB.OX387254.1	2639856	2641664
395147at33208a	BLOB.OX387248.1	6581635	6585801
395183at33208a	BLOB.OX387248.1	9213666	9216988
395556at33208a	BLOB.OX387258.1	6071623	6072927
395919at33208a	BLOB.OX387247.1	9607451	9613610
396237at33208a	BLOB.OX387251.1	10634883	10636935
397019at33208a	BLOB.OX387253.1	8539811	8543960
397659at33208a	BLOB.OX387254.1	8437866	8441564
398013at33208a	BLOB.OX387253.1	4000426	4004130
398202at33208a	BLOB.OX387260.1	5063643	5068538
399092at33208a	BLOB.OX387246.1	10097170	10099414
399439at33208a	BLOB.OX387256.1	3195377	3198247
400042at33208a	BLOB.OX387253.1	8731730	8734983
401196at33208a	BLOB.OX387260.1	4629088	4632415
401220at33208a	BLOB.OX387259.1	56709	63420
401679at33208a	BLOB.OX387249.1	7346192	7348379
401779at33208a	BLOB.OX387253.1	3613852	3617804
403817at33208a	BLOB.OX387252.1	5883214	5885056
404988at33208a	BLOB.OX387253.1	7514572	7516296
405257at33208a	BLOB.OX387249.1	9781950	9788149
409006at33208a	BLOB.OX387246.1	14096399	14099808
411515at33208a	BLOB.OX387253.1	4875924	4878065
411664at33208a	BLOB.OX387256.1	3896421	3903873
412370at33208a	BLOB.OX387255.1	9156881	9160052
412542at33208a	BLOB.OX387257.1	1242224	1250665
414001at33208a	BLOB.OX387259.1	3986132	3989857
414571at33208a	BLOB.OX387246.1	7572260	7576072
414579at33208a	BLOB.OX387256.1	6073646	6076509
414603at33208a	BLOB.OX387248.1	7333424	7340832
415618at33208a	BLOB.OX387247.1	9475847	9479777
416175at33208a	BLOB.OX387253.1	8595679	8596967
418979at33208a	BLOB.OX387252.1	9622455	9629103
419502at33208a	BLOB.OX387260.1	698360	703718
419914at33208a	BLOB.OX387255.1	8968991	8975344
421396at33208a	BLOB.OX387256.1	946335	947896
422158at33208a	BLOB.OX387252.1	10252266	10254846
422751at33208a	BLOB.OX387249.1	10122667	10127403
423799at33208a	BLOB.OX387251.1	8500421	8501809
423848at33208a	BLOB.OX387249.1	6454984	6457130
424392at33208a	BLOB.OX387256.1	3808616	3809843
424646at33208a	BLOB.OX387253.1	4288205	4293491
427349at33208a	BLOB.OX387252.1	2480216	2484849
427789at33208a	BLOB.OX387249.1	1629907	1633565
428202at33208a	BLOB.OX387246.1	2737952	2741454
429011at33208a	BLOB.OX387247.1	10201443	10203775
429274at33208a	BLOB.OX387250.1	10996707	10998926
429751at33208a	BLOB.OX387258.1	6843187	6849730
430701at33208a	BLOB.OX387247.1	9067806	9069014
432050at33208a	BLOB.OX387248.1	606715	607997
432155at33208a	BLOB.OX387248.1	10019775	10022164
432522at33208a	BLOB.OX387254.1	3589286	3598833
433216at33208a	BLOB.OX387246.1	5391518	5393877
433606at33208a	BLOB.OX387247.1	11694522	11695667
434068at33208a	BLOB.OX387257.1	7787327	7795053
434863at33208a	BLOB.OX387249.1	7883677	7885895
435253at33208a	BLOB.OX387246.1	10761682	10768317
435678at33208a	BLOB.OX387246.1	7242123	7247543
435921at33208a	BLOB.OX387246.1	8527080	8528850
435939at33208a	BLOB.OX387253.1	8842260	8844833
436007at33208a	BLOB.OX387254.1	776052	785229
436098at33208a	BLOB.OX387247.1	11248593	11250139
436539at33208a	BLOB.OX387259.1	1376472	1379857
437653at33208a	BLOB.OX387260.1	4501830	4502939
438133at33208a	BLOB.OX387256.1	452516	458287
438433at33208a	BLOB.OX387249.1	6328155	6330750
438453at33208a	BLOB.OX387250.1	3193862	3196420
439736at33208a	BLOB.OX387253.1	3955938	3963686
440195at33208a	BLOB.OX387247.1	3527207	3528115
440493at33208a	BLOB.OX387250.1	2869262	2874760
441575at33208a	BLOB.OX387250.1	8455893	8462519
442169at33208a	BLOB.OX387254.1	6331824	6337416
442203at33208a	BLOB.OX387256.1	3408433	3417589
442823at33208a	BLOB.OX387248.1	11086652	11094820
443659at33208a	BLOB.OX387256.1	7177944	7179064
443928at33208a	BLOB.OX387260.1	4395155	4401286
444160at33208a	BLOB.OX387257.1	6468736	6471314
444231at33208a	BLOB.OX387254.1	9722413	9723412
445034at33208a	BLOB.OX387251.1	334926	339192
445091at33208a	BLOB.OX387250.1	4489661	4491651
446000at33208a	BLOB.OX387247.1	9694036	9696356
446031at33208a	BLOB.OX387255.1	9693498	9697763
447320at33208a	BLOB.OX387249.1	6373895	6376447
447400at33208a	BLOB.OX387249.1	5603028	5604933
448196at33208a	BLOB.OX387246.1	2559309	2561517
449139at33208a	BLOB.OX387247.1	9513384	9517759
449189at33208a	BLOB.OX387250.1	2266708	2272837
450643at33208a	BLOB.OX387255.1	6115629	6117533
450785at33208a	BLOB.OX387247.1	2808622	2811172
451242at33208a	BLOB.OX387256.1	6362406	6368155
451957at33208a	BLOB.OX387252.1	8811819	8821051
452208at33208a	BLOB.OX387248.1	2176015	2180573
452574at33208a	BLOB.OX387253.1	4739704	4743497
453056at33208a	BLOB.OX387250.1	6631643	6635558
453687at33208a	BLOB.OX387253.1	8617805	8622667
455512at33208a	BLOB.OX387250.1	7620495	7621925
455941at33208a	BLOB.OX387255.1	1167817	1173528
457777at33208a	BLOB.OX387247.1	3638985	3645347
458807at33208a	BLOB.OX387257.1	4835196	4840414
458974at33208a	BLOB.OX387249.1	6114866	6116011
458988at33208a	BLOB.OX387251.1	2644577	2651953
459253at33208a	BLOB.OX387254.1	3283511	3286039
460044at33208a	BLOB.OX387246.1	13971716	13979108
460518at33208a	BLOB.OX387248.1	5749066	5752337
461193at33208a	BLOB.OX387253.1	7926048	7931056
462897at33208a	BLOB.OX387247.1	1194345	1196008
463071at33208a	BLOB.OX387247.1	691991	699819
464204at33208a	BLOB.OX387255.1	3989222	4000358
464243at33208a	BLOB.OX387250.1	7880143	7882644
464286at33208a	BLOB.OX387259.1	560098	566576
464312at33208a	BLOB.OX387254.1	6664830	6669852
464987at33208a	BLOB.OX387246.1	983626	985322
465092at33208a	BLOB.OX387247.1	6007421	6011084
465401at33208a	BLOB.OX387247.1	13170893	13171804
465512at33208a	BLOB.OX387251.1	6297989	6301611
465703at33208a	BLOB.OX387248.1	590848	594275
465933at33208a	BLOB.OX387256.1	3226541	3230625
467106at33208a	BLOB.OX387260.1	7389458	7395392
467744at33208a	BLOB.OX387249.1	5347376	5348854
468248at33208a	BLOB.OX387252.1	5785637	5791916
468359at33208a	BLOB.OX387253.1	7222927	7228849
468631at33208a	BLOB.OX387250.1	4256641	4262623
468710at33208a	BLOB.OX387249.1	8250778	8253255
468757at33208a	BLOB.OX387254.1	9173127	9176824
470197at33208a	BLOB.OX387256.1	1076129	1080035
471608at33208a	BLOB.OX387257.1	6220280	6223305
472313at33208a	BLOB.OX387260.1	4490598	4495576
472352at33208a	BLOB.OX387247.1	2558788	2561201
473106at33208a	BLOB.OX387260.1	2137003	2147215
474144at33208a	BLOB.OX387257.1	4593986	4596020
474387at33208a	BLOB.OX387247.1	7713417	7716648
475826at33208a	BLOB.OX387248.1	10534772	10536875
476036at33208a	BLOB.OX387249.1	5689223	5691629
477052at33208a	BLOB.OX387255.1	8158938	8159906
477939at33208a	BLOB.OX387247.1	9353060	9355067
477998at33208a	BLOB.OX387247.1	5340597	5348789
478073at33208a	BLOB.OX387253.1	9414892	9417824
478984at33208a	BLOB.OX387253.1	8903334	8904488
480700at33208a	BLOB.OX387256.1	5048043	5049686
481557at33208a	BLOB.OX387246.1	11395922	11399968
482691at33208a	BLOB.OX387246.1	2967884	2971068
483489at33208a	BLOB.OX387248.1	7945120	7947066
485003at33208a	BLOB.OX387246.1	7854744	7856374
485696at33208a	BLOB.OX387256.1	1362250	1365399
486370at33208a	BLOB.OX387253.1	9289986	9294133
486743at33208a	BLOB.OX387255.1	9748046	9749990
486993at33208a	BLOB.OX387254.1	458889	463176
487987at33208a	BLOB.OX387248.1	1619618	1622454
488559at33208a	BLOB.OX387247.1	12011273	12013275
489359at33208a	BLOB.OX387246.1	10282035	10284419
489858at33208a	BLOB.OX387258.1	5941794	5944924
489997at33208a	BLOB.OX387247.1	338070	346138
490248at33208a	BLOB.OX387246.1	11091329	11093121
491252at33208a	BLOB.OX387262.1	235104	239010
491289at33208a	BLOB.OX387250.1	2791608	2798786
492033at33208a	BLOB.OX387246.1	1553923	1555729
493505at33208a	BLOB.OX387246.1	4874320	4876610
493913at33208a	BLOB.OX387254.1	2537956	2542505
494057at33208a	BLOB.OX387250.1	2160626	2162251
495100at33208a	BLOB.OX387258.1	4985451	4997125
495175at33208a	BLOB.OX387251.1	9479816	9481555
495207at33208a	BLOB.OX387246.1	2426089	2429752
495311at33208a	BLOB.OX387252.1	8910436	8912159
495389at33208a	BLOB.OX387248.1	8365996	8367408
495605at33208a	BLOB.OX387247.1	5305398	5307991
495802at33208a	BLOB.OX387252.1	3579012	3580535
495926at33208a	BLOB.OX387258.1	3692081	3698125
496219at33208a	BLOB.OX387256.1	8299436	8302373
498535at33208a	BLOB.OX387248.1	11422004	11424393
500261at33208a	BLOB.OX387262.1	3795649	3800082
500808at33208a	BLOB.OX387258.1	6201923	6209976
501396at33208a	BLOB.OX387262.1	5070647	5073454
501546at33208a	BLOB.OX387260.1	4626693	4628863
501788at33208a	BLOB.OX387248.1	6881728	6883002
502128at33208a	BLOB.OX387247.1	6363328	6366514
502429at33208a	BLOB.OX387251.1	9570461	9572408
502691at33208a	BLOB.OX387254.1	6074423	6076163
503333at33208a	BLOB.OX387258.1	8451709	8453315
503828at33208a	BLOB.OX387255.1	4671363	4679638
504207at33208a	BLOB.OX387249.1	7265446	7268200
504292at33208a	BLOB.OX387254.1	8699757	8703464
504691at33208a	BLOB.OX387251.1	6057302	6057930
504731at33208a	BLOB.OX387254.1	9860039	9862010
504912at33208a	BLOB.OX387246.1	373777	375188
505248at33208a	BLOB.OX387253.1	4966602	4967802
505718at33208a	BLOB.OX387262.1	1575042	1578161
508188at33208a	BLOB.OX387251.1	7055110	7056971
508379at33208a	BLOB.OX387253.1	8555644	8556567
508986at33208a	BLOB.OX387249.1	433667	436046
509494at33208a	BLOB.OX387256.1	6897714	6898869
509816at33208a	BLOB.OX387256.1	3252865	3255086
510174at33208a	BLOB.OX387254.1	1414448	1418272
510581at33208a	BLOB.OX387250.1	1822570	1825408
511272at33208a	BLOB.OX387250.1	1400225	1402343
511386at33208a	BLOB.OX387250.1	1200660	1206217
511575at33208a	BLOB.OX387248.1	11038309	11039897
511668at33208a	BLOB.OX387246.1	8949768	8951671
514296at33208a	BLOB.OX387249.1	5208585	5210000
514565at33208a	BLOB.OX387256.1	5603957	5606521
514675at33208a	BLOB.OX387246.1	9724739	9726128
514698at33208a	BLOB.OX387253.1	8984225	8986135
514727at33208a	BLOB.OX387248.1	12106502	12108725
514892at33208a	BLOB.OX387246.1	13675164	13677487
515377at33208a	BLOB.OX387246.1	5218320	5220673
515640at33208a	BLOB.OX387250.1	10296059	10297565
516078at33208a	BLOB.OX387256.1	340088	343443
516321at33208a	BLOB.OX387255.1	4400307	4401511
516481at33208a	BLOB.OX387249.1	548778	549862
516659at33208a	BLOB.OX387254.1	8498484	8501384
516716at33208a	BLOB.OX387252.1	2698290	2700239
517525at33208a	BLOB.OX387246.1	13454895	13458282
517686at33208a	BLOB.OX387251.1	5913792	5914655
518288at33208a	BLOB.OX387253.1	7889630	7896181
518569at33208a	BLOB.OX387247.1	7598149	7601660
519030at33208a	BLOB.OX387257.1	6660809	6663713
519303at33208a	BLOB.OX387252.1	10192537	10196834
519777at33208a	BLOB.OX387259.1	177057	180504
520011at33208a	BLOB.OX387246.1	709710	711996
521343at33208a	BLOB.OX387251.1	1004772	1005877
522886at33208a	BLOB.OX387248.1	11040546	11043432
522988at33208a	BLOB.OX387246.1	13405048	13406682
523206at33208a	BLOB.OX387248.1	13324349	13326821
523376at33208a	BLOB.OX387255.1	7653650	7656558
523534at33208a	BLOB.OX387255.1	4063949	4066722
524148at33208a	BLOB.OX387248.1	532529	537961
524165at33208a	BLOB.OX387255.1	9144155	9149347
524322at33208a	BLOB.OX387252.1	377707	380546
525888at33208a	BLOB.OX387246.1	9377302	9379169
526074at33208a	BLOB.OX387249.1	2725331	2726705
526487at33208a	BLOB.OX387251.1	9621398	9622116
526673at33208a	BLOB.OX387249.1	4178088	4181581
526839at33208a	BLOB.OX387246.1	2657332	2659378
528325at33208a	BLOB.OX387250.1	494948	496312
529093at33208a	BLOB.OX387256.1	870809	873778
529852at33208a	BLOB.OX387248.1	7596467	7597843
532406at33208a	BLOB.OX387246.1	3563798	3566136
532728at33208a	BLOB.OX387258.1	5916878	5919423
532930at33208a	BLOB.OX387253.1	9225812	9226858
533666at33208a	BLOB.OX387252.1	6665568	6669346
533690at33208a	BLOB.OX387253.1	7742660	7746014
534172at33208a	BLOB.OX387261.1	5224217	5229354
534206at33208a	BLOB.OX387249.1	11353618	11356199
534312at33208a	BLOB.OX387249.1	9788772	9790401
534808at33208a	BLOB.OX387256.1	7457079	7460901
535268at33208a	BLOB.OX387251.1	9908792	9911828
535524at33208a	BLOB.OX387248.1	12803116	12804127
535650at33208a	BLOB.OX387262.1	4886206	4887703
535782at33208a	BLOB.OX387254.1	1252146	1253373
535806at33208a	BLOB.OX387258.1	1550582	1554917
536251at33208a	BLOB.OX387254.1	2611443	2612490
537470at33208a	BLOB.OX387256.1	2092267	2093972
537548at33208a	BLOB.OX387247.1	7072765	7075665
537923at33208a	BLOB.OX387253.1	7873830	7875626
538442at33208a	BLOB.OX387248.1	2105799	2108046
539043at33208a	BLOB.OX387248.1	13303396	13304878
539215at33208a	BLOB.OX387249.1	10490139	10492626
539234at33208a	BLOB.OX387253.1	5059699	5061050
539360at33208a	BLOB.OX387248.1	11351255	11352017
539600at33208a	BLOB.OX387249.1	5120431	5122482
540193at33208a	BLOB.OX387259.1	4793711	4794898
541231at33208a	BLOB.OX387252.1	1308912	1310829
541260at33208a	BLOB.OX387249.1	9054805	9056058
543124at33208a	BLOB.OX387252.1	1666488	1673142
544546at33208a	BLOB.OX387255.1	8441945	8443733
544919at33208a	BLOB.OX387247.1	12006853	12010903
545063at33208a	BLOB.OX387256.1	1973033	1979001
545389at33208a	BLOB.OX387257.1	8783695	8784988
545641at33208a	BLOB.OX387260.1	5136719	5139297
545744at33208a	BLOB.OX387248.1	10639406	10640221
545889at33208a	BLOB.OX387252.1	8544701	8545972
546305at33208a	BLOB.OX387258.1	1739700	1744874
546751at33208a	BLOB.OX387251.1	6562845	6564239
547099at33208a	BLOB.OX387259.1	7302546	7305786
547341at33208a	BLOB.OX387254.1	892012	893809
547766at33208a	BLOB.OX387262.1	2828646	2837426
548327at33208a	BLOB.OX387258.1	4997486	4998382
548444at33208a	BLOB.OX387246.1	2152116	2154263
548732at33208a	BLOB.OX387250.1	7676108	7677865
551166at33208a	BLOB.OX387247.1	10377779	10378386
551620at33208a	BLOB.OX387253.1	9653457	9659150
551632at33208a	BLOB.OX387253.1	6581959	6585095
551831at33208a	BLOB.OX387248.1	12795517	12802736
552201at33208a	BLOB.OX387257.1	5076962	5080886
552359at33208a	BLOB.OX387246.1	11570231	11571064
553411at33208a	BLOB.OX387248.1	2034282	2037045
553585at33208a	BLOB.OX387248.1	8437766	8440706
554010at33208a	BLOB.OX387253.1	9552606	9556160
554815at33208a	BLOB.OX387254.1	6144055	6146709
555162at33208a	BLOB.OX387254.1	714131	717648
555390at33208a	BLOB.OX387248.1	6969943	6970875
555538at33208a	BLOB.OX387250.1	1341757	1342344
556039at33208a	BLOB.OX387250.1	6185279	6186164
556189at33208a	BLOB.OX387256.1	2463292	2464539
556337at33208a	BLOB.OX387247.1	11682508	11683704
556510at33208a	BLOB.OX387249.1	983684	986108
556587at33208a	BLOB.OX387249.1	9156665	9157550
556750at33208a	BLOB.OX387247.1	12024547	12025821
556925at33208a	BLOB.OX387249.1	6688180	6692517
557292at33208a	BLOB.OX387249.1	7156645	7158444
557596at33208a	BLOB.OX387261.1	4853895	4858762
557694at33208a	BLOB.OX387251.1	1564983	1567359
557962at33208a	BLOB.OX387247.1	7718432	7722402
558368at33208a	BLOB.OX387262.1	125339	128622
558385at33208a	BLOB.OX387253.1	1688121	1696064
558552at33208a	BLOB.OX387251.1	6420054	6420926
558791at33208a	BLOB.OX387252.1	6337097	6339107
558897at33208a	BLOB.OX387252.1	5726394	5728162
558933at33208a	BLOB.OX387251.1	9416143	9416817
559501at33208a	BLOB.OX387248.1	8156101	8159056
559576at33208a	BLOB.OX387247.1	4344292	4345813
559732at33208a	BLOB.OX387246.1	2328590	2329590
559883at33208a	BLOB.OX387253.1	5200922	5202541
560453at33208a	BLOB.OX387249.1	6411096	6412410
560584at33208a	BLOB.OX387252.1	2700798	2701533
560694at33208a	BLOB.OX387247.1	8553343	8556165
561248at33208a	BLOB.OX387250.1	6518953	6522326
561417at33208a	BLOB.OX387246.1	13775628	13777641
561688at33208a	BLOB.OX387254.1	8117950	8119946
561878at33208a	BLOB.OX387248.1	8895203	8897517
561943at33208a	BLOB.OX387261.1	5840855	5848383
562780at33208a	BLOB.OX387251.1	4980295	4986340
563084at33208a	BLOB.OX387247.1	7264877	7265530
563358at33208a	BLOB.OX387252.1	7802164	7804617
563359at33208a	BLOB.OX387248.1	4736740	4742782
563679at33208a	BLOB.OX387247.1	2542202	2542839
563832at33208a	BLOB.OX387253.1	7210781	7211534
564234at33208a	BLOB.OX387251.1	7852883	7854017
564286at33208a	BLOB.OX387254.1	6657499	6659243
565053at33208a	BLOB.OX387248.1	10511145	10513583
566026at33208a	BLOB.OX387250.1	10267336	10270630
566116at33208a	BLOB.OX387254.1	5717645	5719570
566262at33208a	BLOB.OX387248.1	221389	222043
566447at33208a	BLOB.OX387259.1	525105	527545
566527at33208a	BLOB.OX387248.1	5353916	5355661
566916at33208a	BLOB.OX387246.1	713410	714618
567650at33208a	BLOB.OX387246.1	6790272	6792425
567750at33208a	BLOB.OX387253.1	4701891	4704115
567809at33208a	BLOB.OX387249.1	6224078	6225433
568022at33208a	BLOB.OX387250.1	7540600	7542366
568170at33208a	BLOB.OX387250.1	2281097	2283532
568839at33208a	BLOB.OX387256.1	6793725	6795167
568949at33208a	BLOB.OX387257.1	8543412	8546040
569294at33208a	BLOB.OX387253.1	6142576	6143679
569303at33208a	BLOB.OX387252.1	7255365	7257670
569812at33208a	BLOB.OX387249.1	6567761	6570662
569878at33208a	BLOB.OX387247.1	6088343	6091209
570262at33208a	BLOB.OX387246.1	10131892	10134427
570717at33208a	BLOB.OX387254.1	5882890	5884780
571149at33208a	BLOB.OX387249.1	12386221	12387364
571944at33208a	BLOB.OX387254.1	7484736	7486368
572074at33208a	BLOB.OX387254.1	6784088	6785297
572434at33208a	BLOB.OX387260.1	4189048	4193686
572463at33208a	BLOB.OX387254.1	4956267	4961593
572754at33208a	BLOB.OX387251.1	6361380	6361938
572845at33208a	BLOB.OX387246.1	6757860	6759014
573203at33208a	BLOB.OX387254.1	208862	214291
573237at33208a	BLOB.OX387262.1	3656480	3662628
573313at33208a	BLOB.OX387248.1	4483398	4488297
574311at33208a	BLOB.OX387251.1	6480910	6482026
575360at33208a	BLOB.OX387254.1	8789155	8791198
576633at33208a	BLOB.OX387258.1	1391136	1394886
576938at33208a	BLOB.OX387246.1	11041475	11042685
576997at33208a	BLOB.OX387247.1	4047335	4048342
577068at33208a	BLOB.OX387247.1	3254461	3255983
577929at33208a	BLOB.OX387248.1	7593635	7594697
578354at33208a	BLOB.OX387254.1	6942745	6943708
578582at33208a	BLOB.OX387255.1	8679809	8681485
578684at33208a	BLOB.OX387258.1	132714	138253
578726at33208a	BLOB.OX387260.1	5056005	5061638
578734at33208a	BLOB.OX387248.1	739723	743009
578959at33208a	BLOB.OX387255.1	4123379	4125235
580062at33208a	BLOB.OX387248.1	4993423	4995965
580288at33208a	BLOB.OX387250.1	8975173	8976277
580851at33208a	BLOB.OX387250.1	4539148	4540296
580896at33208a	BLOB.OX387254.1	7062391	7066874
581006at33208a	BLOB.OX387250.1	6657729	6659207
581475at33208a	BLOB.OX387247.1	2716579	2717438
581547at33208a	BLOB.OX387260.1	3495409	3499995
581621at33208a	BLOB.OX387246.1	13772792	13775151
581717at33208a	BLOB.OX387250.1	4483562	4489465
581779at33208a	BLOB.OX387254.1	7899057	7904040
582265at33208a	BLOB.OX387250.1	6824879	6827294
582341at33208a	BLOB.OX387248.1	7672201	7673069
582473at33208a	BLOB.OX387254.1	6929226	6930463
582951at33208a	BLOB.OX387258.1	216102	217500
583626at33208a	BLOB.OX387249.1	288589	289667
584023at33208a	BLOB.OX387246.1	9809172	9810853
584373at33208a	BLOB.OX387246.1	3219998	3221030
585078at33208a	BLOB.OX387262.1	3152562	3152954
585232at33208a	BLOB.OX387254.1	8120756	8122101
585305at33208a	BLOB.OX387249.1	7391182	7392034
585313at33208a	BLOB.OX387256.1	1796669	1799080
585656at33208a	BLOB.OX387252.1	3260555	3262562
585726at33208a	BLOB.OX387246.1	626006	627667
585809at33208a	BLOB.OX387248.1	5559041	5561176
586156at33208a	BLOB.OX387254.1	9207996	9208854
586310at33208a	BLOB.OX387248.1	6131756	6133019
586690at33208a	BLOB.OX387257.1	6223700	6225084
586719at33208a	BLOB.OX387247.1	3749604	3750629
587399at33208a	BLOB.OX387261.1	5741121	5744500
587407at33208a	BLOB.OX387247.1	8233230	8234984
587513at33208a	BLOB.OX387246.1	10233525	10239864
587688at33208a	BLOB.OX387247.1	1587832	1588353
587958at33208a	BLOB.OX387248.1	10027648	10028555
589901at33208a	BLOB.OX387246.1	12836351	12842272
590221at33208a	BLOB.OX387250.1	6773070	6773370
590416at33208a	BLOB.OX387253.1	10053919	10057263
590470at33208a	BLOB.OX387247.1	4137541	4138938
591316at33208a	BLOB.OX387256.1	8333796	8335179
591391at33208a	BLOB.OX387251.1	7136058	7137607
591498at33208a	BLOB.OX387253.1	7510250	7512488
592087at33208a	BLOB.OX387246.1	3135231	3137469
592094at33208a	BLOB.OX387251.1	2666946	2669971
592872at33208a	BLOB.OX387248.1	11478791	11479953
594172at33208a	BLOB.OX387250.1	6209046	6209893
594271at33208a	BLOB.OX387250.1	10413493	10414820
594842at33208a	BLOB.OX387247.1	7247674	7248643
596131at33208a	BLOB.OX387246.1	9507320	9507901
596973at33208a	BLOB.OX387246.1	13279124	13280580
597816at33208a	BLOB.OX387254.1	9204227	9205547
598405at33208a	BLOB.OX387248.1	12522115	12523362
598944at33208a	BLOB.OX387250.1	5576546	5586114
599320at33208a	BLOB.OX387260.1	2188065	2190633
600462at33208a	BLOB.OX387250.1	1309773	1310704
600823at33208a	BLOB.OX387253.1	9697870	9701075
601242at33208a	BLOB.OX387260.1	3942504	3943580
601650at33208a	BLOB.OX387247.1	2549967	2551062
601768at33208a	BLOB.OX387246.1	1153395	1155361
601967at33208a	BLOB.OX387260.1	5746237	5747333
602148at33208a	BLOB.OX387246.1	10285785	10286861
603239at33208a	BLOB.OX387246.1	1874834	1875702
603370at33208a	BLOB.OX387247.1	5337874	5338919
603609at33208a	BLOB.OX387247.1	3575086	3575990
603673at33208a	BLOB.OX387249.1	7674026	7674983
604211at33208a	BLOB.OX387262.1	814467	817606
604943at33208a	BLOB.OX387259.1	2745683	2747590
605189at33208a	BLOB.OX387260.1	4721940	4722650
606048at33208a	BLOB.OX387250.1	9466877	9468268
606539at33208a	BLOB.OX387256.1	7368867	7370288
606748at33208a	BLOB.OX387248.1	13289158	13290410
606776at33208a	BLOB.OX387251.1	6191708	6192034
606795at33208a	BLOB.OX387260.1	906878	909267
606958at33208a	BLOB.OX387257.1	1700085	1702853
607862at33208a	BLOB.OX387251.1	7057070	7058046
608074at33208a	BLOB.OX387256.1	6196209	6197466
608869at33208a	BLOB.OX387248.1	3934158	3935801
608924at33208a	BLOB.OX387254.1	1251062	1251963
609899at33208a	BLOB.OX387253.1	5530502	5531507
610427at33208a	BLOB.OX387252.1	2016224	2017181
610541at33208a	BLOB.OX387251.1	864412	868194
611258at33208a	BLOB.OX387251.1	9731552	9733350
611279at33208a	BLOB.OX387247.1	12018391	12020602
611373at33208a	BLOB.OX387248.1	3633934	3634522
611891at33208a	BLOB.OX387246.1	712106	713001
612760at33208a	BLOB.OX387249.1	9121922	9122691
612825at33208a	BLOB.OX387247.1	3512459	3514297
613522at33208a	BLOB.OX387247.1	8933390	8935376
613580at33208a	BLOB.OX387253.1	6429973	6435648
613851at33208a	BLOB.OX387258.1	7627981	7629016
614305at33208a	BLOB.OX387250.1	5408491	5412222
615531at33208a	BLOB.OX387259.1	6510643	6512275
615585at33208a	BLOB.OX387249.1	10428714	10430385
615840at33208a	BLOB.OX387259.1	4514960	4517838
616149at33208a	BLOB.OX387254.1	6818059	6819075
616613at33208a	BLOB.OX387256.1	6028156	6029584
616716at33208a	BLOB.OX387261.1	6226317	6228554
617020at33208a	BLOB.OX387250.1	168423	170421
617441at33208a	BLOB.OX387248.1	6899454	6900369
617522at33208a	BLOB.OX387260.1	448535	449911
618421at33208a	BLOB.OX387258.1	1546289	1548768
618516at33208a	BLOB.OX387250.1	3544912	3547086
619250at33208a	BLOB.OX387255.1	943934	948992
619326at33208a	BLOB.OX387255.1	3386422	3387689
620546at33208a	BLOB.OX387249.1	5002334	5004797
620753at33208a	BLOB.OX387258.1	3497425	3498880
621585at33208a	BLOB.OX387260.1	3274613	3275425
621808at33208a	BLOB.OX387256.1	1534627	1535488
622156at33208a	BLOB.OX387253.1	3224094	3225582
622172at33208a	BLOB.OX387254.1	717877	718641
622270at33208a	BLOB.OX387248.1	2665250	2665856
622461at33208a	BLOB.OX387246.1	5898873	5899692
622560at33208a	BLOB.OX387257.1	917518	918856
623138at33208a	BLOB.OX387247.1	12102270	12104039
623324at33208a	BLOB.OX387256.1	1314986	1316516
623444at33208a	BLOB.OX387259.1	3099253	3100186
623995at33208a	BLOB.OX387255.1	8821649	8821882
625077at33208a	BLOB.OX387257.1	8868136	8869222
625091at33208a	BLOB.OX387260.1	2177540	2178570
628247at33208a	BLOB.OX387251.1	10535669	10536450
629763at33208a	BLOB.OX387251.1	10087289	10087848
630073at33208a	BLOB.OX387250.1	6266854	6267504
631107at33208a	BLOB.OX387249.1	1723903	1724264
631173at33208a	BLOB.OX387255.1	2027782	2028451
631196at33208a	BLOB.OX387254.1	648829	650117
631662at33208a	BLOB.OX387255.1	3896032	3897025
631767at33208a	BLOB.OX387247.1	2855366	2856568
632234at33208a	BLOB.OX387247.1	4249242	4249903
632472at33208a	BLOB.OX387248.1	477619	478728
633282at33208a	BLOB.OX387249.1	11076700	11077335
633619at33208a	BLOB.OX387256.1	7208119	7209318
634446at33208a	BLOB.OX387252.1	5728499	5729565
634447at33208a	BLOB.OX387255.1	5858347	5859137
636041at33208a	BLOB.OX387255.1	8440904	8441699
636070at33208a	BLOB.OX387260.1	5804160	5804842
636300at33208a	BLOB.OX387259.1	3612004	3613002
636423at33208a	BLOB.OX387252.1	6233104	6234206
637971at33208a	BLOB.OX387253.1	5298014	5298839
638541at33208a	BLOB.OX387251.1	1827800	1828580
639252at33208a	BLOB.OX387252.1	6547513	6549701
640349at33208a	BLOB.OX387246.1	3240525	3241029
641257at33208a	BLOB.OX387246.1	8373998	8374728
642323at33208a	BLOB.OX387249.1	7196311	7197154
642552at33208a	BLOB.OX387250.1	10183053	10183858
642773at33208a	BLOB.OX387252.1	381943	383179
643380at33208a	BLOB.OX387249.1	547685	548471
643883at33208a	BLOB.OX387253.1	848270	848956
643954at33208a	BLOB.OX387255.1	7994617	7996452
644034at33208a	BLOB.OX387247.1	3545300	3547120
648300at33208a	BLOB.OX387255.1	7284867	7286550
649979at33208a	BLOB.OX387250.1	5499265	5500060
