5951at33208a	DELA.SUPER_29	24693501	24729082
9639at33208a	DELA.SUPER_22	5808742	5865672
14776at33208a	DELA.SUPER_17	25834982	25901707
45934at33208a	DELA.SUPER_3	18966801	19105010
49474at33208a	DELA.SUPER_7	11621306	11678350
56573at33208a	DELA.SUPER_2	64546754	64579881
57158at33208a	DELA.SUPER_20	2994221	3035197
63697at33208a	DELA.SUPER_23	2878749	2909650
65302at33208a	DELA.SUPER_3	45589177	45631874
66018at33208a	DELA.SUPER_30	2496220	2555878
75406at33208a	DELA.SUPER_1	5746492	5778810
84980at33208a	DELA.SUPER_26	323837	340814
88053at33208a	DELA.SUPER_30	20814094	20860754
99614at33208a	DELA.SUPER_17	30717462	30756494
99987at33208a	DELA.SUPER_4	20391240	20423793
102804at33208a	DELA.SUPER_25	24070915	24103104
103854at33208a	DELA.SUPER_22	20242380	20437163
107151at33208a	DELA.SUPER_24	1367543	1405498
107574at33208a	DELA.SUPER_7	45447359	45463182
108764at33208a	DELA.SUPER_7	46379385	46381940
111730at33208a	DELA.SUPER_26	11119846	11142157
114954at33208a	DELA.SUPER_9	40214403	40233521
115878at33208a	DELA.SUPER_33	6937163	6955277
119252at33208a	DELA.SUPER_2	15970898	15996491
119591at33208a	DELA.SUPER_27	7553957	7605127
121127at33208a	DELA.SUPER_12	4518868	4559684
123923at33208a	DELA.SUPER_11	40310708	40326083
124302at33208a	DELA.SUPER_7	27975963	28084145
127766at33208a	DELA.SUPER_29	17515008	17541293
129179at33208a	DELA.SUPER_29	2436981	2470352
130245at33208a	DELA.SUPER_13	27424885	27465648
130256at33208a	DELA.SUPER_30	3363038	3389642
131349at33208a	DELA.SUPER_15	31765947	31798184
131848at33208a	DELA.SUPER_8	27271998	27311943
132087at33208a	DELA.SUPER_3	49446991	49498869
134492at33208a	DELA.SUPER_7	14851437	14891747
135294at33208a	DELA.SUPER_8	2613471	2649564
137383at33208a	DELA.SUPER_31	2258990	2281941
139188at33208a	DELA.SUPER_8	6143919	6176202
143619at33208a	DELA.SUPER_23	24640909	24647011
143997at33208a	DELA.SUPER_20	25814081	25828589
146671at33208a	DELA.SUPER_18	12602096	12636046
148325at33208a	DELA.SUPER_33	17606449	17624346
152327at33208a	DELA.SUPER_18	13620913	13655717
152977at33208a	DELA.SUPER_17	20671171	20688603
153034at33208a	DELA.SUPER_29	16180058	16212214
157109at33208a	DELA.SUPER_7	49114020	49133141
158845at33208a	DELA.SUPER_26	11187125	11224185
162821at33208a	DELA.SUPER_9	30738413	30743916
164767at33208a	DELA.SUPER_10	14844990	14880843
166097at33208a	DELA.SUPER_8	19099088	19124840
168850at33208a	DELA.SUPER_16	31978523	32004756
168924at33208a	DELA.SUPER_31	3227897	3246614
169864at33208a	DELA.SUPER_11	28510281	28548464
176247at33208a	DELA.SUPER_5	41432240	41464052
177718at33208a	DELA.SUPER_12	30483895	30485736
177858at33208a	DELA.SUPER_2	58046623	58138926
178537at33208a	DELA.SUPER_17	24590561	24619537
179485at33208a	DELA.SUPER_23	5083708	5100072
180808at33208a	DELA.SUPER_23	16535876	16594500
182834at33208a	DELA.SUPER_6	49126053	49128440
184508at33208a	DELA.SUPER_1	27298393	27324017
184717at33208a	DELA.SUPER_16	25289572	25311095
186208at33208a	DELA.SUPER_20	14266307	14324006
186707at33208a	DELA.SUPER_21	12997628	13067853
187280at33208a	DELA.SUPER_29	20313623	20347211
189414at33208a	DELA.SUPER_23	1356557	1371195
190726at33208a	DELA.SUPER_21	13160712	13188599
191938at33208a	DELA.SUPER_29	15481980	15545946
192250at33208a	DELA.SUPER_31	18218319	18242919
194754at33208a	DELA.SUPER_2	10544974	10579368
195986at33208a	DELA.SUPER_7	21614439	21627748
197549at33208a	DELA.SUPER_7	6125326	6156330
197652at33208a	DELA.SUPER_19	25294871	25307975
200997at33208a	DELA.SUPER_31	22614230	22629097
201397at33208a	DELA.SUPER_1	28740943	28778933
202545at33208a	DELA.SUPER_14	4010040	4029658
203128at33208a	DELA.SUPER_3	51243123	51268015
205220at33208a	DELA.SUPER_20	14177371	14262812
206786at33208a	DELA.SUPER_5	54665521	54692499
206858at33208a	DELA.SUPER_14	33500583	33541753
207599at33208a	DELA.SUPER_6	44014984	44024704
208219at33208a	DELA.SUPER_10	7933683	7951639
210614at33208a	DELA.SUPER_29	24006792	24025178
214788at33208a	DELA.SUPER_13	35947790	35966619
215654at33208a	DELA.SUPER_12	31958760	31980678
216257at33208a	DELA.SUPER_15	27513477	27529288
216563at33208a	DELA.SUPER_17	2748908	2791012
219795at33208a	DELA.SUPER_19	9035358	9206368
222489at33208a	DELA.SUPER_16	19105256	19141486
223234at33208a	DELA.SUPER_28	490879	500963
224280at33208a	DELA.SUPER_5	22900154	22924501
226335at33208a	DELA.SUPER_20	24138197	24150822
226941at33208a	DELA.SUPER_15	5396726	5416695
227087at33208a	DELA.SUPER_23	4452669	4487694
227453at33208a	DELA.SUPER_2	13529337	13540615
227979at33208a	DELA.SUPER_6	39280962	39319983
231157at33208a	DELA.SUPER_13	6542642	6569095
231700at33208a	DELA.SUPER_5	27701299	27731799
235149at33208a	DELA.SUPER_29	16599695	16641747
235430at33208a	DELA.SUPER_4	53662783	53703329
235458at33208a	DELA.SUPER_11	30189605	30202228
239016at33208a	DELA.SUPER_18	4404965	4426479
239149at33208a	DELA.SUPER_1	4516128	4530083
239597at33208a	DELA.SUPER_6	9431993	9457288
240437at33208a	DELA.SUPER_30	21505831	21524319
244863at33208a	DELA.SUPER_12	10951373	11322985
245482at33208a	DELA.SUPER_1	12784054	12811568
245567at33208a	DELA.SUPER_4	23009316	23042066
246241at33208a	DELA.SUPER_28	25262602	25276927
247183at33208a	DELA.SUPER_3	38653690	38692358
247905at33208a	DELA.SUPER_8	12636188	12653102
251076at33208a	DELA.SUPER_27	921654	934877
251577at33208a	DELA.SUPER_3	26564217	26576668
255117at33208a	DELA.SUPER_13	36700659	36732358
255242at33208a	DELA.SUPER_5	26789405	26806485
257339at33208a	DELA.SUPER_31	20159750	20185049
260752at33208a	DELA.SUPER_27	4987589	5008654
261284at33208a	DELA.SUPER_22	8671829	8697523
261614at33208a	DELA.SUPER_2	13296640	13321384
262757at33208a	DELA.SUPER_5	54912901	54914736
266460at33208a	DELA.SUPER_3	37316502	37330544
266808at33208a	DELA.SUPER_10	7395165	7412850
267439at33208a	DELA.SUPER_4	12099021	12110081
268134at33208a	DELA.SUPER_3	672766	705467
268397at33208a	DELA.SUPER_15	49225	95339
270594at33208a	DELA.SUPER_3	44641260	44676940
271297at33208a	DELA.SUPER_29	23676485	23683127
271742at33208a	DELA.SUPER_1	12037528	12055890
272605at33208a	DELA.SUPER_4	21605489	21608187
273040at33208a	DELA.SUPER_9	1334352	1352560
273367at33208a	DELA.SUPER_20	24904657	24919460
273989at33208a	DELA.SUPER_25	16525420	16551143
274044at33208a	DELA.SUPER_12	26965293	26985660
274064at33208a	DELA.SUPER_25	14905333	14928668
274769at33208a	DELA.SUPER_16	2397492	2414578
277935at33208a	DELA.SUPER_9	24377768	24407672
278227at33208a	DELA.SUPER_8	46061980	46094584
279992at33208a	DELA.SUPER_25	18390834	18419418
280914at33208a	DELA.SUPER_4	13358834	13410178
281304at33208a	DELA.SUPER_16	277887	284609
281693at33208a	DELA.SUPER_17	6041742	6097461
283637at33208a	DELA.SUPER_11	18947933	18965853
284059at33208a	DELA.SUPER_5	7045223	7066015
285146at33208a	DELA.SUPER_33	13554342	13581206
285902at33208a	DELA.SUPER_16	32900550	32909152
285966at33208a	DELA.SUPER_11	275920	277755
286553at33208a	DELA.SUPER_22	10614910	10627651
289235at33208a	DELA.SUPER_16	21373609	21383754
291505at33208a	DELA.SUPER_1	77988151	78016729
291875at33208a	DELA.SUPER_9	24752739	24773645
295775at33208a	DELA.SUPER_20	22489334	22500264
301572at33208a	DELA.SUPER_8	5054501	5072398
302186at33208a	DELA.SUPER_16	387639	419623
302279at33208a	DELA.SUPER_9	21144285	21163801
302921at33208a	DELA.SUPER_4	16874923	16881582
303117at33208a	DELA.SUPER_28	20971775	20993880
304388at33208a	DELA.SUPER_23	587219	588724
305260at33208a	DELA.SUPER_26	7074224	7090568
306101at33208a	DELA.SUPER_11	2262693	2278665
307109at33208a	DELA.SUPER_28	2533655	2547168
308610at33208a	DELA.SUPER_23	26973230	26992479
311438at33208a	DELA.SUPER_21	14461865	14520821
311758at33208a	DELA.SUPER_3	40804022	40824375
311761at33208a	DELA.SUPER_6	53357754	53386092
312577at33208a	DELA.SUPER_2	10502359	10514777
313091at33208a	DELA.SUPER_1	73358061	73371157
315044at33208a	DELA.SUPER_19	27453507	27464277
315393at33208a	DELA.SUPER_31	382050	393640
317470at33208a	DELA.SUPER_16	18996579	19044739
318532at33208a	DELA.SUPER_1	13734990	13760070
319574at33208a	DELA.SUPER_18	8978714	8993815
320390at33208a	DELA.SUPER_6	53002654	53039223
321332at33208a	DELA.SUPER_26	5801168	5821483
323399at33208a	DELA.SUPER_10	15264385	15283833
323473at33208a	DELA.SUPER_22	109865	124293
325183at33208a	DELA.SUPER_17	25452173	25474143
327301at33208a	DELA.SUPER_2	43326482	43400765
331112at33208a	DELA.SUPER_6	25374141	25393081
331186at33208a	DELA.SUPER_14	20342321	20376278
333062at33208a	DELA.SUPER_4	12537192	12557247
333800at33208a	DELA.SUPER_26	7105842	7140743
334272at33208a	DELA.SUPER_3	1201577	1221578
334331at33208a	DELA.SUPER_14	31075740	31135549
334336at33208a	DELA.SUPER_8	2803745	2826146
334342at33208a	DELA.SUPER_5	26736309	26784450
334820at33208a	DELA.SUPER_16	26496566	26516584
338191at33208a	DELA.SUPER_11	2225722	2259872
338482at33208a	DELA.SUPER_32	17882309	17893820
339127at33208a	DELA.SUPER_31	6143203	6151851
339319at33208a	DELA.SUPER_18	14968420	14979066
340558at33208a	DELA.SUPER_4	12892733	12906345
340577at33208a	DELA.SUPER_33	17023550	17034811
344346at33208a	DELA.SUPER_7	17992356	18006538
344442at33208a	DELA.SUPER_8	36478379	36484761
344581at33208a	DELA.SUPER_26	5904287	5915220
344611at33208a	DELA.SUPER_5	15086932	15102758
345099at33208a	DELA.SUPER_4	38664686	38866532
345959at33208a	DELA.SUPER_28	13845915	13849890
347600at33208a	DELA.SUPER_32	15348149	15358384
348449at33208a	DELA.SUPER_7	21795222	21815990
348544at33208a	DELA.SUPER_1	50979704	51066163
348761at33208a	DELA.SUPER_31	8893015	8907426
349064at33208a	DELA.SUPER_12	30759545	30777647
351226at33208a	DELA.SUPER_22	6816703	6838264
352600at33208a	DELA.SUPER_9	3362892	3376764
352854at33208a	DELA.SUPER_23	3560522	3573053
353286at33208a	DELA.SUPER_23	1995184	2007613
353768at33208a	DELA.SUPER_10	18190489	18201886
354829at33208a	DELA.SUPER_5	23112828	23125266
354949at33208a	DELA.SUPER_10	18681113	18682438
355210at33208a	DELA.SUPER_25	4870411	4891204
355739at33208a	DELA.SUPER_28	6064448	6086516
356175at33208a	DELA.SUPER_28	22123571	22133972
356503at33208a	DELA.SUPER_19	5866078	5888578
357580at33208a	DELA.SUPER_13	34794956	34808693
359324at33208a	DELA.SUPER_5	14431149	14439755
359369at33208a	DELA.SUPER_17	4819880	4858712
359532at33208a	DELA.SUPER_19	23250896	23261772
360379at33208a	DELA.SUPER_29	13533966	13541561
360753at33208a	DELA.SUPER_7	11410274	11427881
361100at33208a	DELA.SUPER_1	66887228	66901154
361203at33208a	DELA.SUPER_1	52251250	52317624
361216at33208a	DELA.SUPER_6	54834505	54865583
363634at33208a	DELA.SUPER_31	9165284	9180314
363840at33208a	DELA.SUPER_13	39227604	39232187
363851at33208a	DELA.SUPER_4	13972370	14000224
364383at33208a	DELA.SUPER_25	24106706	24117181
364694at33208a	DELA.SUPER_2	54061720	54110559
365323at33208a	DELA.SUPER_8	44869656	44878987
365561at33208a	DELA.SUPER_29	24888563	24897100
366124at33208a	DELA.SUPER_4	47685427	47705793
366814at33208a	DELA.SUPER_2	45717156	45929422
366936at33208a	DELA.SUPER_33	4488577	4503379
367493at33208a	DELA.SUPER_14	1423701	1438673
367551at33208a	DELA.SUPER_16	216566	235151
367596at33208a	DELA.SUPER_15	14980131	14984408
367957at33208a	DELA.SUPER_25	21460326	21468484
368565at33208a	DELA.SUPER_14	21320700	21367539
368670at33208a	DELA.SUPER_4	16201442	16217849
368875at33208a	DELA.SUPER_32	17918537	17923145
371241at33208a	DELA.SUPER_22	7431532	7441632
371297at33208a	DELA.SUPER_28	2950952	2964278
371526at33208a	DELA.SUPER_27	25768700	25778041
372257at33208a	DELA.SUPER_9	16813475	16837987
372707at33208a	DELA.SUPER_6	51743683	51754248
373040at33208a	DELA.SUPER_8	44501820	44516396
376982at33208a	DELA.SUPER_10	8729772	8741904
378033at33208a	DELA.SUPER_8	42445324	42466237
378768at33208a	DELA.SUPER_10	30207522	30275246
378913at33208a	DELA.SUPER_27	7167790	7182287
379076at33208a	DELA.SUPER_9	10563928	10726377
379636at33208a	DELA.SUPER_1	5612971	5629777
379771at33208a	DELA.SUPER_21	18998868	19041425
380583at33208a	DELA.SUPER_13	4234696	4242943
381303at33208a	DELA.SUPER_20	31013602	31027493
382000at33208a	DELA.SUPER_6	24715266	24738613
382262at33208a	DELA.SUPER_16	30884270	30902636
382750at33208a	DELA.SUPER_3	19112466	19156221
383313at33208a	DELA.SUPER_13	1797395	1806618
386666at33208a	DELA.SUPER_9	35961819	35970874
387079at33208a	DELA.SUPER_15	1380241	1387054
387117at33208a	DELA.SUPER_13	33965905	33969931
387878at33208a	DELA.SUPER_2	20740766	20761001
389367at33208a	DELA.SUPER_4	2351535	2365076
389527at33208a	DELA.SUPER_1	14146121	14179931
389591at33208a	DELA.SUPER_15	32119383	32128188
390192at33208a	DELA.SUPER_28	13969325	13972125
391896at33208a	DELA.SUPER_4	36975860	37001146
393219at33208a	DELA.SUPER_27	5855577	5858875
393291at33208a	DELA.SUPER_27	987787	1015998
393419at33208a	DELA.SUPER_9	42449549	42485702
393895at33208a	DELA.SUPER_21	1786664	1800997
395147at33208a	DELA.SUPER_29	19351535	19362452
395183at33208a	DELA.SUPER_15	16914014	17003342
395556at33208a	DELA.SUPER_9	2886174	2887157
395919at33208a	DELA.SUPER_27	9651326	9696875
395948at33208a	DELA.SUPER_4	40115466	40361685
396237at33208a	DELA.SUPER_25	20714021	20724426
397019at33208a	DELA.SUPER_27	25656787	25666853
397659at33208a	DELA.SUPER_7	15933445	15949716
398013at33208a	DELA.SUPER_11	1644378	1658480
398202at33208a	DELA.SUPER_12	18158093	18183103
398607at33208a	DELA.SUPER_5	53272384	53298265
399092at33208a	DELA.SUPER_19	23721990	23736668
399439at33208a	DELA.SUPER_10	42575156	42592343
400042at33208a	DELA.SUPER_5	19612428	19623031
401196at33208a	DELA.SUPER_12	32889595	32907760
401220at33208a	DELA.SUPER_23	29538753	29555667
401679at33208a	DELA.SUPER_31	21385316	21402999
401779at33208a	DELA.SUPER_9	7849073	7869138
403171at33208a	DELA.SUPER_6	31060993	31080914
403817at33208a	DELA.SUPER_1	73338386	73345573
404988at33208a	DELA.SUPER_28	18207006	18210551
405257at33208a	DELA.SUPER_31	6693717	6706755
406927at33208a	DELA.SUPER_16	17795811	17841503
407472at33208a	DELA.SUPER_25	21798808	21814606
409006at33208a	DELA.SUPER_30	3210891	3220686
409186at33208a	DELA.SUPER_28	674757	692912
411515at33208a	DELA.SUPER_18	3221687	3232194
411664at33208a	DELA.SUPER_4	522177	541083
411755at33208a	DELA.SUPER_10	45519934	45534688
412370at33208a	DELA.SUPER_2	24569473	24583917
412542at33208a	DELA.SUPER_26	10216566	10227445
412930at33208a	DELA.SUPER_6	53504484	53513566
413334at33208a	DELA.SUPER_10	3782034	3790724
414001at33208a	DELA.SUPER_23	21771472	21808263
414571at33208a	DELA.SUPER_2	54515312	54645586
414579at33208a	DELA.SUPER_15	31062453	31073280
414603at33208a	DELA.SUPER_15	18461882	18506729
416175at33208a	DELA.SUPER_11	26735317	26743146
418979at33208a	DELA.SUPER_9	39763566	39778785
419502at33208a	DELA.SUPER_17	17423796	17449131
419914at33208a	DELA.SUPER_12	31986497	32000443
421396at33208a	DELA.SUPER_15	30598481	30611591
421685at33208a	DELA.SUPER_5	4410050	4416097
422158at33208a	DELA.SUPER_1	79984591	79993735
422751at33208a	DELA.SUPER_14	2789540	2798703
423799at33208a	DELA.SUPER_31	22207730	22213664
423848at33208a	DELA.SUPER_7	11597786	11606546
424392at33208a	DELA.SUPER_22	29032064	29048105
424646at33208a	DELA.SUPER_3	5678143	5703428
427349at33208a	DELA.SUPER_20	7047773	7073199
427789at33208a	DELA.SUPER_18	14379559	14397595
428202at33208a	DELA.SUPER_11	8286879	8348836
428754at33208a	DELA.SUPER_6	41382876	41409889
429011at33208a	DELA.SUPER_22	3977341	3981664
429274at33208a	DELA.SUPER_10	5016924	5019407
429751at33208a	DELA.SUPER_9	21020174	21045641
430701at33208a	DELA.SUPER_5	16524235	16542153
432050at33208a	DELA.SUPER_1	1277720	1287264
432155at33208a	DELA.SUPER_30	1284138	1288779
432287at33208a	DELA.SUPER_22	12335089	12336888
432522at33208a	DELA.SUPER_29	887091	898437
433216at33208a	DELA.SUPER_11	28196486	28209625
434068at33208a	DELA.SUPER_3	39570102	39592572
434863at33208a	DELA.SUPER_14	997085	1006466
435253at33208a	DELA.SUPER_19	32423541	32447133
435678at33208a	DELA.SUPER_14	2864296	2884326
435921at33208a	DELA.SUPER_13	3859711	3865320
435939at33208a	DELA.SUPER_13	34965964	34975811
436007at33208a	DELA.SUPER_8	17321883	17352032
436098at33208a	DELA.SUPER_1	37303232	37309803
436539at33208a	DELA.SUPER_2	62649586	62666548
437653at33208a	DELA.SUPER_12	3636750	3643257
438133at33208a	DELA.SUPER_10	41810162	41828038
438433at33208a	DELA.SUPER_25	22267560	22276815
438453at33208a	DELA.SUPER_6	12568925	12600288
439736at33208a	DELA.SUPER_30	1654471	1664725
440195at33208a	DELA.SUPER_21	7361533	7372807
440493at33208a	DELA.SUPER_28	3986328	4007726
441575at33208a	DELA.SUPER_28	8152429	8216865
442169at33208a	DELA.SUPER_3	39186840	39206675
442203at33208a	DELA.SUPER_10	38466926	38478245
443305at33208a	DELA.SUPER_10	5135530	5161039
443659at33208a	DELA.SUPER_10	36894032	36930083
443928at33208a	DELA.SUPER_25	122978	152159
444160at33208a	DELA.SUPER_7	21904501	21914869
444231at33208a	DELA.SUPER_6	32654547	32659519
445031at33208a	DELA.SUPER_5	8568198	8572552
445034at33208a	DELA.SUPER_18	412865	426733
446000at33208a	DELA.SUPER_18	5731399	5735848
446031at33208a	DELA.SUPER_33	9796000	9824363
447320at33208a	DELA.SUPER_31	295345	313446
447400at33208a	DELA.SUPER_10	43811758	43825105
448196at33208a	DELA.SUPER_3	33692148	33704336
448514at33208a	DELA.SUPER_8	16798853	16806645
449056at33208a	DELA.SUPER_5	27928727	27950975
449139at33208a	DELA.SUPER_19	27063246	27071966
449189at33208a	DELA.SUPER_6	3803547	3857442
450643at33208a	DELA.SUPER_1	17394128	17405690
450785at33208a	DELA.SUPER_1	44912303	45054306
451242at33208a	DELA.SUPER_15	33727910	33736625
451957at33208a	DELA.SUPER_13	38184604	38199730
452208at33208a	DELA.SUPER_8	45111958	45123043
452499at33208a	DELA.SUPER_25	20730187	20737611
452574at33208a	DELA.SUPER_3	31399901	31414023
453049at33208a	DELA.SUPER_26	10229823	10249123
453052at33208a	DELA.SUPER_26	13689854	13765449
453056at33208a	DELA.SUPER_5	5267971	5284339
453687at33208a	DELA.SUPER_5	45936328	46040045
454911at33208a	DELA.SUPER_8	11945314	11982076
455512at33208a	DELA.SUPER_5	8046894	8061473
455941at33208a	DELA.SUPER_17	7826591	8136498
457777at33208a	DELA.SUPER_3	9269114	9299058
458807at33208a	DELA.SUPER_12	39212448	39221340
458974at33208a	DELA.SUPER_7	33219772	33270089
458988at33208a	DELA.SUPER_25	20564571	20589583
459253at33208a	DELA.SUPER_17	6242243	6265385
460518at33208a	DELA.SUPER_4	4201378	4213935
461123at33208a	DELA.SUPER_32	16076718	16092598
461193at33208a	DELA.SUPER_30	9570972	9625975
462325at33208a	DELA.SUPER_3	42428212	42441233
462897at33208a	DELA.SUPER_1	22502052	22532166
463071at33208a	DELA.SUPER_24	28505453	28532835
464204at33208a	DELA.SUPER_17	33158284	33172023
464243at33208a	DELA.SUPER_31	1894026	1903857
464286at33208a	DELA.SUPER_26	19166702	19200406
464312at33208a	DELA.SUPER_17	29908662	29918962
464987at33208a	DELA.SUPER_11	20342659	20353347
465092at33208a	DELA.SUPER_29	19193687	19205860
465401at33208a	DELA.SUPER_6	5078217	5079185
465651at33208a	DELA.SUPER_4	5662853	5696242
465703at33208a	DELA.SUPER_14	33322094	33348400
465933at33208a	DELA.SUPER_2	12303936	12316809
466616at33208a	DELA.SUPER_16	1396197	1410892
466942at33208a	DELA.SUPER_11	11887737	12088231
467106at33208a	DELA.SUPER_26	26786331	26805877
467142at33208a	DELA.SUPER_25	24773291	24788564
468248at33208a	DELA.SUPER_2	31438668	31457730
468359at33208a	DELA.SUPER_16	2338749	2350660
468631at33208a	DELA.SUPER_23	8796603	8803080
468710at33208a	DELA.SUPER_12	38984090	38990537
468757at33208a	DELA.SUPER_21	22117198	22255119
469367at33208a	DELA.SUPER_32	15780666	15795147
470197at33208a	DELA.SUPER_4	44042411	44243364
470523at33208a	DELA.SUPER_18	4454573	4460951
471608at33208a	DELA.SUPER_4	12656965	12668812
471787at33208a	DELA.SUPER_26	1181038	1196972
472313at33208a	DELA.SUPER_26	1168591	1175911
472352at33208a	DELA.SUPER_6	52568640	52575747
473106at33208a	DELA.SUPER_17	22591448	22609146
474302at33208a	DELA.SUPER_5	15759528	15772899
474387at33208a	DELA.SUPER_22	9312075	9321881
475826at33208a	DELA.SUPER_2	2905035	2917175
476036at33208a	DELA.SUPER_7	8019461	8037616
477052at33208a	DELA.SUPER_2	25010537	25011604
477939at33208a	DELA.SUPER_1	62763959	62782794
478984at33208a	DELA.SUPER_28	23524615	23527837
480700at33208a	DELA.SUPER_2	7025965	7030868
480735at33208a	DELA.SUPER_32	5761413	5779199
481557at33208a	DELA.SUPER_16	1910450	1928393
482691at33208a	DELA.SUPER_19	32375650	32388802
483489at33208a	DELA.SUPER_1	4749952	4757632
485003at33208a	DELA.SUPER_11	37709300	37710112
485696at33208a	DELA.SUPER_24	2670461	2686248
486370at33208a	DELA.SUPER_28	5768480	5786870
486431at33208a	DELA.SUPER_1	75614355	75630702
486743at33208a	DELA.SUPER_21	31163452	31172886
486993at33208a	DELA.SUPER_4	21859979	21880743
487873at33208a	DELA.SUPER_13	33187045	33193768
487987at33208a	DELA.SUPER_2	19883593	19894869
488559at33208a	DELA.SUPER_3	57512946	57531008
488635at33208a	DELA.SUPER_21	8226443	8235767
489359at33208a	DELA.SUPER_27	8636365	8658289
489858at33208a	DELA.SUPER_19	32390005	32398300
489997at33208a	DELA.SUPER_16	2772856	2786282
490248at33208a	DELA.SUPER_27	13545550	13558295
491252at33208a	DELA.SUPER_13	23987836	24002909
491289at33208a	DELA.SUPER_1	49978438	50110730
492033at33208a	DELA.SUPER_27	876249	880980
493505at33208a	DELA.SUPER_11	30205935	30217421
493913at33208a	DELA.SUPER_9	21994258	22009838
494057at33208a	DELA.SUPER_6	39413594	39433143
495100at33208a	DELA.SUPER_12	17434835	17465083
495175at33208a	DELA.SUPER_22	8456339	8464989
495207at33208a	DELA.SUPER_27	25347375	25354051
495311at33208a	DELA.SUPER_20	29230157	29238960
495329at33208a	DELA.SUPER_8	5128974	5129621
495389at33208a	DELA.SUPER_13	39251368	39257541
495605at33208a	DELA.SUPER_13	7808183	7832336
495802at33208a	DELA.SUPER_33	13227736	13231649
495926at33208a	DELA.SUPER_27	20228756	20251128
496070at33208a	DELA.SUPER_33	14812631	14820934
496219at33208a	DELA.SUPER_4	54489687	54500763
498535at33208a	DELA.SUPER_15	21594307	21633277
500261at33208a	DELA.SUPER_5	12042804	12056705
500808at33208a	DELA.SUPER_9	30717722	30737066
501396at33208a	DELA.SUPER_21	4908830	4916585
501546at33208a	DELA.SUPER_12	32915623	32923234
501788at33208a	DELA.SUPER_8	11291947	11302165
502128at33208a	DELA.SUPER_7	22728725	22736038
502407at33208a	DELA.SUPER_9	25546661	25557000
502691at33208a	DELA.SUPER_16	29119933	29131964
503333at33208a	DELA.SUPER_27	1545949	1558460
503828at33208a	DELA.SUPER_17	7646173	7747575
504207at33208a	DELA.SUPER_28	18699721	18709082
504292at33208a	DELA.SUPER_16	9755690	9800897
504731at33208a	DELA.SUPER_21	24558188	24572936
504912at33208a	DELA.SUPER_11	31387600	31392955
505248at33208a	DELA.SUPER_28	13923785	13935193
505718at33208a	DELA.SUPER_23	625366	629578
508188at33208a	DELA.SUPER_11	23364204	23375162
508379at33208a	DELA.SUPER_27	25137046	25140595
508986at33208a	DELA.SUPER_12	35164744	35171342
509494at33208a	DELA.SUPER_15	34423826	34428910
509816at33208a	DELA.SUPER_4	50656794	50664176
510174at33208a	DELA.SUPER_12	2236447	2245489
510522at33208a	DELA.SUPER_32	15530075	15543984
510581at33208a	DELA.SUPER_3	13801772	13836112
511386at33208a	DELA.SUPER_3	45291215	45314811
511575at33208a	DELA.SUPER_15	23385552	23411115
511668at33208a	DELA.SUPER_11	294144	321346
514121at33208a	DELA.SUPER_12	36271864	36282204
514565at33208a	DELA.SUPER_15	36930908	36945074
514675at33208a	DELA.SUPER_3	30057197	30076118
514698at33208a	DELA.SUPER_30	1792234	1798100
514724at33208a	DELA.SUPER_23	24211446	24229490
514727at33208a	DELA.SUPER_14	21304904	21315764
514740at33208a	DELA.SUPER_2	63942488	63949440
514892at33208a	DELA.SUPER_9	23749647	23763853
515058at33208a	DELA.SUPER_9	4765831	4870278
515377at33208a	DELA.SUPER_13	37099391	37104154
515410at33208a	DELA.SUPER_6	4367748	4375807
515425at33208a	DELA.SUPER_16	2929658	2936371
515640at33208a	DELA.SUPER_29	21192060	21198047
516078at33208a	DELA.SUPER_2	10486239	10490259
516321at33208a	DELA.SUPER_25	1279285	1289805
516481at33208a	DELA.SUPER_3	416519	419978
516659at33208a	DELA.SUPER_17	15915467	15939084
516716at33208a	DELA.SUPER_3	38843668	38865008
517311at33208a	DELA.SUPER_32	1698796	1702360
517525at33208a	DELA.SUPER_19	24967284	24980022
517686at33208a	DELA.SUPER_1	62088093	62104572
518288at33208a	DELA.SUPER_28	3420169	3440250
518569at33208a	DELA.SUPER_8	15761576	15774119
518635at33208a	DELA.SUPER_3	31323761	31338262
519030at33208a	DELA.SUPER_4	27067392	27072150
519303at33208a	DELA.SUPER_33	15826520	15834132
520011at33208a	DELA.SUPER_16	31058297	31076064
521343at33208a	DELA.SUPER_10	2557057	2560669
522886at33208a	DELA.SUPER_5	25624876	25642839
522988at33208a	DELA.SUPER_19	29779538	29781412
523206at33208a	DELA.SUPER_2	19806795	19841103
523376at33208a	DELA.SUPER_1	81930991	81938981
523534at33208a	DELA.SUPER_33	17356991	17361331
524148at33208a	DELA.SUPER_13	24854099	24889479
524165at33208a	DELA.SUPER_17	6560655	6620222
524322at33208a	DELA.SUPER_20	23984732	23991070
525542at33208a	DELA.SUPER_10	15284305	15294427
525888at33208a	DELA.SUPER_19	4857395	4882420
526074at33208a	DELA.SUPER_25	15246054	15253910
526487at33208a	DELA.SUPER_14	17001466	17024346
526673at33208a	DELA.SUPER_31	21421082	21446836
526839at33208a	DELA.SUPER_11	628085	638265
527406at33208a	DELA.SUPER_25	715655	729859
528325at33208a	DELA.SUPER_29	24865881	24869204
529708at33208a	DELA.SUPER_18	4326104	4338612
529852at33208a	DELA.SUPER_2	7519276	7524600
530431at33208a	DELA.SUPER_22	14210791	14231408
532406at33208a	DELA.SUPER_27	24222661	24230054
532693at33208a	DELA.SUPER_31	22730023	22734737
532728at33208a	DELA.SUPER_9	33599115	33608451
532930at33208a	DELA.SUPER_30	1491908	1493467
533666at33208a	DELA.SUPER_33	2669397	2679231
533690at33208a	DELA.SUPER_33	7075227	7098192
534172at33208a	DELA.SUPER_10	11415727	11439364
534206at33208a	DELA.SUPER_25	21470530	21477198
534312at33208a	DELA.SUPER_31	6650495	6654326
534808at33208a	DELA.SUPER_10	23291002	23333520
535268at33208a	DELA.SUPER_6	31285117	31309443
535367at33208a	DELA.SUPER_17	33123813	33134459
535524at33208a	DELA.SUPER_6	27498085	27509427
535664at33208a	DELA.SUPER_2	20896976	20901541
535782at33208a	DELA.SUPER_18	16348764	16362781
535806at33208a	DELA.SUPER_9	21173052	21185356
536251at33208a	DELA.SUPER_6	45361811	45368704
537548at33208a	DELA.SUPER_3	46865135	46882388
537718at33208a	DELA.SUPER_33	17732983	17739909
537923at33208a	DELA.SUPER_33	3458269	3466940
538442at33208a	DELA.SUPER_15	31929112	31935455
539043at33208a	DELA.SUPER_18	16754837	16759688
539215at33208a	DELA.SUPER_7	801744	812249
539234at33208a	DELA.SUPER_5	40546567	40554438
539360at33208a	DELA.SUPER_25	25008857	25010515
539600at33208a	DELA.SUPER_4	30028947	30041292
540193at33208a	DELA.SUPER_7	18493366	18502986
541231at33208a	DELA.SUPER_14	8211361	8219436
541260at33208a	DELA.SUPER_7	25754631	25763451
541421at33208a	DELA.SUPER_16	2352108	2354417
543124at33208a	DELA.SUPER_9	41811641	41823562
543269at33208a	DELA.SUPER_10	14039219	14046730
544546at33208a	DELA.SUPER_33	12754719	12759502
544919at33208a	DELA.SUPER_21	3079202	3095858
545063at33208a	DELA.SUPER_7	9301027	9316216
545641at33208a	DELA.SUPER_17	27957844	27962470
545744at33208a	DELA.SUPER_9	29164510	29173445
545889at33208a	DELA.SUPER_9	25889634	25898532
546305at33208a	DELA.SUPER_20	23092966	23097317
546751at33208a	DELA.SUPER_16	22930643	22946515
547099at33208a	DELA.SUPER_23	7937264	7943844
547341at33208a	DELA.SUPER_9	29055672	29065359
547766at33208a	DELA.SUPER_23	163122	171792
548327at33208a	DELA.SUPER_17	25030569	25038860
548444at33208a	DELA.SUPER_19	28256561	28266850
548732at33208a	DELA.SUPER_14	25844696	25908171
549156at33208a	DELA.SUPER_12	34445887	34455004
549988at33208a	DELA.SUPER_17	3834503	3835399
551166at33208a	DELA.SUPER_8	47633101	47635806
551620at33208a	DELA.SUPER_28	2107758	2123051
551632at33208a	DELA.SUPER_29	117406	125321
551831at33208a	DELA.SUPER_15	24713899	24726527
552359at33208a	DELA.SUPER_19	3833471	3841413
552949at33208a	DELA.SUPER_19	23438504	23450679
553411at33208a	DELA.SUPER_18	12157047	12168147
553585at33208a	DELA.SUPER_8	11210174	11222382
554010at33208a	DELA.SUPER_5	31780560	31804614
554815at33208a	DELA.SUPER_29	6811755	6830167
555162at33208a	DELA.SUPER_21	12562815	12583353
555390at33208a	DELA.SUPER_6	21413980	21419869
555538at33208a	DELA.SUPER_1	17867606	17877681
556039at33208a	DELA.SUPER_2	19402143	19407009
556189at33208a	DELA.SUPER_9	3356384	3362075
556337at33208a	DELA.SUPER_3	45114069	45124741
556445at33208a	DELA.SUPER_13	38014315	38019278
556461at33208a	DELA.SUPER_2	23458311	23463506
556510at33208a	DELA.SUPER_18	19425030	19437234
556587at33208a	DELA.SUPER_31	22361172	22365425
556750at33208a	DELA.SUPER_1	2985935	2996839
556925at33208a	DELA.SUPER_4	18544963	18559583
557292at33208a	DELA.SUPER_7	13350610	13356558
557596at33208a	DELA.SUPER_5	2640342	2648599
557694at33208a	DELA.SUPER_12	8405391	8427591
557834at33208a	DELA.SUPER_4	20980585	21017819
557962at33208a	DELA.SUPER_16	4043407	4053004
558368at33208a	DELA.SUPER_13	31807230	31813394
558385at33208a	DELA.SUPER_30	14485903	14495181
558552at33208a	DELA.SUPER_28	1724354	1735624
558791at33208a	DELA.SUPER_20	25620547	25628275
558897at33208a	DELA.SUPER_33	15335844	15349630
558933at33208a	DELA.SUPER_12	4065983	4071184
559146at33208a	DELA.SUPER_19	28562472	28569912
559501at33208a	DELA.SUPER_15	35370744	35376095
559732at33208a	DELA.SUPER_13	1458290	1461375
559883at33208a	DELA.SUPER_5	52039928	52045592
560453at33208a	DELA.SUPER_12	37857709	37863268
560566at33208a	DELA.SUPER_2	18781560	18796887
560584at33208a	DELA.SUPER_33	17224628	17230260
560694at33208a	DELA.SUPER_10	3771570	3781062
561054at33208a	DELA.SUPER_11	39484575	39499391
561248at33208a	DELA.SUPER_5	27956485	27970875
561417at33208a	DELA.SUPER_28	22811365	22815102
561688at33208a	DELA.SUPER_18	9467842	9473806
561878at33208a	DELA.SUPER_3	41428499	41439885
561943at33208a	DELA.SUPER_16	2386375	2392201
563084at33208a	DELA.SUPER_13	23225895	23233576
563358at33208a	DELA.SUPER_20	27672347	27679763
563359at33208a	DELA.SUPER_2	8212566	8218699
563426at33208a	DELA.SUPER_10	21701299	21726100
563679at33208a	DELA.SUPER_30	25706226	25710850
563832at33208a	DELA.SUPER_29	16174204	16177416
564286at33208a	DELA.SUPER_32	4859763	4871198
565053at33208a	DELA.SUPER_30	1498626	1506117
566026at33208a	DELA.SUPER_29	21317466	21328224
566116at33208a	DELA.SUPER_17	28375799	28383359
566447at33208a	DELA.SUPER_32	19828041	19851091
566527at33208a	DELA.SUPER_2	6426295	6429834
566916at33208a	DELA.SUPER_16	31048928	31053257
567650at33208a	DELA.SUPER_29	22381947	22386664
567750at33208a	DELA.SUPER_30	20803931	20813275
567809at33208a	DELA.SUPER_7	41004758	41019038
568170at33208a	DELA.SUPER_1	21826228	21834908
568839at33208a	DELA.SUPER_15	34755912	34763560
568949at33208a	DELA.SUPER_22	2699893	2706511
569294at33208a	DELA.SUPER_18	33882555	33898969
569303at33208a	DELA.SUPER_20	19564581	19573461
569812at33208a	DELA.SUPER_5	53368837	53386828
569878at33208a	DELA.SUPER_6	12888320	12929799
570262at33208a	DELA.SUPER_11	23842889	23864744
570646at33208a	DELA.SUPER_8	44481502	44488921
570717at33208a	DELA.SUPER_24	23934789	23971519
571149at33208a	DELA.SUPER_25	23949262	23953014
571944at33208a	DELA.SUPER_10	16987362	17001191
572074at33208a	DELA.SUPER_29	3246727	3272097
572434at33208a	DELA.SUPER_10	40404328	40418607
572463at33208a	DELA.SUPER_12	29722428	29734406
572754at33208a	DELA.SUPER_9	15974569	15983020
572845at33208a	DELA.SUPER_13	1436799	1438356
573203at33208a	DELA.SUPER_21	21679676	21917209
573237at33208a	DELA.SUPER_3	48892363	48905300
573313at33208a	DELA.SUPER_15	27186582	27191899
574311at33208a	DELA.SUPER_22	1173426	1180190
575360at33208a	DELA.SUPER_1	2301223	2309731
576938at33208a	DELA.SUPER_19	24260702	24267460
576997at33208a	DELA.SUPER_21	6336215	6341126
577068at33208a	DELA.SUPER_22	10770922	10783173
577339at33208a	DELA.SUPER_2	24359771	24362884
577929at33208a	DELA.SUPER_6	23975791	23998590
578354at33208a	DELA.SUPER_21	3051324	3058417
578684at33208a	DELA.SUPER_9	41824760	41841671
578726at33208a	DELA.SUPER_16	2038180	2046186
578734at33208a	DELA.SUPER_21	6974633	6981016
578959at33208a	DELA.SUPER_33	13472209	13475747
579029at33208a	DELA.SUPER_7	18852175	18864563
580062at33208a	DELA.SUPER_5	20995593	21013762
580851at33208a	DELA.SUPER_29	21202642	21210901
581006at33208a	DELA.SUPER_4	4158797	4167155
581475at33208a	DELA.SUPER_10	15648620	15654605
581543at33208a	DELA.SUPER_1	68117738	68129125
581547at33208a	DELA.SUPER_5	11805358	11814213
581621at33208a	DELA.SUPER_7	2244064	2257118
581717at33208a	DELA.SUPER_15	8890948	8919969
581779at33208a	DELA.SUPER_7	41852151	41879958
582265at33208a	DELA.SUPER_3	53611256	53622128
582341at33208a	DELA.SUPER_14	11839554	11846837
582823at33208a	DELA.SUPER_10	6874138	6882520
582951at33208a	DELA.SUPER_9	29934617	29940822
584023at33208a	DELA.SUPER_11	27408376	27422185
584333at33208a	DELA.SUPER_14	2856307	2858280
584373at33208a	DELA.SUPER_19	21504437	21510365
585078at33208a	DELA.SUPER_32	2942424	2947603
585232at33208a	DELA.SUPER_18	9476095	9482221
585305at33208a	DELA.SUPER_5	13663289	13667449
585313at33208a	DELA.SUPER_23	20755967	20812723
585656at33208a	DELA.SUPER_1	79961176	79964926
585726at33208a	DELA.SUPER_13	27618144	27626387
585809at33208a	DELA.SUPER_8	20580413	20607584
586156at33208a	DELA.SUPER_18	16013923	16027374
586310at33208a	DELA.SUPER_8	1398188	1417878
586690at33208a	DELA.SUPER_3	39009862	39035543
586719at33208a	DELA.SUPER_18	21753024	21764584
587407at33208a	DELA.SUPER_1	29233735	29244510
587513at33208a	DELA.SUPER_19	31547566	31578190
587688at33208a	DELA.SUPER_17	25763799	25768148
589773at33208a	DELA.SUPER_1	68628622	68642191
589901at33208a	DELA.SUPER_11	29117692	29140870
590221at33208a	DELA.SUPER_3	23959603	23960073
590347at33208a	DELA.SUPER_25	20740913	20743359
590416at33208a	DELA.SUPER_5	52153468	52172408
590470at33208a	DELA.SUPER_1	81278373	81287819
591316at33208a	DELA.SUPER_15	29840810	29852776
591391at33208a	DELA.SUPER_10	5202803	5206651
591498at33208a	DELA.SUPER_5	52053763	52080306
592087at33208a	DELA.SUPER_13	37080863	37085626
592094at33208a	DELA.SUPER_3	53588884	53597749
592872at33208a	DELA.SUPER_15	28352186	28361400
594172at33208a	DELA.SUPER_8	45874547	45879864
594271at33208a	DELA.SUPER_8	28319079	28407025
594842at33208a	DELA.SUPER_3	41587315	41592118
594937at33208a	DELA.SUPER_19	23454638	23456636
595010at33208a	DELA.SUPER_8	47629798	47630850
595316at33208a	DELA.SUPER_17	28787839	28793886
595404at33208a	DELA.SUPER_14	36228389	36232592
596973at33208a	DELA.SUPER_19	23397478	23407397
597023at33208a	DELA.SUPER_28	3901491	3910173
597816at33208a	DELA.SUPER_16	20609906	20639355
598944at33208a	DELA.SUPER_11	1513574	1527274
599320at33208a	DELA.SUPER_12	31066349	31070614
600462at33208a	DELA.SUPER_29	24674684	24676511
600823at33208a	DELA.SUPER_15	12184	27404
601242at33208a	DELA.SUPER_6	28108702	28111208
601650at33208a	DELA.SUPER_6	52490508	52494854
601768at33208a	DELA.SUPER_22	6839312	7111351
601875at33208a	DELA.SUPER_6	14828503	14849349
601886at33208a	DELA.SUPER_23	8777891	8782114
601967at33208a	DELA.SUPER_26	6019820	6023493
602089at33208a	DELA.SUPER_13	23477116	23481003
602148at33208a	DELA.SUPER_3	23778112	23781378
602587at33208a	DELA.SUPER_1	81211229	81214287
603370at33208a	DELA.SUPER_22	805638	814438
603609at33208a	DELA.SUPER_13	2842576	2845649
603673at33208a	DELA.SUPER_7	13466233	13471199
604943at33208a	DELA.SUPER_5	6342173	6346106
605189at33208a	DELA.SUPER_26	1072726	1076323
606048at33208a	DELA.SUPER_29	24837609	24843430
606748at33208a	DELA.SUPER_2	63187629	63195062
606776at33208a	DELA.SUPER_10	2665283	2667184
606795at33208a	DELA.SUPER_26	4135786	4141686
606958at33208a	DELA.SUPER_27	3248256	3251363
607862at33208a	DELA.SUPER_32	1376712	1381372
608011at33208a	DELA.SUPER_14	8446557	8452318
608074at33208a	DELA.SUPER_17	26770244	26780521
608190at33208a	DELA.SUPER_13	29199015	29208029
608669at33208a	DELA.SUPER_20	29240657	29253728
608869at33208a	DELA.SUPER_2	9435937	9441751
608924at33208a	DELA.SUPER_18	16335640	16342447
609899at33208a	DELA.SUPER_8	41441745	41455515
610427at33208a	DELA.SUPER_28	2326790	2329642
610541at33208a	DELA.SUPER_25	18685941	18696737
611258at33208a	DELA.SUPER_8	40848445	40856408
611279at33208a	DELA.SUPER_3	53700253	53712339
611373at33208a	DELA.SUPER_30	23013275	23014476
611891at33208a	DELA.SUPER_29	24522518	24527424
612825at33208a	DELA.SUPER_6	38230940	38238264
613522at33208a	DELA.SUPER_6	38772695	38779871
613580at33208a	DELA.SUPER_29	2644515	2677777
613851at33208a	DELA.SUPER_27	23198633	23203602
614305at33208a	DELA.SUPER_5	8898835	8911351
615531at33208a	DELA.SUPER_23	5127537	5131716
615585at33208a	DELA.SUPER_14	6468286	6469863
615840at33208a	DELA.SUPER_32	2468013	2475061
616120at33208a	DELA.SUPER_10	18698260	18712272
616149at33208a	DELA.SUPER_6	47598398	47603812
616613at33208a	DELA.SUPER_14	19895470	19905249
616716at33208a	DELA.SUPER_5	50825531	50848219
617441at33208a	DELA.SUPER_15	19121760	19138739
617522at33208a	DELA.SUPER_17	21772473	21775324
617667at33208a	DELA.SUPER_3	50014325	50019820
618339at33208a	DELA.SUPER_7	24880734	24887922
618421at33208a	DELA.SUPER_20	28837432	28839086
618516at33208a	DELA.SUPER_5	28049133	28052592
618986at33208a	DELA.SUPER_6	35790837	35798981
619250at33208a	DELA.SUPER_21	8925274	8930764
619326at33208a	DELA.SUPER_24	19173256	19179455
619415at33208a	DELA.SUPER_11	27693911	27700882
620546at33208a	DELA.SUPER_4	16752848	16755972
620753at33208a	DELA.SUPER_11	26234162	26239181
621585at33208a	DELA.SUPER_26	2588062	2591952
621808at33208a	DELA.SUPER_4	27200872	27208251
622156at33208a	DELA.SUPER_5	20565437	20570850
622172at33208a	DELA.SUPER_21	20262112	20262969
622270at33208a	DELA.SUPER_2	13289084	13291598
623138at33208a	DELA.SUPER_8	14253571	14260514
623444at33208a	DELA.SUPER_5	7667907	7672302
623995at33208a	DELA.SUPER_9	2987651	2993769
625077at33208a	DELA.SUPER_27	6668125	6675912
625091at33208a	DELA.SUPER_12	31171396	31174998
625769at33208a	DELA.SUPER_23	673998	678393
628082at33208a	DELA.SUPER_30	1974581	1980473
628231at33208a	DELA.SUPER_19	3381432	3399520
628247at33208a	DELA.SUPER_31	5926318	5931313
629763at33208a	DELA.SUPER_8	47409976	47415311
631107at33208a	DELA.SUPER_17	8769837	8980905
631173at33208a	DELA.SUPER_1	16782233	16787120
631196at33208a	DELA.SUPER_12	36034987	36040712
631767at33208a	DELA.SUPER_8	36984653	36991196
631798at33208a	DELA.SUPER_6	38760753	38771253
631811at33208a	DELA.SUPER_26	10006213	10014290
632234at33208a	DELA.SUPER_19	23127423	23130349
632472at33208a	DELA.SUPER_6	22016739	22023262
632566at33208a	DELA.SUPER_9	7134023	7141208
633007at33208a	DELA.SUPER_10	18878653	18888584
633282at33208a	DELA.SUPER_14	4214426	4215700
633619at33208a	DELA.SUPER_2	4370314	4380056
634446at33208a	DELA.SUPER_33	13169192	13173229
634447at33208a	DELA.SUPER_13	20030541	20041319
636041at33208a	DELA.SUPER_1	15616819	15624498
636070at33208a	DELA.SUPER_25	1452890	1455050
636300at33208a	DELA.SUPER_4	2241139	2253207
636423at33208a	DELA.SUPER_2	35934865	35942127
637971at33208a	DELA.SUPER_29	16759901	16769970
638541at33208a	DELA.SUPER_31	8452262	8462551
639252at33208a	DELA.SUPER_20	24208256	24211205
640187at33208a	DELA.SUPER_14	37273700	37293528
640349at33208a	DELA.SUPER_27	4291114	4292284
641073at33208a	DELA.SUPER_3	1124033	1143610
641257at33208a	DELA.SUPER_11	31774272	31777297
642323at33208a	DELA.SUPER_7	25983864	25990807
642552at33208a	DELA.SUPER_25	25641090	25644824
642773at33208a	DELA.SUPER_33	1744729	1749661
643380at33208a	DELA.SUPER_5	2527152	2534375
643883at33208a	DELA.SUPER_25	23355493	23359238
643954at33208a	DELA.SUPER_20	29669377	29673035
644034at33208a	DELA.SUPER_22	3801697	3807956
648300at33208a	DELA.SUPER_2	1334319	1342614
649979at33208a	DELA.SUPER_28	21251594	21256661
