5951at33208a	HMAN.Chr4	13683537	13692237
9639at33208a	HMAN.Chr5	5326778	5347470
13816at33208a	HMAN.Chr13	2494494	2514276
16244at33208a	HMAN.Chr1	13298759	13321863
40200at33208a	HMAN.Chr1	2347072	2353122
45934at33208a	HMAN.Chr5	7085053	7094655
49474at33208a	HMAN.Chr8	6268091	6282663
50756at33208a	HMAN.Chr1	2665408	2673770
56573at33208a	HMAN.Chr8	4926849	4933305
57158at33208a	HMAN.Chr4	3499117	3503914
64435at33208a	HMAN.Chr1	13488282	13495594
65302at33208a	HMAN.Chr11	7181832	7193968
66018at33208a	HMAN.Chr9	1774091	1781929
76852at33208a	HMAN.Chr12	6364855	6375640
84980at33208a	HMAN.Chr2	5495089	5498907
88053at33208a	HMAN.Chr2	5327770	5334894
92367at33208a	HMAN.Chr13	2146658	2156136
99614at33208a	HMAN.Chr13	3273949	3288245
99987at33208a	HMAN.Chr3	5129867	5134333
102804at33208a	HMAN.Chr9	5034578	5042080
103854at33208a	HMAN.Chr5	9323509	9333296
107151at33208a	HMAN.Chr11	7849229	7859505
107574at33208a	HMAN.Chr5	6587768	6595000
108764at33208a	HMAN.Chr7	2066124	2068400
111730at33208a	HMAN.Chr2	3591344	3598506
114954at33208a	HMAN.Chr4	1382905	1387696
115878at33208a	HMAN.Chr13	4267270	4274291
118209at33208a	HMAN.Chr3	6519225	6525177
119252at33208a	HMAN.Chr4	3785599	3788367
119591at33208a	HMAN.Chr1	12147083	12155377
123923at33208a	HMAN.Chr12	8351211	8352849
124302at33208a	HMAN.Chr8	8448502	8457802
127766at33208a	HMAN.Chr2	1388067	1397410
129179at33208a	HMAN.Chr11	1326173	1336155
130245at33208a	HMAN.Chr4	1086594	1136347
130256at33208a	HMAN.Chr2	9463332	9467653
131349at33208a	HMAN.Chr11	3791648	3807478
131848at33208a	HMAN.Chr7	1934245	1941501
132087at33208a	HMAN.Chr5	2470626	2480479
134492at33208a	HMAN.Chr8	3072228	3102395
135294at33208a	HMAN.Chr11	6198895	6206278
137383at33208a	HMAN.Chr4	3664402	3670647
139188at33208a	HMAN.Chr6	9320631	9327608
143619at33208a	HMAN.Chr1	7895082	7896839
143997at33208a	HMAN.Chr3	8015041	8018101
146671at33208a	HMAN.Chr3	9765625	9787128
147873at33208a	HMAN.Chr11	551757	555067
148067at33208a	HMAN.Chr4	9248243	9260325
148325at33208a	HMAN.Chr13	3307344	3311210
152327at33208a	HMAN.Chr3	5445023	5448811
152977at33208a	HMAN.Chr3	4459177	4468185
158845at33208a	HMAN.Chr2	3553447	3562264
158962at33208a	HMAN.Chr5	2504750	2510701
162821at33208a	HMAN.Chr13	4701297	4704026
164767at33208a	HMAN.Chr2	2848567	2855058
166097at33208a	HMAN.Chr11	4049428	4054548
168850at33208a	HMAN.Chr4	167245	173470
168924at33208a	HMAN.Chr8	7630025	7646709
169864at33208a	HMAN.Chr4	10793895	10796911
172677at33208a	HMAN.Chr1	14148630	14155768
176247at33208a	HMAN.Chr11	7120189	7133086
177718at33208a	HMAN.Chr11	8134261	8135975
177858at33208a	HMAN.Chr1	9193603	9200336
178537at33208a	HMAN.Chr13	3448708	3477842
179485at33208a	HMAN.Chr7	5924616	5929400
180808at33208a	HMAN.Chr7	8677483	8687024
182834at33208a	HMAN.Chr6	4848298	4850589
184508at33208a	HMAN.Chr5	5351859	5356481
184717at33208a	HMAN.Chr8	5795101	5798446
186208at33208a	HMAN.Chr1	12801082	12808503
186707at33208a	HMAN.Chr12	5343748	5350650
187280at33208a	HMAN.Chr11	1920021	1924841
189414at33208a	HMAN.Chr7	6264442	6276406
190726at33208a	HMAN.Chr7	4826165	4831175
191938at33208a	HMAN.Chr2	1665644	1678412
192250at33208a	HMAN.Chr6	7701536	7703464
194754at33208a	HMAN.Chr1	4208393	4213629
195986at33208a	HMAN.Chr3	567082	570019
196950at33208a	HMAN.Chr7	9884760	9897901
197549at33208a	HMAN.Chr8	5636810	5641543
197652at33208a	HMAN.Chr12	6680160	6683308
200997at33208a	HMAN.Chr9	6909864	6914550
201397at33208a	HMAN.Chr5	8614763	8622239
202545at33208a	HMAN.Chr8	5327692	5331611
203128at33208a	HMAN.Chr5	5136864	5141475
205220at33208a	HMAN.Chr13	8280466	8285839
206786at33208a	HMAN.Chr7	1472931	1477079
207599at33208a	HMAN.Chr5	5199322	5202493
208219at33208a	HMAN.Chr5	9615972	9618876
210614at33208a	HMAN.Chr2	1907102	1918761
212972at33208a	HMAN.Chr3	8039131	8044778
214788at33208a	HMAN.Chr4	7279894	7286598
216257at33208a	HMAN.Chr6	1543968	1558203
216563at33208a	HMAN.Chr2	8501894	8510759
218441at33208a	HMAN.Chr9	6124979	6126046
219795at33208a	HMAN.Chr4	9085374	9089183
219856at33208a	HMAN.Chr6	839863	841140
224280at33208a	HMAN.Chr2	12385150	12393908
226335at33208a	HMAN.Chr4	1337531	1343846
226941at33208a	HMAN.Chr1	3546702	3551008
227087at33208a	HMAN.Chr12	184810	195234
227453at33208a	HMAN.Chr1	3860117	3862747
227979at33208a	HMAN.Chr5	190763	195964
231157at33208a	HMAN.Chr8	211592	216894
231700at33208a	HMAN.Chr7	2608702	2610748
234290at33208a	HMAN.Chr8	8288456	8294735
235149at33208a	HMAN.Chr11	3852537	3858388
235430at33208a	HMAN.Chr1	6549465	6552724
235458at33208a	HMAN.Chr5	4648529	4652037
239016at33208a	HMAN.Chr3	11346417	11353819
239597at33208a	HMAN.Chr5	6085088	6087322
240437at33208a	HMAN.Chr6	11456449	11457945
245482at33208a	HMAN.Chr3	8929634	8932563
245567at33208a	HMAN.Chr1	3827428	3832920
246241at33208a	HMAN.Chr2	13881294	13884554
247183at33208a	HMAN.Chr13	7558219	7561688
247905at33208a	HMAN.Chr11	1213386	1217000
249486at33208a	HMAN.Chr1	2030077	2034462
251577at33208a	HMAN.Chr1	10248983	10259306
255117at33208a	HMAN.Chr4	509925	518459
255242at33208a	HMAN.Chr8	3485348	3495506
255924at33208a	HMAN.Chr11	4302917	4307779
257141at33208a	HMAN.Chr3	6837876	6841685
257339at33208a	HMAN.Chr1	6701725	6703061
260752at33208a	HMAN.Chr7	5334379	5338972
261284at33208a	HMAN.Chr9	6063749	6075330
261614at33208a	HMAN.Chr1	5212157	5217689
262757at33208a	HMAN.Chr7	2612980	2614764
266460at33208a	HMAN.Chr1	12733124	12736726
266469at33208a	HMAN.Chr2	12461320	12468509
266808at33208a	HMAN.Chr9	6668107	6672131
267439at33208a	HMAN.Chr3	7059614	7063592
268134at33208a	HMAN.Chr8	5675824	5683091
268397at33208a	HMAN.Chr6	4986080	4990822
270594at33208a	HMAN.Chr5	7633155	7637889
271297at33208a	HMAN.Chr11	408500	410814
271742at33208a	HMAN.Chr3	785808	789328
272605at33208a	HMAN.Chr8	2329163	2334474
273040at33208a	HMAN.Chr4	3811261	3813322
273367at33208a	HMAN.Chr13	8070270	8074400
273989at33208a	HMAN.Chr6	6915723	6921092
274064at33208a	HMAN.Chr8	8224257	8230448
274769at33208a	HMAN.Chr3	7044499	7052225
274992at33208a	HMAN.Chr6	5272307	5274959
277935at33208a	HMAN.Chr13	3256647	3271964
278227at33208a	HMAN.Chr6	8647593	8652507
279631at33208a	HMAN.Chr5	162526	177289
279992at33208a	HMAN.Chr6	4621398	4626178
280914at33208a	HMAN.Chr1	14480818	14491053
281304at33208a	HMAN.Chr10	9660693	9663972
281693at33208a	HMAN.Chr4	12038124	12045075
283637at33208a	HMAN.Chr4	10599510	10602405
284059at33208a	HMAN.Chr7	9798326	9802825
285146at33208a	HMAN.Chr10	645424	651838
285902at33208a	HMAN.Chr4	7665331	7671764
285966at33208a	HMAN.Chr13	4668275	4670065
286553at33208a	HMAN.Chr9	5653530	5655344
289235at33208a	HMAN.Chr3	3392299	3394046
289928at33208a	HMAN.Chr2	5056627	5062547
291505at33208a	HMAN.Chr10	5028032	5032352
291875at33208a	HMAN.Chr7	10500101	10502996
295556at33208a	HMAN.Chr12	6010282	6019951
295775at33208a	HMAN.Chr4	1211503	1216474
300303at33208a	HMAN.Chr7	233324	238080
301572at33208a	HMAN.Chr4	1154719	1158944
302186at33208a	HMAN.Chr2	7349165	7351531
302279at33208a	HMAN.Chr4	1985434	1987657
303117at33208a	HMAN.Chr1	12399470	12411550
304388at33208a	HMAN.Chr7	10304691	10307009
305260at33208a	HMAN.Chr2	6580076	6583188
306101at33208a	HMAN.Chr12	7595605	7598829
308610at33208a	HMAN.Chr12	3225205	3227881
311758at33208a	HMAN.Chr1	9200879	9207809
311761at33208a	HMAN.Chr9	1731318	1739160
312577at33208a	HMAN.Chr4	13707266	13715307
313091at33208a	HMAN.Chr10	3854696	3857171
315044at33208a	HMAN.Chr12	8724365	8727918
315393at33208a	HMAN.Chr8	4027753	4031694
317470at33208a	HMAN.Chr8	7725184	7744837
318483at33208a	HMAN.Chr9	3706167	3712252
318532at33208a	HMAN.Chr7	10656870	10659341
319574at33208a	HMAN.Chr11	9244720	9250240
320390at33208a	HMAN.Chr9	551425	557552
321332at33208a	HMAN.Chr2	8886509	8891967
323399at33208a	HMAN.Chr8	4702543	4705473
323473at33208a	HMAN.Chr9	10306950	10309587
324249at33208a	HMAN.Chr10	5784246	5787170
325183at33208a	HMAN.Chr3	865612	868299
331112at33208a	HMAN.Chr9	6447563	6450389
332870at33208a	HMAN.Chr2	5576554	5577342
333062at33208a	HMAN.Chr1	2303065	2306720
333800at33208a	HMAN.Chr2	6769949	6780345
334272at33208a	HMAN.Chr7	3961013	3965993
334331at33208a	HMAN.Chr1	12707626	12712355
334336at33208a	HMAN.Chr6	2352267	2363211
334342at33208a	HMAN.Chr10	5552626	5555587
334764at33208a	HMAN.Chr8	10004359	10008534
334820at33208a	HMAN.Chr12	2020809	2024185
335107at33208a	HMAN.Chr13	469219	480583
336647at33208a	HMAN.Chr9	8109930	8118007
338191at33208a	HMAN.Chr2	11025904	11030533
338482at33208a	HMAN.Chr7	2329345	2331813
339127at33208a	HMAN.Chr9	4871111	4875596
339319at33208a	HMAN.Chr3	2115513	2117119
340558at33208a	HMAN.Chr3	3414455	3417162
340577at33208a	HMAN.Chr13	3082862	3088642
344346at33208a	HMAN.Chr4	7580005	7583013
344442at33208a	HMAN.Chr5	11636318	11638674
344581at33208a	HMAN.Chr10	2898561	2900783
345099at33208a	HMAN.Chr1	5429148	5433935
345959at33208a	HMAN.Chr10	8516965	8521202
346541at33208a	HMAN.Chr1	1998625	2001400
347600at33208a	HMAN.Chr7	6939744	6941853
348449at33208a	HMAN.Chr4	10131295	10134072
348544at33208a	HMAN.Chr5	5178075	5180012
349064at33208a	HMAN.Chr2	6980648	6984675
349627at33208a	HMAN.Chr3	9181273	9184433
351226at33208a	HMAN.Chr9	6378890	6383790
352600at33208a	HMAN.Chr4	10718787	10720374
352854at33208a	HMAN.Chr12	1051008	1057007
353286at33208a	HMAN.Chr7	6238180	6242478
353768at33208a	HMAN.Chr3	10248635	10252243
354829at33208a	HMAN.Chr2	10964532	10967112
354949at33208a	HMAN.Chr3	6662047	6664793
355210at33208a	HMAN.Chr11	418308	421855
355739at33208a	HMAN.Chr11	3569791	3571505
356175at33208a	HMAN.Chr11	5305083	5307471
356334at33208a	HMAN.Chr5	2991083	2999324
356503at33208a	HMAN.Chr4	10866405	10868251
357580at33208a	HMAN.Chr5	6418998	6421006
359075at33208a	HMAN.Chr8	490067	497075
359324at33208a	HMAN.Chr7	8201056	8202723
359532at33208a	HMAN.Chr4	9565121	9568139
360379at33208a	HMAN.Chr1	3627561	3628985
360753at33208a	HMAN.Chr4	11694006	11697453
361100at33208a	HMAN.Chr9	3678263	3681152
361203at33208a	HMAN.Chr5	8807276	8810141
363634at33208a	HMAN.Chr9	6372813	6374696
363851at33208a	HMAN.Chr8	6817612	6819711
364383at33208a	HMAN.Chr8	2704696	2707327
364694at33208a	HMAN.Chr4	7625289	7629012
365561at33208a	HMAN.Chr11	794326	795657
365691at33208a	HMAN.Chr4	4607484	4610983
366124at33208a	HMAN.Chr1	2839799	2843831
366814at33208a	HMAN.Chr8	4247283	4263527
366936at33208a	HMAN.Chr10	1381125	1383093
367493at33208a	HMAN.Chr8	3704251	3705967
367551at33208a	HMAN.Chr11	4468886	4472397
367596at33208a	HMAN.Chr3	2933381	2941326
367957at33208a	HMAN.Chr9	3541937	3544356
368565at33208a	HMAN.Chr12	5048241	5053338
368670at33208a	HMAN.Chr13	5555585	5560252
368875at33208a	HMAN.Chr7	2821694	2823870
371241at33208a	HMAN.Chr9	6149364	6158399
371297at33208a	HMAN.Chr11	95459	97808
371526at33208a	HMAN.Chr7	3160593	3163864
372257at33208a	HMAN.Chr4	1378654	1381791
372707at33208a	HMAN.Chr5	4111202	4114240
373040at33208a	HMAN.Chr4	6998677	6999932
376982at33208a	HMAN.Chr9	6987879	6990031
378033at33208a	HMAN.Chr5	9510577	9514514
378316at33208a	HMAN.Chr11	4579124	4581571
378768at33208a	HMAN.Chr8	7515704	7517917
378913at33208a	HMAN.Chr12	6299623	6307516
379076at33208a	HMAN.Chr13	8189410	8193486
379636at33208a	HMAN.Chr6	2332696	2335166
379771at33208a	HMAN.Chr3	1721045	1741916
380583at33208a	HMAN.Chr5	4285765	4288286
381303at33208a	HMAN.Chr4	1616016	1618693
382000at33208a	HMAN.Chr3	1861092	1862473
382262at33208a	HMAN.Chr4	5503905	5507330
382750at33208a	HMAN.Chr5	1914327	1918356
383313at33208a	HMAN.Chr1	11132021	11134748
384187at33208a	HMAN.Chr3	6103224	6105257
386666at33208a	HMAN.Chr4	1540557	1549444
387079at33208a	HMAN.Chr2	10435348	10437647
387117at33208a	HMAN.Chr5	3019125	3021068
387878at33208a	HMAN.Chr11	6000668	6003585
389367at33208a	HMAN.Chr1	9063103	9065497
389527at33208a	HMAN.Chr3	8255012	8261555
389570at33208a	HMAN.Chr6	6436574	6440178
389591at33208a	HMAN.Chr11	8663918	8667356
390192at33208a	HMAN.Chr8	6429945	6436808
391896at33208a	HMAN.Chr8	7171550	7173536
393219at33208a	HMAN.Chr12	6684071	6685414
393291at33208a	HMAN.Chr1	9753467	9760116
393419at33208a	HMAN.Chr9	6539985	6544453
393895at33208a	HMAN.Chr3	1909689	1917641
395147at33208a	HMAN.Chr6	6130297	6134662
395183at33208a	HMAN.Chr6	2522662	2524806
395556at33208a	HMAN.Chr4	1614340	1615392
395948at33208a	HMAN.Chr1	9577305	9587729
397019at33208a	HMAN.Chr7	4102127	4105553
397659at33208a	HMAN.Chr3	2516392	2521010
398013at33208a	HMAN.Chr7	3470145	3485052
398202at33208a	HMAN.Chr2	2513330	2516331
398607at33208a	HMAN.Chr2	631131	632641
399439at33208a	HMAN.Chr1	8060498	8079678
400042at33208a	HMAN.Chr2	12342163	12345543
401196at33208a	HMAN.Chr2	8964749	8966964
401220at33208a	HMAN.Chr7	9150253	9155157
401679at33208a	HMAN.Chr8	2971105	3007408
401779at33208a	HMAN.Chr4	3789610	3791830
403171at33208a	HMAN.Chr2	9913907	9916519
403817at33208a	HMAN.Chr13	4009841	4011243
404988at33208a	HMAN.Chr2	13289920	13291460
405257at33208a	HMAN.Chr8	2851091	2856215
406927at33208a	HMAN.Chr5	11300568	11305183
407472at33208a	HMAN.Chr9	4392962	4396885
409006at33208a	HMAN.Chr2	1439496	1442672
411515at33208a	HMAN.Chr2	14082732	14084278
411664at33208a	HMAN.Chr5	2217436	2219166
411755at33208a	HMAN.Chr9	5600546	5609910
412370at33208a	HMAN.Chr10	1780982	1797117
412542at33208a	HMAN.Chr1	1244163	1247343
412930at33208a	HMAN.Chr11	1986109	1988578
413334at33208a	HMAN.Chr9	4545401	4547728
414001at33208a	HMAN.Chr7	2685607	2705588
414571at33208a	HMAN.Chr4	379750	391644
414579at33208a	HMAN.Chr1	6800003	6801933
414603at33208a	HMAN.Chr6	2280736	2285202
415618at33208a	HMAN.Chr5	7664358	7667493
416175at33208a	HMAN.Chr7	3325528	3328241
418979at33208a	HMAN.Chr13	487130	488852
419502at33208a	HMAN.Chr2	8967400	8969505
419914at33208a	HMAN.Chr10	5558134	5561222
421396at33208a	HMAN.Chr1	4187474	4189364
421685at33208a	HMAN.Chr2	9165911	9167494
422158at33208a	HMAN.Chr13	5991413	5994248
422751at33208a	HMAN.Chr8	9323147	9327391
423799at33208a	HMAN.Chr9	6797653	6799779
423848at33208a	HMAN.Chr8	5769627	5773770
424392at33208a	HMAN.Chr1	2344432	2345924
424569at33208a	HMAN.Chr4	2314734	2316298
424646at33208a	HMAN.Chr12	8037599	8040063
427349at33208a	HMAN.Chr13	8324164	8326383
427789at33208a	HMAN.Chr8	1732462	1737493
428202at33208a	HMAN.Chr4	10840328	10843241
429011at33208a	HMAN.Chr5	4678925	4680249
429274at33208a	HMAN.Chr10	9310976	9312340
429751at33208a	HMAN.Chr4	6021814	6025953
430701at33208a	HMAN.Chr5	11088109	11089859
432050at33208a	HMAN.Chr5	3857704	3859240
432155at33208a	HMAN.Chr6	5440082	5441856
432287at33208a	HMAN.Chr9	6203932	6205640
432522at33208a	HMAN.Chr11	5288908	5289592
433216at33208a	HMAN.Chr12	6381574	6384657
433606at33208a	HMAN.Chr4	9818763	9825138
434863at33208a	HMAN.Chr8	6003875	6006194
435253at33208a	HMAN.Chr4	11850315	11855735
435678at33208a	HMAN.Chr4	9099097	9101927
435921at33208a	HMAN.Chr4	11310605	11312685
435939at33208a	HMAN.Chr5	4087693	4094365
436007at33208a	HMAN.Chr3	1136098	1139957
436098at33208a	HMAN.Chr5	5760842	5767692
436539at33208a	HMAN.Chr7	8222577	8227629
438433at33208a	HMAN.Chr8	3603529	3607455
438453at33208a	HMAN.Chr11	5031617	5034522
439736at33208a	HMAN.Chr2	13439580	13443460
440195at33208a	HMAN.Chr12	3536411	3549156
440493at33208a	HMAN.Chr11	3250149	3256839
441575at33208a	HMAN.Chr11	9212206	9217930
442203at33208a	HMAN.Chr1	6563817	6566211
442823at33208a	HMAN.Chr3	5623473	5627667
443305at33208a	HMAN.Chr5	2488001	2493728
443518at33208a	HMAN.Chr2	8331794	8334585
443659at33208a	HMAN.Chr1	433398	434728
443928at33208a	HMAN.Chr2	3113986	3117982
444160at33208a	HMAN.Chr1	1589362	1591497
444231at33208a	HMAN.Chr5	4625186	4626599
445034at33208a	HMAN.Chr9	7022985	7026723
445091at33208a	HMAN.Chr11	5744049	5748228
446031at33208a	HMAN.Chr10	5980930	5983747
447320at33208a	HMAN.Chr8	3427468	3431763
447400at33208a	HMAN.Chr8	6923302	6930866
448196at33208a	HMAN.Chr12	5995049	5997272
449139at33208a	HMAN.Chr5	7679987	7684168
449189at33208a	HMAN.Chr11	5727693	5730890
450643at33208a	HMAN.Chr10	5086655	5088023
450785at33208a	HMAN.Chr5	123343	127335
451242at33208a	HMAN.Chr1	6138812	6152514
452208at33208a	HMAN.Chr6	8653120	8655356
452499at33208a	HMAN.Chr9	4405052	4412205
452574at33208a	HMAN.Chr7	3370772	3377363
453049at33208a	HMAN.Chr2	2734854	2743620
453052at33208a	HMAN.Chr1	4722882	4725901
453056at33208a	HMAN.Chr11	6240994	6245354
453687at33208a	HMAN.Chr2	14318524	14321991
454911at33208a	HMAN.Chr11	6005442	6013043
455512at33208a	HMAN.Chr11	724845	726425
455941at33208a	HMAN.Chr10	2605770	2609055
457777at33208a	HMAN.Chr5	2937293	2940599
458807at33208a	HMAN.Chr1	13090203	13093044
458974at33208a	HMAN.Chr5	340952	342778
458988at33208a	HMAN.Chr9	1254754	1259356
460044at33208a	HMAN.Chr4	8015899	8034544
460518at33208a	HMAN.Chr6	6737558	6744717
461123at33208a	HMAN.Chr11	1232578	1233654
461193at33208a	HMAN.Chr2	12652932	12657602
462897at33208a	HMAN.Chr5	7358535	7361457
463071at33208a	HMAN.Chr5	5993887	5997418
464204at33208a	HMAN.Chr10	4880503	4884323
464243at33208a	HMAN.Chr8	10626442	10629015
464286at33208a	HMAN.Chr10	5916949	5923732
464312at33208a	HMAN.Chr3	838455	840976
464987at33208a	HMAN.Chr7	5340223	5340772
465401at33208a	HMAN.Chr5	5906914	5907849
465512at33208a	HMAN.Chr7	7990769	7994535
465651at33208a	HMAN.Chr1	8464907	8470282
465703at33208a	HMAN.Chr6	5780865	5782732
465933at33208a	HMAN.Chr1	8043643	8046347
466616at33208a	HMAN.Chr6	8705039	8711042
466942at33208a	HMAN.Chr12	8722084	8723865
467106at33208a	HMAN.Chr2	7249459	7252962
467142at33208a	HMAN.Chr4	12795442	12799273
467744at33208a	HMAN.Chr4	9748190	9749395
468248at33208a	HMAN.Chr4	11500365	11503879
468359at33208a	HMAN.Chr3	6129236	6133307
468710at33208a	HMAN.Chr8	4150163	4151126
468757at33208a	HMAN.Chr4	12743415	12748533
469367at33208a	HMAN.Chr12	1101720	1105863
470197at33208a	HMAN.Chr1	6672787	6678767
470523at33208a	HMAN.Chr5	7777456	7778877
471608at33208a	HMAN.Chr1	14497593	14498693
471787at33208a	HMAN.Chr2	3151552	3155408
472313at33208a	HMAN.Chr2	3147098	3151158
472352at33208a	HMAN.Chr5	614764	616468
474144at33208a	HMAN.Chr1	12376690	12386922
474387at33208a	HMAN.Chr5	6719251	6722035
475826at33208a	HMAN.Chr6	5664365	5665887
476036at33208a	HMAN.Chr8	5652715	5658473
477052at33208a	HMAN.Chr10	8378923	8379768
477939at33208a	HMAN.Chr5	5969848	5971691
477998at33208a	HMAN.Chr5	7288244	7291895
478073at33208a	HMAN.Chr3	5716298	5717636
478984at33208a	HMAN.Chr2	13701739	13702071
480700at33208a	HMAN.Chr1	2034841	2035901
480735at33208a	HMAN.Chr12	4152008	4154194
481557at33208a	HMAN.Chr7	3739683	3742740
482691at33208a	HMAN.Chr12	7283344	7289634
483489at33208a	HMAN.Chr6	6717407	6718502
485003at33208a	HMAN.Chr4	11158649	11159986
485696at33208a	HMAN.Chr3	8452053	8454192
486370at33208a	HMAN.Chr2	12311331	12313519
486431at33208a	HMAN.Chr10	5942177	5945561
486743at33208a	HMAN.Chr7	10438423	10439678
486993at33208a	HMAN.Chr3	6565502	6567241
487873at33208a	HMAN.Chr9	9814607	9816623
487987at33208a	HMAN.Chr6	8226204	8228072
488559at33208a	HMAN.Chr5	668885	674018
488635at33208a	HMAN.Chr10	3437177	3440695
489359at33208a	HMAN.Chr12	7018420	7020909
489858at33208a	HMAN.Chr12	8644539	8646370
489997at33208a	HMAN.Chr5	3675234	3680409
490248at33208a	HMAN.Chr7	5264421	5270383
491252at33208a	HMAN.Chr12	2485843	2488447
491289at33208a	HMAN.Chr11	8447983	8451224
492033at33208a	HMAN.Chr7	3666525	3668194
493148at33208a	HMAN.Chr10	4851332	4855140
493505at33208a	HMAN.Chr10	5018075	5019670
494057at33208a	HMAN.Chr11	3302973	3304424
495100at33208a	HMAN.Chr2	2927140	2930102
495175at33208a	HMAN.Chr9	5042932	5044664
495207at33208a	HMAN.Chr7	3644403	3647059
495311at33208a	HMAN.Chr13	8225901	8227095
495389at33208a	HMAN.Chr6	4200316	4201402
495802at33208a	HMAN.Chr13	7619380	7620912
495926at33208a	HMAN.Chr12	8335038	8341573
496070at33208a	HMAN.Chr9	6401972	6413016
496219at33208a	HMAN.Chr1	1893811	1895945
500261at33208a	HMAN.Chr12	3356832	3367812
500808at33208a	HMAN.Chr4	4506122	4508943
501546at33208a	HMAN.Chr2	8962455	8964144
501788at33208a	HMAN.Chr6	6531017	6532126
502128at33208a	HMAN.Chr5	6602835	6604644
502407at33208a	HMAN.Chr4	9298169	9299280
502429at33208a	HMAN.Chr9	4676294	4677295
502691at33208a	HMAN.Chr3	637970	640095
503828at33208a	HMAN.Chr10	2561071	2564675
504207at33208a	HMAN.Chr8	8852780	8855627
504691at33208a	HMAN.Chr9	4743870	4744478
504731at33208a	HMAN.Chr3	5242852	5244259
504912at33208a	HMAN.Chr4	12036182	12037628
505718at33208a	HMAN.Chr7	465799	467652
508188at33208a	HMAN.Chr9	5068299	5072537
508379at33208a	HMAN.Chr7	4078607	4079285
509494at33208a	HMAN.Chr1	4319316	4320173
509816at33208a	HMAN.Chr1	4674160	4677869
510174at33208a	HMAN.Chr3	1000033	1002927
510522at33208a	HMAN.Chr7	9551182	9553410
510581at33208a	HMAN.Chr12	5038772	5042098
511272at33208a	HMAN.Chr11	114048	116166
511386at33208a	HMAN.Chr11	589928	594528
511575at33208a	HMAN.Chr6	11779108	11785861
511668at33208a	HMAN.Chr4	9483040	9494982
514121at33208a	HMAN.Chr5	8727528	8729852
514296at33208a	HMAN.Chr8	5380033	5381264
514565at33208a	HMAN.Chr1	8144165	8146685
514675at33208a	HMAN.Chr7	5376385	5377634
514724at33208a	HMAN.Chr12	1727461	1731903
514727at33208a	HMAN.Chr6	643693	647292
514740at33208a	HMAN.Chr2	4153116	4153529
514834at33208a	HMAN.Chr10	1090365	1093120
514892at33208a	HMAN.Chr4	8170930	8175595
515058at33208a	HMAN.Chr4	2310521	2313779
515377at33208a	HMAN.Chr4	5458378	5466338
515425at33208a	HMAN.Chr3	7561029	7563065
515528at33208a	HMAN.Chr11	5073645	5076923
515640at33208a	HMAN.Chr11	3368765	3370666
516078at33208a	HMAN.Chr1	7006842	7008249
516321at33208a	HMAN.Chr1	13070193	13071824
516481at33208a	HMAN.Chr8	6320831	6324151
516659at33208a	HMAN.Chr3	1863156	1865214
516716at33208a	HMAN.Chr13	764990	767013
517311at33208a	HMAN.Chr12	2897222	2899189
517525at33208a	HMAN.Chr4	9021135	9023655
517686at33208a	HMAN.Chr9	2889793	2891466
517968at33208a	HMAN.Chr10	4410553	4411898
518288at33208a	HMAN.Chr11	8466603	8469087
518569at33208a	HMAN.Chr5	11965552	11967972
518635at33208a	HMAN.Chr1	12713585	12718340
519030at33208a	HMAN.Chr1	1225747	1227267
519303at33208a	HMAN.Chr13	6072233	6075331
519777at33208a	HMAN.Chr7	9322523	9324107
520011at33208a	HMAN.Chr4	7508635	7511020
521343at33208a	HMAN.Chr9	3061708	3063396
522988at33208a	HMAN.Chr12	8447979	8449445
523206at33208a	HMAN.Chr6	6843459	6847447
523376at33208a	HMAN.Chr5	423778	425753
523534at33208a	HMAN.Chr10	4964995	4966021
524148at33208a	HMAN.Chr6	6259969	6264797
524165at33208a	HMAN.Chr10	459242	462044
524322at33208a	HMAN.Chr13	4024472	4026507
525542at33208a	HMAN.Chr4	9081211	9084559
525888at33208a	HMAN.Chr4	9458962	9460771
526074at33208a	HMAN.Chr8	7098688	7099954
526487at33208a	HMAN.Chr7	1987498	1991580
526673at33208a	HMAN.Chr8	6057123	6058965
527406at33208a	HMAN.Chr9	58241	60008
528325at33208a	HMAN.Chr11	2648644	2649642
529092at33208a	HMAN.Chr1	2674870	2676367
529093at33208a	HMAN.Chr1	89385	90499
529708at33208a	HMAN.Chr3	11290136	11292643
529852at33208a	HMAN.Chr6	2420942	2421567
530431at33208a	HMAN.Chr11	4528327	4533485
532406at33208a	HMAN.Chr7	3797144	3799039
532693at33208a	HMAN.Chr2	2680651	2682758
532728at33208a	HMAN.Chr4	40037	43155
532930at33208a	HMAN.Chr2	9468535	9469351
533666at33208a	HMAN.Chr13	641893	661144
533690at33208a	HMAN.Chr11	5941862	5944129
534172at33208a	HMAN.Chr3	7694249	7697153
534206at33208a	HMAN.Chr8	5592469	5599467
534312at33208a	HMAN.Chr8	2831949	2832846
534808at33208a	HMAN.Chr1	6828263	6849359
535268at33208a	HMAN.Chr11	8615506	8617298
535524at33208a	HMAN.Chr6	4983073	4985108
535650at33208a	HMAN.Chr12	1850160	1859841
535664at33208a	HMAN.Chr11	5815252	5816264
535782at33208a	HMAN.Chr3	2750033	2751180
535806at33208a	HMAN.Chr4	1901555	1903453
536251at33208a	HMAN.Chr3	1810428	1811057
537470at33208a	HMAN.Chr1	4453217	4454425
537548at33208a	HMAN.Chr5	7744303	7746540
537718at33208a	HMAN.Chr1	13149709	13153429
537923at33208a	HMAN.Chr2	9309188	9310138
538442at33208a	HMAN.Chr6	6934418	6936171
539043at33208a	HMAN.Chr6	11336113	11337419
539215at33208a	HMAN.Chr8	1230740	1233133
539234at33208a	HMAN.Chr2	12573243	12574498
539360at33208a	HMAN.Chr6	6344947	6345800
539600at33208a	HMAN.Chr2	6107636	6139934
540193at33208a	HMAN.Chr10	666419	667731
541260at33208a	HMAN.Chr8	1163022	1166474
541421at33208a	HMAN.Chr3	6235042	6239439
543124at33208a	HMAN.Chr13	3913970	3916896
543269at33208a	HMAN.Chr12	2835214	2846430
544546at33208a	HMAN.Chr10	2992558	2993941
544919at33208a	HMAN.Chr5	663857	668087
545063at33208a	HMAN.Chr4	12497856	12500293
545641at33208a	HMAN.Chr4	426166	427203
545889at33208a	HMAN.Chr13	5301515	5302693
546305at33208a	HMAN.Chr4	3236427	3238279
546751at33208a	HMAN.Chr3	4882914	4884705
547099at33208a	HMAN.Chr7	9375182	9377316
547341at33208a	HMAN.Chr3	8435898	8442841
547766at33208a	HMAN.Chr7	866180	868512
548327at33208a	HMAN.Chr2	2620592	2621769
548444at33208a	HMAN.Chr4	8962546	8972840
548732at33208a	HMAN.Chr8	5039956	5044590
549156at33208a	HMAN.Chr8	4264717	4273592
549988at33208a	HMAN.Chr13	7173574	7175185
551620at33208a	HMAN.Chr2	10616341	10619129
551632at33208a	HMAN.Chr2	9223714	9224475
552201at33208a	HMAN.Chr1	10540759	10542656
552359at33208a	HMAN.Chr4	10713375	10716244
552949at33208a	HMAN.Chr4	8213261	8219975
553411at33208a	HMAN.Chr4	5168910	5169905
553585at33208a	HMAN.Chr6	8036361	8038709
554010at33208a	HMAN.Chr2	13620174	13623268
554815at33208a	HMAN.Chr7	10609204	10610307
555162at33208a	HMAN.Chr3	870833	872447
555390at33208a	HMAN.Chr6	9860235	9860994
555538at33208a	HMAN.Chr11	4758069	4758750
556039at33208a	HMAN.Chr11	4672417	4680822
556189at33208a	HMAN.Chr1	2337720	2338965
556337at33208a	HMAN.Chr5	11956090	11956876
556445at33208a	HMAN.Chr11	4451805	4452739
556510at33208a	HMAN.Chr8	3214714	3216110
556587at33208a	HMAN.Chr8	338606	339741
556750at33208a	HMAN.Chr6	276053	277808
556925at33208a	HMAN.Chr8	1549695	1554516
557292at33208a	HMAN.Chr8	4366415	4368050
557694at33208a	HMAN.Chr9	3832636	3835117
557834at33208a	HMAN.Chr3	5486859	5490501
557962at33208a	HMAN.Chr5	7496417	7499939
558385at33208a	HMAN.Chr2	12757925	12761698
558552at33208a	HMAN.Chr10	3154780	3155535
558791at33208a	HMAN.Chr13	3419483	3420720
558933at33208a	HMAN.Chr5	3084234	3087214
559501at33208a	HMAN.Chr6	9903743	9905599
559576at33208a	HMAN.Chr5	10449366	10451421
559732at33208a	HMAN.Chr2	4713595	4714768
560453at33208a	HMAN.Chr8	7722996	7723798
560584at33208a	HMAN.Chr13	1847277	1848203
560694at33208a	HMAN.Chr5	10637719	10640469
561054at33208a	HMAN.Chr4	7183668	7187958
561248at33208a	HMAN.Chr11	8552857	8555291
561417at33208a	HMAN.Chr12	7992566	7993213
561688at33208a	HMAN.Chr3	11706488	11708988
561878at33208a	HMAN.Chr6	221514	223307
561943at33208a	HMAN.Chr4	11707356	11737915
562780at33208a	HMAN.Chr9	8919901	8921664
563084at33208a	HMAN.Chr5	7219488	7220887
563358at33208a	HMAN.Chr13	3969368	3970702
563359at33208a	HMAN.Chr6	6322858	6324059
563426at33208a	HMAN.Chr1	12796695	12800414
563679at33208a	HMAN.Chr5	530862	531098
564234at33208a	HMAN.Chr9	5442276	5443147
565053at33208a	HMAN.Chr6	10715994	10720191
566026at33208a	HMAN.Chr11	6621991	6623986
566116at33208a	HMAN.Chr3	459395	460841
566262at33208a	HMAN.Chr6	1043848	1045040
566447at33208a	HMAN.Chr7	10503344	10504688
566527at33208a	HMAN.Chr6	10194387	10195808
566916at33208a	HMAN.Chr4	7513981	7515402
567650at33208a	HMAN.Chr12	2110376	2112337
567750at33208a	HMAN.Chr2	2066430	2070112
567809at33208a	HMAN.Chr8	3219112	3219757
568170at33208a	HMAN.Chr5	6740131	6740928
568839at33208a	HMAN.Chr1	1932518	1934093
568949at33208a	HMAN.Chr1	9904559	9921954
569294at33208a	HMAN.Chr10	2369697	2370479
569303at33208a	HMAN.Chr13	1297347	1302149
569812at33208a	HMAN.Chr2	14093715	14096618
569878at33208a	HMAN.Chr5	7830903	7833254
570262at33208a	HMAN.Chr4	9340088	9341192
570646at33208a	HMAN.Chr6	8791499	8793290
570717at33208a	HMAN.Chr3	12250568	12252154
571149at33208a	HMAN.Chr8	3030932	3060844
571944at33208a	HMAN.Chr3	6489495	6491276
572074at33208a	HMAN.Chr3	9812920	9814037
572434at33208a	HMAN.Chr2	4214153	4220068
572463at33208a	HMAN.Chr3	4457153	4458883
572754at33208a	HMAN.Chr13	2393879	2394811
572845at33208a	HMAN.Chr4	13501498	13502449
573203at33208a	HMAN.Chr3	1941465	1946961
573237at33208a	HMAN.Chr7	45834	47948
573313at33208a	HMAN.Chr6	7130631	7132374
574311at33208a	HMAN.Chr9	3273823	3274501
575360at33208a	HMAN.Chr3	3202798	3203848
576633at33208a	HMAN.Chr4	2768219	2769909
576997at33208a	HMAN.Chr5	4554712	4556048
577068at33208a	HMAN.Chr5	3088249	3099583
577339at33208a	HMAN.Chr10	2127593	2128215
577929at33208a	HMAN.Chr6	77815	85503
578354at33208a	HMAN.Chr3	8455735	8456463
578582at33208a	HMAN.Chr11	7210234	7212673
578684at33208a	HMAN.Chr4	6053194	6055849
578726at33208a	HMAN.Chr3	6535939	6537555
578734at33208a	HMAN.Chr12	5267944	5272927
578959at33208a	HMAN.Chr10	5088250	5088864
579029at33208a	HMAN.Chr4	7693662	7694497
580062at33208a	HMAN.Chr6	5318427	5319655
580288at33208a	HMAN.Chr11	5638052	5638651
580851at33208a	HMAN.Chr1	8537761	8538787
580896at33208a	HMAN.Chr3	9122538	9133272
581006at33208a	HMAN.Chr11	4581924	4582969
581475at33208a	HMAN.Chr5	5812229	5813126
581543at33208a	HMAN.Chr7	5614687	5616620
581547at33208a	HMAN.Chr2	7015385	7022185
581621at33208a	HMAN.Chr4	7775513	7780044
581717at33208a	HMAN.Chr11	5708249	5716210
581779at33208a	HMAN.Chr3	5290121	5296900
582265at33208a	HMAN.Chr12	2725606	2727820
582341at33208a	HMAN.Chr6	5950602	5951313
582473at33208a	HMAN.Chr3	9474365	9485419
582823at33208a	HMAN.Chr9	6078978	6080421
582951at33208a	HMAN.Chr4	3861892	3862785
583626at33208a	HMAN.Chr3	534683	547062
584023at33208a	HMAN.Chr12	5673073	5674526
584333at33208a	HMAN.Chr4	8678623	8692045
584373at33208a	HMAN.Chr12	8010268	8011384
585078at33208a	HMAN.Chr12	3977303	3977716
585232at33208a	HMAN.Chr3	11736853	11739038
585305at33208a	HMAN.Chr8	2773619	2774412
585313at33208a	HMAN.Chr12	2464700	2466275
585656at33208a	HMAN.Chr13	7621628	7623833
585726at33208a	HMAN.Chr4	5450025	5451177
585809at33208a	HMAN.Chr6	8825246	8826532
586156at33208a	HMAN.Chr3	533078	534171
586310at33208a	HMAN.Chr6	6564539	6565700
586690at33208a	HMAN.Chr1	14496477	14497269
587399at33208a	HMAN.Chr3	7283727	7285359
587407at33208a	HMAN.Chr5	2069229	2070970
587513at33208a	HMAN.Chr12	7089743	7099587
589773at33208a	HMAN.Chr5	5735319	5738652
589901at33208a	HMAN.Chr4	8956452	8962063
590221at33208a	HMAN.Chr11	4412496	4413433
590416at33208a	HMAN.Chr2	9617310	9618719
590470at33208a	HMAN.Chr9	6244305	6245637
591316at33208a	HMAN.Chr1	8486413	8487612
591391at33208a	HMAN.Chr9	8094702	8097231
591498at33208a	HMAN.Chr2	13301941	13303837
592087at33208a	HMAN.Chr4	6583241	6591275
592094at33208a	HMAN.Chr12	2149312	2151537
592759at33208a	HMAN.Chr12	1300933	1302695
594172at33208a	HMAN.Chr11	8457482	8458124
595010at33208a	HMAN.Chr9	4246169	4246655
595316at33208a	HMAN.Chr13	5562133	5563441
595404at33208a	HMAN.Chr10	3857579	3858980
595858at33208a	HMAN.Chr8	7116034	7117599
596131at33208a	HMAN.Chr7	9070445	9071137
596973at33208a	HMAN.Chr4	13674182	13675692
597023at33208a	HMAN.Chr2	14256612	14258135
598405at33208a	HMAN.Chr3	5200861	5202045
598944at33208a	HMAN.Chr11	2857104	2859519
599320at33208a	HMAN.Chr2	7322904	7323503
600462at33208a	HMAN.Chr11	6164673	6165679
600823at33208a	HMAN.Chr2	10746381	10747774
601242at33208a	HMAN.Chr9	284522	285523
601650at33208a	HMAN.Chr5	619773	620911
601768at33208a	HMAN.Chr4	8590905	8591872
601875at33208a	HMAN.Chr3	4157976	4167412
601886at33208a	HMAN.Chr7	1650656	1651630
601967at33208a	HMAN.Chr2	7501954	7503645
602148at33208a	HMAN.Chr7	5077962	5078404
603239at33208a	HMAN.Chr12	8374079	8375250
603370at33208a	HMAN.Chr5	7286637	7287580
603609at33208a	HMAN.Chr5	11654942	11656583
603673at33208a	HMAN.Chr8	4427256	4429122
604211at33208a	HMAN.Chr12	2388100	2392944
604943at33208a	HMAN.Chr7	9325286	9326325
605189at33208a	HMAN.Chr2	6265383	6266020
606048at33208a	HMAN.Chr11	5791121	5799517
606539at33208a	HMAN.Chr1	6185875	6186826
606748at33208a	HMAN.Chr2	5160818	5161165
606776at33208a	HMAN.Chr9	4097217	4097999
606795at33208a	HMAN.Chr2	5898868	5899645
606958at33208a	HMAN.Chr1	13042032	13042873
608011at33208a	HMAN.Chr13	4013092	4013992
608074at33208a	HMAN.Chr3	377735	379112
608190at33208a	HMAN.Chr5	6722330	6723132
608669at33208a	HMAN.Chr4	6321443	6330674
608869at33208a	HMAN.Chr6	4150854	4151555
608924at33208a	HMAN.Chr3	2748716	2749678
609899at33208a	HMAN.Chr2	11754642	11755939
610541at33208a	HMAN.Chr9	9895199	9896517
611258at33208a	HMAN.Chr9	5666401	5676025
611279at33208a	HMAN.Chr5	674491	676900
611373at33208a	HMAN.Chr6	5337949	5338524
611891at33208a	HMAN.Chr4	7511984	7513371
612760at33208a	HMAN.Chr8	1120542	1121642
612825at33208a	HMAN.Chr5	11078362	11081061
613522at33208a	HMAN.Chr5	7470556	7472003
613580at33208a	HMAN.Chr2	12109074	12112471
613851at33208a	HMAN.Chr12	7990017	7990558
614305at33208a	HMAN.Chr11	1402806	1405252
615531at33208a	HMAN.Chr7	7061157	7062334
615585at33208a	HMAN.Chr8	4121530	4121942
615840at33208a	HMAN.Chr7	2486272	2488447
616120at33208a	HMAN.Chr3	6735459	6736174
616613at33208a	HMAN.Chr1	7900586	7904043
616716at33208a	HMAN.Chr3	5931823	5933163
617020at33208a	HMAN.Chr11	267152	268793
617441at33208a	HMAN.Chr6	6862505	6862891
617522at33208a	HMAN.Chr2	6788227	6789000
617667at33208a	HMAN.Chr12	601691	602663
618339at33208a	HMAN.Chr3	2011058	2011847
618986at33208a	HMAN.Chr9	1524649	1530584
619250at33208a	HMAN.Chr10	4455046	4456559
619326at33208a	HMAN.Chr2	4306977	4307327
619415at33208a	HMAN.Chr4	10720803	10721915
620546at33208a	HMAN.Chr8	959717	962676
621585at33208a	HMAN.Chr2	2543209	2544708
621808at33208a	HMAN.Chr1	7542480	7544291
622156at33208a	HMAN.Chr2	13079559	13081430
622172at33208a	HMAN.Chr3	872858	873634
622270at33208a	HMAN.Chr6	6580476	6581619
622461at33208a	HMAN.Chr7	4928319	4931482
622560at33208a	HMAN.Chr1	10021973	10022755
623138at33208a	HMAN.Chr5	7932802	7934380
623324at33208a	HMAN.Chr1	5642055	5642696
623444at33208a	HMAN.Chr7	6221593	6222491
625077at33208a	HMAN.Chr1	1580588	1581764
625091at33208a	HMAN.Chr2	7330533	7331258
625769at33208a	HMAN.Chr7	199780	201122
628082at33208a	HMAN.Chr2	14258665	14259509
628231at33208a	HMAN.Chr4	9296790	9297446
628247at33208a	HMAN.Chr9	1917849	1918836
629763at33208a	HMAN.Chr9	4859472	4859904
630073at33208a	HMAN.Chr11	8319819	8320706
631107at33208a	HMAN.Chr10	2295597	2298547
631173at33208a	HMAN.Chr10	7204092	7204891
631196at33208a	HMAN.Chr3	1323940	1324912
631662at33208a	HMAN.Chr10	7115384	7115836
631811at33208a	HMAN.Chr1	1247996	1249844
632234at33208a	HMAN.Chr5	11806075	11809023
632472at33208a	HMAN.Chr6	4876409	4878610
633007at33208a	HMAN.Chr3	7225555	7229028
633282at33208a	HMAN.Chr8	5544496	5545563
633619at33208a	HMAN.Chr1	8527646	8528616
634446at33208a	HMAN.Chr13	4274669	4275112
634447at33208a	HMAN.Chr10	1383829	1384726
636070at33208a	HMAN.Chr2	6330736	6331673
636300at33208a	HMAN.Chr7	2798528	2799022
636423at33208a	HMAN.Chr13	209800	211071
638541at33208a	HMAN.Chr9	7948563	7955461
639252at33208a	HMAN.Chr13	1605333	1606485
640349at33208a	HMAN.Chr4	6855063	6855414
641073at33208a	HMAN.Chr1	13272115	13275221
641257at33208a	HMAN.Chr4	11403130	11403925
642323at33208a	HMAN.Chr8	660265	661573
642552at33208a	HMAN.Chr11	446772	453379
642773at33208a	HMAN.Chr13	4012258	4012822
643380at33208a	HMAN.Chr8	4614350	4614973
643883at33208a	HMAN.Chr2	14078094	14079012
643954at33208a	HMAN.Chr4	3549304	3550695
649979at33208a	HMAN.Chr11	1211126	1212902
