5951at33208a	PCOS.OZ194476.1	1817461	1842571
9639at33208a	PCOS.OZ194473.1	45343010	45401135
13816at33208a	PCOS.OZ194480.1	14864013	14991920
14776at33208a	PCOS.OZ194477.1	6918346	6948401
16244at33208a	PCOS.OZ194483.1	1921022	1951614
40200at33208a	PCOS.OZ194479.1	3001682	3028476
49474at33208a	PCOS.OZ194483.1	19313815	19341965
50756at33208a	PCOS.OZ194479.1	22179882	22192200
56573at33208a	PCOS.OZ194474.1	2534869	2558785
57158at33208a	PCOS.OZ194489.1	110581	118237
63697at33208a	PCOS.OZ194487.1	9211722	9223429
64435at33208a	PCOS.OZ194483.1	3913802	3929637
65302at33208a	PCOS.OZ194475.1	8212583	8261866
66018at33208a	PCOS.OZ194478.1	26403381	26409506
75406at33208a	PCOS.OZ194478.1	363865	373144
76852at33208a	PCOS.OZ194482.1	16257442	16277969
84980at33208a	PCOS.OZ194485.1	1064206	1073542
88053at33208a	PCOS.OZ194475.1	236459	246641
99614at33208a	PCOS.OZ194480.1	10426140	10505659
99987at33208a	PCOS.OZ194477.1	12097068	12113183
102804at33208a	PCOS.OZ194478.1	22361169	22378208
103854at33208a	PCOS.OZ194473.1	8457160	8514133
107151at33208a	PCOS.OZ194475.1	11365628	11407945
107574at33208a	PCOS.OZ194473.1	8547641	8564472
108764at33208a	PCOS.OZ194487.1	4214155	4216548
109109at33208a	PCOS.OZ194478.1	25750798	25764875
111730at33208a	PCOS.OZ194485.1	69901	78380
111746at33208a	PCOS.OZ194475.1	28207730	28234143
114954at33208a	PCOS.OZ194489.1	10322725	10335370
118209at33208a	PCOS.OZ194488.1	2546777	2565859
119252at33208a	PCOS.OZ194479.1	19079745	19091344
119591at33208a	PCOS.OZ194483.1	4360756	4381968
121127at33208a	PCOS.OZ194477.1	5706838	5727298
123923at33208a	PCOS.OZ194482.1	20212580	20219967
124302at33208a	PCOS.OZ194474.1	32862575	32909032
127766at33208a	PCOS.OZ194486.1	7526168	7690957
129179at33208a	PCOS.OZ194475.1	31115189	31127923
130245at33208a	PCOS.OZ194476.1	34586118	34606036
130256at33208a	PCOS.OZ194486.1	4343	10316
131349at33208a	PCOS.OZ194475.1	33583383	33601621
131848at33208a	PCOS.OZ194487.1	2762907	2781314
132087at33208a	PCOS.OZ194473.1	52014127	52037554
134492at33208a	PCOS.OZ194474.1	25424372	25495094
135294at33208a	PCOS.OZ194475.1	36036869	36053872
137383at33208a	PCOS.OZ194489.1	48405	53909
139188at33208a	PCOS.OZ194472.1	7145035	7160483
143619at33208a	PCOS.OZ194479.1	17637004	17638770
143997at33208a	PCOS.OZ194480.1	8923363	8938029
146671at33208a	PCOS.OZ194477.1	10545236	10600170
147873at33208a	PCOS.OZ194475.1	32285449	32295789
148067at33208a	PCOS.OZ194476.1	15277869	15317151
148325at33208a	PCOS.OZ194480.1	16828837	16956068
152327at33208a	PCOS.OZ194477.1	6890533	6897777
152977at33208a	PCOS.OZ194477.1	10913509	10921353
153034at33208a	PCOS.OZ194486.1	1434688	1440263
157109at33208a	PCOS.OZ194477.1	24071008	24081122
158845at33208a	PCOS.OZ194485.1	198200	206511
158962at33208a	PCOS.OZ194473.1	52070417	52080493
162821at33208a	PCOS.OZ194480.1	7377936	7381098
164767at33208a	PCOS.OZ194485.1	283195	292512
166097at33208a	PCOS.OZ194475.1	27773770	27794532
168850at33208a	PCOS.OZ194476.1	34872650	34893589
168924at33208a	PCOS.OZ194474.1	36312796	36329893
169864at33208a	PCOS.OZ194476.1	607578	615605
172677at33208a	PCOS.OZ194483.1	4330836	4340750
177718at33208a	PCOS.OZ194473.1	24529477	24548535
177858at33208a	PCOS.OZ194476.1	25670009	25763327
178537at33208a	PCOS.OZ194480.1	9921027	10015974
179485at33208a	PCOS.OZ194487.1	12482661	12486864
180808at33208a	PCOS.OZ194487.1	11862829	11868170
182834at33208a	PCOS.OZ194472.1	37938739	37941054
184508at33208a	PCOS.OZ194473.1	45270924	45315701
184717at33208a	PCOS.OZ194474.1	30290447	30308405
186208at33208a	PCOS.OZ194483.1	6971042	7008648
186707at33208a	PCOS.OZ194484.1	13713420	13724444
189414at33208a	PCOS.OZ194487.1	8041743	8058818
190726at33208a	PCOS.OZ194484.1	1821821	1831899
191938at33208a	PCOS.OZ194486.1	12293085	12309112
192250at33208a	PCOS.OZ194474.1	37921846	37929996
194754at33208a	PCOS.OZ194479.1	15712698	15724127
195986at33208a	PCOS.OZ194477.1	15141883	15166271
196950at33208a	PCOS.OZ194487.1	11148902	11156649
197549at33208a	PCOS.OZ194474.1	46327671	46345553
197652at33208a	PCOS.OZ194482.1	14337082	14341757
200997at33208a	PCOS.OZ194478.1	4513199	4546672
201397at33208a	PCOS.OZ194473.1	502362	518885
202545at33208a	PCOS.OZ194474.1	38199777	38206868
203128at33208a	PCOS.OZ194473.1	1559861	1565174
206786at33208a	PCOS.OZ194484.1	15756412	15762977
207599at33208a	PCOS.OZ194473.1	4594225	4605336
208219at33208a	PCOS.OZ194473.1	15167310	15186256
210614at33208a	PCOS.OZ194486.1	12240544	12254625
212972at33208a	PCOS.OZ194477.1	22530848	22541042
214788at33208a	PCOS.OZ194476.1	33122631	33138593
215654at33208a	PCOS.OZ194481.1	14230477	14238702
216563at33208a	PCOS.OZ194488.1	205113	206969
218441at33208a	PCOS.OZ194481.1	19332491	19335415
219795at33208a	PCOS.OZ194476.1	17932005	17987544
219856at33208a	PCOS.OZ194472.1	53460090	53474063
222489at33208a	PCOS.OZ194477.1	6547699	6556253
223234at33208a	PCOS.OZ194486.1	4197590	4203301
224280at33208a	PCOS.OZ194486.1	4737333	4739481
226335at33208a	PCOS.OZ194489.1	4070066	4080625
226941at33208a	PCOS.OZ194479.1	12136688	12162936
227087at33208a	PCOS.OZ194484.1	122678	136019
227453at33208a	PCOS.OZ194479.1	3483036	3524353
227979at33208a	PCOS.OZ194473.1	37977584	38083493
231157at33208a	PCOS.OZ194474.1	23473787	23537373
231700at33208a	PCOS.OZ194487.1	110686	116931
234290at33208a	PCOS.OZ194474.1	33413948	33433902
235149at33208a	PCOS.OZ194475.1	37272793	37282906
235430at33208a	PCOS.OZ194477.1	2814916	2818927
235458at33208a	PCOS.OZ194473.1	51722163	51727408
239016at33208a	PCOS.OZ194477.1	29430911	29444261
239597at33208a	PCOS.OZ194473.1	5821827	5823903
240437at33208a	PCOS.OZ194472.1	22308749	22340375
244863at33208a	PCOS.OZ194477.1	10936202	10949308
245482at33208a	PCOS.OZ194473.1	5116140	5127200
245567at33208a	PCOS.OZ194479.1	3095982	3108657
246241at33208a	PCOS.OZ194486.1	3401736	3408535
247183at33208a	PCOS.OZ194480.1	2181815	2185592
247905at33208a	PCOS.OZ194475.1	34795099	34801023
249486at33208a	PCOS.OZ194479.1	21844958	21850801
251076at33208a	PCOS.OZ194482.1	792745	799615
251577at33208a	PCOS.OZ194483.1	1422465	1425878
255117at33208a	PCOS.OZ194476.1	33477569	33498825
255924at33208a	PCOS.OZ194472.1	35463880	35485663
257339at33208a	PCOS.OZ194479.1	2890884	2892206
259581at33208a	PCOS.OZ194472.1	31267550	31411112
260752at33208a	PCOS.OZ194482.1	18381399	18389039
261284at33208a	PCOS.OZ194478.1	29828348	29839349
261614at33208a	PCOS.OZ194479.1	23142678	23155882
262757at33208a	PCOS.OZ194487.1	63326	65336
266460at33208a	PCOS.OZ194483.1	3167628	3172068
266469at33208a	PCOS.OZ194486.1	1131610	1134375
266808at33208a	PCOS.OZ194478.1	10080324	10268599
267439at33208a	PCOS.OZ194488.1	1712146	1717532
268134at33208a	PCOS.OZ194474.1	43031261	43045731
268397at33208a	PCOS.OZ194472.1	40871237	40899914
270594at33208a	PCOS.OZ194473.1	11741827	11766590
271742at33208a	PCOS.OZ194477.1	16654277	16704644
272605at33208a	PCOS.OZ194474.1	2571648	2581319
273367at33208a	PCOS.OZ194480.1	2873221	2878705
273989at33208a	PCOS.OZ194472.1	29821018	29904848
274044at33208a	PCOS.OZ194478.1	26882172	26889302
274064at33208a	PCOS.OZ194474.1	33820201	33824977
274769at33208a	PCOS.OZ194488.1	3393443	3408801
274992at33208a	PCOS.OZ194472.1	21056799	21080512
277935at33208a	PCOS.OZ194480.1	3740028	3753474
278227at33208a	PCOS.OZ194472.1	427012	436616
279992at33208a	PCOS.OZ194472.1	41519267	41533233
280914at33208a	PCOS.OZ194483.1	418083	427288
281304at33208a	PCOS.OZ194481.1	20820336	20825460
281693at33208a	PCOS.OZ194480.1	21686314	21698013
283637at33208a	PCOS.OZ194476.1	4830151	4837590
284059at33208a	PCOS.OZ194487.1	11014752	11021917
285146at33208a	PCOS.OZ194481.1	16706531	16712597
285902at33208a	PCOS.OZ194476.1	37165988	37174118
285966at33208a	PCOS.OZ194480.1	5173790	5175577
286553at33208a	PCOS.OZ194478.1	25256958	25261781
289235at33208a	PCOS.OZ194477.1	950865	953364
289928at33208a	PCOS.OZ194485.1	5033253	5044364
291505at33208a	PCOS.OZ194481.1	18356175	18369286
291875at33208a	PCOS.OZ194472.1	6236492	6243520
300303at33208a	PCOS.OZ194484.1	16412599	16417671
301572at33208a	PCOS.OZ194472.1	37303719	37337579
302186at33208a	PCOS.OZ194485.1	14712673	14715279
302279at33208a	PCOS.OZ194489.1	813868	816995
302921at33208a	PCOS.OZ194474.1	5036143	5039903
303117at33208a	PCOS.OZ194483.1	3366440	3370391
304388at33208a	PCOS.OZ194487.1	10096844	10099704
305260at33208a	PCOS.OZ194485.1	12183243	12199115
306101at33208a	PCOS.OZ194482.1	18883332	18886560
307109at33208a	PCOS.OZ194482.1	152849	156098
308610at33208a	PCOS.OZ194484.1	14488617	14491562
311438at33208a	PCOS.OZ194484.1	13232270	13238282
311758at33208a	PCOS.OZ194483.1	19918172	19923633
311761at33208a	PCOS.OZ194478.1	26918848	26929122
312577at33208a	PCOS.OZ194476.1	1873646	1878958
313091at33208a	PCOS.OZ194481.1	1741424	1747689
315044at33208a	PCOS.OZ194482.1	16805861	16811308
315393at33208a	PCOS.OZ194474.1	25372162	25399185
317470at33208a	PCOS.OZ194474.1	43742348	43751919
318483at33208a	PCOS.OZ194478.1	28126124	28132575
318532at33208a	PCOS.OZ194472.1	54320018	54328695
319574at33208a	PCOS.OZ194475.1	6898989	6911096
323399at33208a	PCOS.OZ194474.1	4750726	4757506
324249at33208a	PCOS.OZ194481.1	18994558	18999439
325183at33208a	PCOS.OZ194477.1	16350176	16353443
327301at33208a	PCOS.OZ194474.1	39080231	39085711
331112at33208a	PCOS.OZ194478.1	9279842	9405723
331186at33208a	PCOS.OZ194478.1	29825664	29827409
332870at33208a	PCOS.OZ194485.1	1200167	1201648
333062at33208a	PCOS.OZ194479.1	7666514	7756734
333800at33208a	PCOS.OZ194485.1	9662354	9809617
334331at33208a	PCOS.OZ194488.1	5474420	5538983
334336at33208a	PCOS.OZ194472.1	45955681	45968776
334342at33208a	PCOS.OZ194481.1	13426620	13432692
334764at33208a	PCOS.OZ194474.1	42261598	42268299
334820at33208a	PCOS.OZ194484.1	13725363	13730943
335107at33208a	PCOS.OZ194480.1	20859471	20878239
336647at33208a	PCOS.OZ194478.1	1569614	1585855
338191at33208a	PCOS.OZ194486.1	1423186	1427721
338482at33208a	PCOS.OZ194487.1	1136697	1150214
339127at33208a	PCOS.OZ194478.1	28063481	28066679
339319at33208a	PCOS.OZ194477.1	953995	957054
340558at33208a	PCOS.OZ194489.1	1982534	1985120
340577at33208a	PCOS.OZ194480.1	23803280	23810793
344346at33208a	PCOS.OZ194476.1	21403710	21432341
344442at33208a	PCOS.OZ194473.1	2913968	2919385
344581at33208a	PCOS.OZ194481.1	13880686	13883510
344611at33208a	PCOS.OZ194472.1	913598	921640
345099at33208a	PCOS.OZ194479.1	22416144	22431228
345959at33208a	PCOS.OZ194481.1	19261433	19266123
346541at33208a	PCOS.OZ194479.1	21851403	21855609
347600at33208a	PCOS.OZ194474.1	30373258	30392414
348449at33208a	PCOS.OZ194476.1	2835012	2841553
348544at33208a	PCOS.OZ194473.1	4690348	4696566
348761at33208a	PCOS.OZ194474.1	42561622	42569402
349064at33208a	PCOS.OZ194485.1	6263240	6288902
351226at33208a	PCOS.OZ194478.1	14036777	14047795
352600at33208a	PCOS.OZ194476.1	4442636	4446590
352854at33208a	PCOS.OZ194484.1	636809	644722
353286at33208a	PCOS.OZ194487.1	8072341	8081479
353768at33208a	PCOS.OZ194488.1	211849	214017
354829at33208a	PCOS.OZ194486.1	5756792	5763398
354949at33208a	PCOS.OZ194488.1	2763246	2765187
355210at33208a	PCOS.OZ194475.1	3912970	3927059
355739at33208a	PCOS.OZ194475.1	27219161	27233836
356175at33208a	PCOS.OZ194475.1	37112552	37120605
356334at33208a	PCOS.OZ194473.1	51978560	51993032
356503at33208a	PCOS.OZ194476.1	2012472	2015292
357580at33208a	PCOS.OZ194473.1	5045806	5050394
359075at33208a	PCOS.OZ194474.1	3892528	3898314
359324at33208a	PCOS.OZ194487.1	5725842	5731394
359369at33208a	PCOS.OZ194479.1	21840651	21844561
359532at33208a	PCOS.OZ194476.1	9078543	9085710
360753at33208a	PCOS.OZ194474.1	29713270	29725779
361100at33208a	PCOS.OZ194478.1	28067117	28069186
361203at33208a	PCOS.OZ194473.1	28711555	28728734
361216at33208a	PCOS.OZ194486.1	1316001	1320188
363840at33208a	PCOS.OZ194476.1	10647452	10648651
363851at33208a	PCOS.OZ194474.1	46228090	46233349
364383at33208a	PCOS.OZ194474.1	6670508	6673693
364694at33208a	PCOS.OZ194476.1	37404203	37413225
365323at33208a	PCOS.OZ194472.1	5059973	5063015
365561at33208a	PCOS.OZ194475.1	24936683	24958396
365691at33208a	PCOS.OZ194489.1	2098119	2107469
366124at33208a	PCOS.OZ194479.1	20575822	20577689
366936at33208a	PCOS.OZ194481.1	16537872	16540766
367493at33208a	PCOS.OZ194474.1	11040265	11054506
367551at33208a	PCOS.OZ194475.1	31592784	31605386
367596at33208a	PCOS.OZ194487.1	5537885	5578483
367957at33208a	PCOS.OZ194478.1	28914717	28917950
368565at33208a	PCOS.OZ194479.1	18622705	18628139
371241at33208a	PCOS.OZ194478.1	28995633	28999251
371297at33208a	PCOS.OZ194475.1	27988057	28013637
371526at33208a	PCOS.OZ194482.1	8140206	8199697
372257at33208a	PCOS.OZ194489.1	10019275	10027037
372707at33208a	PCOS.OZ194473.1	50608092	50612300
373040at33208a	PCOS.OZ194476.1	23941554	23968684
376982at33208a	PCOS.OZ194478.1	4483423	4490888
378033at33208a	PCOS.OZ194473.1	27351793	27382799
378316at33208a	PCOS.OZ194475.1	31422874	31426364
378768at33208a	PCOS.OZ194474.1	31849480	31870449
379636at33208a	PCOS.OZ194472.1	45936831	45941601
380583at33208a	PCOS.OZ194473.1	49820158	49822986
382000at33208a	PCOS.OZ194477.1	5971255	5972822
382262at33208a	PCOS.OZ194476.1	33849800	33869527
382750at33208a	PCOS.OZ194473.1	16606059	16614640
383313at33208a	PCOS.OZ194483.1	81520	84471
384187at33208a	PCOS.OZ194488.1	12273614	12277045
386666at33208a	PCOS.OZ194489.1	11520601	11523644
387079at33208a	PCOS.OZ194472.1	1661462	1665974
387878at33208a	PCOS.OZ194475.1	35392576	35398635
389367at33208a	PCOS.OZ194483.1	18810193	18814597
389527at33208a	PCOS.OZ194477.1	20462605	20646281
389570at33208a	PCOS.OZ194472.1	26916703	26921559
389591at33208a	PCOS.OZ194472.1	702131	706464
390192at33208a	PCOS.OZ194486.1	2632318	2633593
391896at33208a	PCOS.OZ194474.1	39700442	39704665
393219at33208a	PCOS.OZ194482.1	14342420	14343637
393291at33208a	PCOS.OZ194474.1	33966042	33982355
393419at33208a	PCOS.OZ194478.1	6206341	6245833
393895at33208a	PCOS.OZ194477.1	5875535	5879325
395147at33208a	PCOS.OZ194472.1	5052185	5058708
395183at33208a	PCOS.OZ194472.1	49313301	49317322
395556at33208a	PCOS.OZ194489.1	590018	591503
396237at33208a	PCOS.OZ194478.1	19967930	19973081
397019at33208a	PCOS.OZ194482.1	7860946	8005858
397659at33208a	PCOS.OZ194477.1	4065306	4069352
398013at33208a	PCOS.OZ194482.1	16506712	16509966
398202at33208a	PCOS.OZ194485.1	397228	399306
398607at33208a	PCOS.OZ194486.1	7185994	7209038
399092at33208a	PCOS.OZ194476.1	8314622	8323500
399439at33208a	PCOS.OZ194479.1	21804259	21813086
400042at33208a	PCOS.OZ194486.1	4722389	4733606
401196at33208a	PCOS.OZ194485.1	12795618	12805447
401220at33208a	PCOS.OZ194487.1	9665909	9674831
401679at33208a	PCOS.OZ194474.1	7053153	7058308
401779at33208a	PCOS.OZ194489.1	11659895	11662485
403171at33208a	PCOS.OZ194472.1	4248592	4252911
403817at33208a	PCOS.OZ194480.1	4485619	4489276
404988at33208a	PCOS.OZ194486.1	11369800	11371477
406927at33208a	PCOS.OZ194473.1	15327097	15331603
409006at33208a	PCOS.OZ194486.1	12453000	12455870
409186at33208a	PCOS.OZ194475.1	31108811	31113930
411515at33208a	PCOS.OZ194486.1	3867079	3869177
411664at33208a	PCOS.OZ194479.1	867657	874072
411755at33208a	PCOS.OZ194478.1	25106663	25112195
412370at33208a	PCOS.OZ194481.1	15086465	15093260
412542at33208a	PCOS.OZ194483.1	17654644	17659393
412930at33208a	PCOS.OZ194475.1	29662020	29664970
413334at33208a	PCOS.OZ194478.1	28881669	28883963
414001at33208a	PCOS.OZ194487.1	314180	317186
414571at33208a	PCOS.OZ194476.1	36301858	36304646
414579at33208a	PCOS.OZ194479.1	18634462	18636733
414603at33208a	PCOS.OZ194472.1	45795226	45802550
415618at33208a	PCOS.OZ194473.1	11788148	11793088
416175at33208a	PCOS.OZ194482.1	19976614	19979801
418979at33208a	PCOS.OZ194480.1	20892706	20898101
419502at33208a	PCOS.OZ194485.1	12784249	12794825
419914at33208a	PCOS.OZ194481.1	18637140	18642139
421685at33208a	PCOS.OZ194486.1	1855237	1858536
421732at33208a	PCOS.OZ194475.1	5257433	5266439
422158at33208a	PCOS.OZ194480.1	3547145	3550068
422751at33208a	PCOS.OZ194474.1	42424427	42430700
423799at33208a	PCOS.OZ194478.1	7572363	7600536
423848at33208a	PCOS.OZ194474.1	39488435	39495568
424392at33208a	PCOS.OZ194479.1	7166952	7187472
424646at33208a	PCOS.OZ194482.1	18643833	18645963
427349at33208a	PCOS.OZ194480.1	226754	228941
427789at33208a	PCOS.OZ194474.1	9703697	9725550
428202at33208a	PCOS.OZ194476.1	731826	741041
429011at33208a	PCOS.OZ194473.1	51099570	51102278
429274at33208a	PCOS.OZ194481.1	20678499	20680565
429751at33208a	PCOS.OZ194489.1	5310250	5330121
430701at33208a	PCOS.OZ194473.1	3791149	3792698
432050at33208a	PCOS.OZ194472.1	841709	845015
432155at33208a	PCOS.OZ194472.1	38901975	38921968
432287at33208a	PCOS.OZ194478.1	29168182	29170230
432522at33208a	PCOS.OZ194475.1	37071056	37073698
433216at33208a	PCOS.OZ194482.1	16285504	16287451
433606at33208a	PCOS.OZ194476.1	3225490	3227131
434068at33208a	PCOS.OZ194483.1	1995987	2003302
434863at33208a	PCOS.OZ194474.1	31379366	31405162
435253at33208a	PCOS.OZ194476.1	6820251	6829419
435678at33208a	PCOS.OZ194476.1	18016298	18052218
435921at33208a	PCOS.OZ194476.1	2260639	2262170
435939at33208a	PCOS.OZ194473.1	51195791	51199886
436098at33208a	PCOS.OZ194473.1	44225870	44228649
436539at33208a	PCOS.OZ194487.1	6824260	6837916
437653at33208a	PCOS.OZ194485.1	4858413	4863840
438133at33208a	PCOS.OZ194479.1	15853531	15859726
438433at33208a	PCOS.OZ194474.1	17798030	17898680
438453at33208a	PCOS.OZ194475.1	4364939	4376014
439736at33208a	PCOS.OZ194486.1	12908366	12912857
440195at33208a	PCOS.OZ194484.1	14945510	14950354
440493at33208a	PCOS.OZ194475.1	23659672	23669385
441575at33208a	PCOS.OZ194475.1	9333574	9348493
442169at33208a	PCOS.OZ194477.1	6970528	6975804
442203at33208a	PCOS.OZ194479.1	18282056	18285257
442823at33208a	PCOS.OZ194488.1	11046528	11055810
443305at33208a	PCOS.OZ194473.1	52045155	52056703
443659at33208a	PCOS.OZ194479.1	1286194	1288891
443928at33208a	PCOS.OZ194485.1	3215984	3218857
444160at33208a	PCOS.OZ194483.1	18441065	18443955
444231at33208a	PCOS.OZ194489.1	5278462	5282490
445031at33208a	PCOS.OZ194487.1	12548116	12550877
445034at33208a	PCOS.OZ194477.1	20917266	21025747
445091at33208a	PCOS.OZ194475.1	28704633	28713342
446000at33208a	PCOS.OZ194473.1	14708425	14710024
446031at33208a	PCOS.OZ194481.1	17239180	17244775
447320at33208a	PCOS.OZ194474.1	15434687	15515567
447400at33208a	PCOS.OZ194474.1	34483410	34489824
448196at33208a	PCOS.OZ194482.1	13972090	13981664
449056at33208a	PCOS.OZ194475.1	115957	118610
449139at33208a	PCOS.OZ194473.1	11941627	11951615
449189at33208a	PCOS.OZ194475.1	28935395	28955976
450643at33208a	PCOS.OZ194481.1	16046961	16051094
450785at33208a	PCOS.OZ194473.1	39845297	39871845
451242at33208a	PCOS.OZ194479.1	16333319	16342113
451957at33208a	PCOS.OZ194475.1	35148264	35154247
452208at33208a	PCOS.OZ194472.1	3206121	3213806
452499at33208a	PCOS.OZ194478.1	19963338	19967477
452574at33208a	PCOS.OZ194482.1	13210234	13220735
453049at33208a	PCOS.OZ194485.1	2597685	2600756
453052at33208a	PCOS.OZ194479.1	3066693	3076085
453056at33208a	PCOS.OZ194475.1	36634620	36643809
453687at33208a	PCOS.OZ194486.1	4564773	4573002
454911at33208a	PCOS.OZ194475.1	35399751	35422544
455512at33208a	PCOS.OZ194475.1	26151090	26164267
455941at33208a	PCOS.OZ194481.1	3831812	3847423
457777at33208a	PCOS.OZ194473.1	51902065	51908451
458807at33208a	PCOS.OZ194483.1	6665518	6673103
458974at33208a	PCOS.OZ194474.1	30188583	30189725
458988at33208a	PCOS.OZ194478.1	24326049	24334342
459253at33208a	PCOS.OZ194477.1	5903959	5906409
460044at33208a	PCOS.OZ194476.1	30565746	30625563
460518at33208a	PCOS.OZ194472.1	4803553	4807252
461123at33208a	PCOS.OZ194475.1	34777377	34778568
461193at33208a	PCOS.OZ194486.1	1031942	1036423
462325at33208a	PCOS.OZ194473.1	49232592	49241068
462897at33208a	PCOS.OZ194473.1	11352460	11363026
463071at33208a	PCOS.OZ194473.1	41881108	41908509
464204at33208a	PCOS.OZ194481.1	2811511	2821892
464243at33208a	PCOS.OZ194474.1	46089865	46096369
464286at33208a	PCOS.OZ194481.1	16327304	16336997
464312at33208a	PCOS.OZ194477.1	16234932	16245273
464987at33208a	PCOS.OZ194482.1	18379167	18380503
465092at33208a	PCOS.OZ194472.1	15523461	15587322
465401at33208a	PCOS.OZ194473.1	43948526	43949377
465512at33208a	PCOS.OZ194478.1	25765998	25769626
465651at33208a	PCOS.OZ194479.1	16470006	16473265
465703at33208a	PCOS.OZ194472.1	19974525	20022497
465933at33208a	PCOS.OZ194479.1	21773110	21775683
466942at33208a	PCOS.OZ194482.1	16828706	16831541
467106at33208a	PCOS.OZ194485.1	14669386	14673855
467142at33208a	PCOS.OZ194476.1	9229020	9243846
467744at33208a	PCOS.OZ194474.1	38072929	38075246
468248at33208a	PCOS.OZ194480.1	17295796	17344573
468359at33208a	PCOS.OZ194488.1	12369102	12372434
468710at33208a	PCOS.OZ194474.1	4388941	4390959
468757at33208a	PCOS.OZ194477.1	1404692	1410267
469367at33208a	PCOS.OZ194484.1	808632	814862
470197at33208a	PCOS.OZ194479.1	639764	648153
470523at33208a	PCOS.OZ194473.1	12397320	12403035
471608at33208a	PCOS.OZ194483.1	3775778	3777906
471787at33208a	PCOS.OZ194485.1	419656	423037
472313at33208a	PCOS.OZ194485.1	2698900	2701201
472352at33208a	PCOS.OZ194473.1	23924028	23953502
473106at33208a	PCOS.OZ194477.1	1772797	1777092
474144at33208a	PCOS.OZ194483.1	3351368	3352380
474302at33208a	PCOS.OZ194488.1	1414592	1421271
474387at33208a	PCOS.OZ194473.1	9161503	9168563
475826at33208a	PCOS.OZ194472.1	36791057	36800376
476036at33208a	PCOS.OZ194474.1	46387850	46391389
477052at33208a	PCOS.OZ194481.1	17087855	17088889
477939at33208a	PCOS.OZ194473.1	41686658	41688945
477998at33208a	PCOS.OZ194473.1	5229892	5241888
478073at33208a	PCOS.OZ194488.1	11007312	11012135
478984at33208a	PCOS.OZ194486.1	3796495	3798818
480735at33208a	PCOS.OZ194484.1	10781519	10809684
481557at33208a	PCOS.OZ194482.1	1385468	1391537
482691at33208a	PCOS.OZ194482.1	19548010	19550917
483489at33208a	PCOS.OZ194472.1	4788852	4791585
485003at33208a	PCOS.OZ194476.1	105244	106585
485696at33208a	PCOS.OZ194477.1	7837205	7840443
486370at33208a	PCOS.OZ194486.1	1183184	1186095
486431at33208a	PCOS.OZ194481.1	12178181	12190688
486743at33208a	PCOS.OZ194481.1	16262849	16266123
486993at33208a	PCOS.OZ194488.1	1903402	1908112
487873at33208a	PCOS.OZ194478.1	1007194	1009013
487987at33208a	PCOS.OZ194472.1	3228467	3231509
488559at33208a	PCOS.OZ194473.1	17549974	17555470
488635at33208a	PCOS.OZ194481.1	632950	638751
489359at33208a	PCOS.OZ194482.1	16322977	16327425
489858at33208a	PCOS.OZ194482.1	17014469	17017120
489997at33208a	PCOS.OZ194473.1	48848275	48858553
490248at33208a	PCOS.OZ194482.1	18460310	18462367
491252at33208a	PCOS.OZ194484.1	1542294	1547690
491289at33208a	PCOS.OZ194475.1	4648173	4657038
492033at33208a	PCOS.OZ194482.1	252197	253861
493148at33208a	PCOS.OZ194481.1	10275922	10316585
493505at33208a	PCOS.OZ194476.1	18749969	18753273
493913at33208a	PCOS.OZ194477.1	180559	184382
494057at33208a	PCOS.OZ194475.1	24493879	24543926
495100at33208a	PCOS.OZ194485.1	350990	354789
495175at33208a	PCOS.OZ194478.1	22378549	22380126
495207at33208a	PCOS.OZ194482.1	343571	349222
495311at33208a	PCOS.OZ194480.1	106302	108688
495329at33208a	PCOS.OZ194474.1	7333545	7334180
495389at33208a	PCOS.OZ194472.1	45108120	45111852
495605at33208a	PCOS.OZ194473.1	51341100	51345730
495802at33208a	PCOS.OZ194480.1	1604478	1606050
495926at33208a	PCOS.OZ194482.1	20234306	20236005
496070at33208a	PCOS.OZ194478.1	4262828	4263538
496219at33208a	PCOS.OZ194479.1	22710224	22713673
498535at33208a	PCOS.OZ194472.1	32573334	32600921
500261at33208a	PCOS.OZ194484.1	14779155	14782416
500808at33208a	PCOS.OZ194489.1	3696384	3705070
501396at33208a	PCOS.OZ194484.1	10831880	10840584
501546at33208a	PCOS.OZ194485.1	7838526	7845304
501788at33208a	PCOS.OZ194472.1	26927299	26942141
502128at33208a	PCOS.OZ194473.1	9533709	9537130
502407at33208a	PCOS.OZ194476.1	15203950	15213912
502691at33208a	PCOS.OZ194477.1	6024145	6028399
503333at33208a	PCOS.OZ194482.1	19513410	19516066
503828at33208a	PCOS.OZ194481.1	6534921	6628984
504207at33208a	PCOS.OZ194474.1	34960710	34973215
504292at33208a	PCOS.OZ194477.1	3202158	3204519
504691at33208a	PCOS.OZ194478.1	27955959	27956631
504731at33208a	PCOS.OZ194477.1	2713152	2715969
504912at33208a	PCOS.OZ194476.1	5315774	5321044
505248at33208a	PCOS.OZ194486.1	11112430	11118686
505718at33208a	PCOS.OZ194484.1	10867	13590
508188at33208a	PCOS.OZ194478.1	23364190	23366800
508379at33208a	PCOS.OZ194482.1	11209434	11247369
508986at33208a	PCOS.OZ194474.1	1140584	1142864
509494at33208a	PCOS.OZ194479.1	8846303	8868769
509816at33208a	PCOS.OZ194479.1	1838561	1844706
510174at33208a	PCOS.OZ194477.1	16359539	16373859
510522at33208a	PCOS.OZ194487.1	11989244	11990851
510581at33208a	PCOS.OZ194472.1	5068651	5071668
511272at33208a	PCOS.OZ194475.1	33801217	33802925
511386at33208a	PCOS.OZ194475.1	2480277	2502447
511575at33208a	PCOS.OZ194472.1	28753268	28782323
511668at33208a	PCOS.OZ194476.1	10169728	10178753
514121at33208a	PCOS.OZ194485.1	3745565	3749274
514296at33208a	PCOS.OZ194474.1	38437224	38439430
514565at33208a	PCOS.OZ194479.1	22872114	22875710
514675at33208a	PCOS.OZ194482.1	20293322	20297178
514698at33208a	PCOS.OZ194486.1	135500	137183
514724at33208a	PCOS.OZ194484.1	12415347	12420651
514740at33208a	PCOS.OZ194485.1	5878876	5879505
514834at33208a	PCOS.OZ194481.1	18381164	18383406
514892at33208a	PCOS.OZ194476.1	18702927	18717683
515410at33208a	PCOS.OZ194473.1	37111267	37174604
515425at33208a	PCOS.OZ194488.1	2716866	2723906
515640at33208a	PCOS.OZ194475.1	24867158	24891648
516078at33208a	PCOS.OZ194479.1	23596450	23597682
516321at33208a	PCOS.OZ194480.1	21081470	21086518
516481at33208a	PCOS.OZ194474.1	29850423	29860773
516659at33208a	PCOS.OZ194477.1	5965338	5968507
516716at33208a	PCOS.OZ194480.1	23039972	23042482
517311at33208a	PCOS.OZ194484.1	14561749	14563320
517525at33208a	PCOS.OZ194476.1	12221209	12233601
517686at33208a	PCOS.OZ194478.1	27488430	27489353
517968at33208a	PCOS.OZ194481.1	1828522	1836277
518288at33208a	PCOS.OZ194486.1	200629	204857
518569at33208a	PCOS.OZ194473.1	2709678	2717351
518635at33208a	PCOS.OZ194483.1	3215655	3220040
519303at33208a	PCOS.OZ194480.1	3492840	3496219
519777at33208a	PCOS.OZ194487.1	8095420	8098438
520011at33208a	PCOS.OZ194476.1	37117182	37123656
521343at33208a	PCOS.OZ194478.1	15555446	15566095
522886at33208a	PCOS.OZ194472.1	28730369	28753025
522988at33208a	PCOS.OZ194482.1	17705801	17707870
523206at33208a	PCOS.OZ194472.1	27857735	27866974
523376at33208a	PCOS.OZ194481.1	16696621	16699567
523534at33208a	PCOS.OZ194481.1	1885157	1890256
524165at33208a	PCOS.OZ194481.1	7714370	7799609
524322at33208a	PCOS.OZ194480.1	4495948	4500326
525542at33208a	PCOS.OZ194474.1	4758410	4761129
525888at33208a	PCOS.OZ194476.1	10328938	10331114
526074at33208a	PCOS.OZ194474.1	30097865	30099252
526487at33208a	PCOS.OZ194485.1	553193	555469
526673at33208a	PCOS.OZ194474.1	31728749	31753539
527406at33208a	PCOS.OZ194476.1	33776001	33789511
528325at33208a	PCOS.OZ194475.1	33389202	33392162
529092at33208a	PCOS.OZ194479.1	20855400	20856933
529093at33208a	PCOS.OZ194479.1	843356	845987
529708at33208a	PCOS.OZ194477.1	29271322	29277492
530431at33208a	PCOS.OZ194475.1	31795195	31801853
532406at33208a	PCOS.OZ194482.1	902603	908374
532693at33208a	PCOS.OZ194485.1	3113595	3116714
532728at33208a	PCOS.OZ194489.1	960964	962183
532930at33208a	PCOS.OZ194486.1	2367750	2368822
533666at33208a	PCOS.OZ194480.1	20988292	20993915
533690at33208a	PCOS.OZ194486.1	730473	732720
534172at33208a	PCOS.OZ194488.1	1019648	1021866
534206at33208a	PCOS.OZ194474.1	46724515	46727969
534312at33208a	PCOS.OZ194474.1	6867908	6871549
534808at33208a	PCOS.OZ194479.1	23205907	23210625
535268at33208a	PCOS.OZ194478.1	26172190	26175935
535524at33208a	PCOS.OZ194472.1	24012762	24059947
535650at33208a	PCOS.OZ194484.1	14112263	14113280
535664at33208a	PCOS.OZ194475.1	36167274	36168649
535782at33208a	PCOS.OZ194477.1	9507265	9508371
535806at33208a	PCOS.OZ194489.1	1573642	1575261
536251at33208a	PCOS.OZ194477.1	8759516	8762406
537470at33208a	PCOS.OZ194479.1	21315894	21318733
537548at33208a	PCOS.OZ194473.1	12309553	12319331
537718at33208a	PCOS.OZ194483.1	6890556	6895055
537923at33208a	PCOS.OZ194486.1	19091	20048
539043at33208a	PCOS.OZ194472.1	5841353	5842507
539215at33208a	PCOS.OZ194474.1	869404	871422
539234at33208a	PCOS.OZ194486.1	797361	798718
539360at33208a	PCOS.OZ194472.1	30237045	30248873
540193at33208a	PCOS.OZ194476.1	11868985	11870130
541231at33208a	PCOS.OZ194480.1	20675624	20678829
541260at33208a	PCOS.OZ194474.1	2569375	2570878
541421at33208a	PCOS.OZ194488.1	11423251	11426698
543124at33208a	PCOS.OZ194480.1	5844849	5855416
543269at33208a	PCOS.OZ194484.1	14720001	14722845
544546at33208a	PCOS.OZ194481.1	3795909	3802908
544919at33208a	PCOS.OZ194473.1	17430398	17436269
545063at33208a	PCOS.OZ194476.1	7591631	7594903
545389at33208a	PCOS.OZ194483.1	3221908	3223100
545641at33208a	PCOS.OZ194485.1	3191757	3193306
545744at33208a	PCOS.OZ194480.1	20250947	20254790
545889at33208a	PCOS.OZ194480.1	3074040	3078575
546751at33208a	PCOS.OZ194477.1	11491793	11495933
547099at33208a	PCOS.OZ194487.1	12098686	12100569
547341at33208a	PCOS.OZ194477.1	21653968	21682900
547766at33208a	PCOS.OZ194484.1	15419166	15421529
548327at33208a	PCOS.OZ194485.1	526645	527646
548444at33208a	PCOS.OZ194476.1	12129581	12137901
548732at33208a	PCOS.OZ194474.1	12633588	12667167
549156at33208a	PCOS.OZ194474.1	4372004	4373984
549988at33208a	PCOS.OZ194480.1	1347804	1349691
551166at33208a	PCOS.OZ194473.1	51469778	51470370
551620at33208a	PCOS.OZ194486.1	1401344	1404510
551632at33208a	PCOS.OZ194486.1	12508727	12510744
551831at33208a	PCOS.OZ194472.1	23555909	23638653
552201at33208a	PCOS.OZ194483.1	1215117	1216751
552359at33208a	PCOS.OZ194476.1	5186693	5188565
552949at33208a	PCOS.OZ194476.1	37742865	37745480
553585at33208a	PCOS.OZ194472.1	7130229	7132869
554010at33208a	PCOS.OZ194486.1	12997314	13000811
554815at33208a	PCOS.OZ194475.1	33673533	33675586
555162at33208a	PCOS.OZ194477.1	15264602	15270645
555390at33208a	PCOS.OZ194472.1	23942	27327
555538at33208a	PCOS.OZ194475.1	5810119	5811854
556039at33208a	PCOS.OZ194475.1	5554319	5555428
556189at33208a	PCOS.OZ194479.1	6923778	6943330
556337at33208a	PCOS.OZ194473.1	7591001	7592440
556445at33208a	PCOS.OZ194475.1	31536230	31537717
556461at33208a	PCOS.OZ194480.1	13738375	13813515
556510at33208a	PCOS.OZ194474.1	6192724	6198835
556587at33208a	PCOS.OZ194474.1	5498019	5503618
556750at33208a	PCOS.OZ194472.1	55257626	55265367
556925at33208a	PCOS.OZ194474.1	9568039	9583822
557292at33208a	PCOS.OZ194474.1	4013001	4018720
557596at33208a	PCOS.OZ194488.1	1316141	1317683
557694at33208a	PCOS.OZ194478.1	28355752	28357179
557962at33208a	PCOS.OZ194473.1	10730123	10733762
558368at33208a	PCOS.OZ194484.1	11862827	11876124
558385at33208a	PCOS.OZ194486.1	5198889	5213865
558552at33208a	PCOS.OZ194481.1	3572421	3579844
558791at33208a	PCOS.OZ194480.1	3911990	3916353
558897at33208a	PCOS.OZ194480.1	8357082	8358292
558933at33208a	PCOS.OZ194478.1	24826792	24829198
559146at33208a	PCOS.OZ194476.1	970945	971814
559501at33208a	PCOS.OZ194472.1	4412779	4415314
559576at33208a	PCOS.OZ194473.1	14076420	14078982
559732at33208a	PCOS.OZ194476.1	1306456	1309088
559883at33208a	PCOS.OZ194486.1	2477334	2478966
560453at33208a	PCOS.OZ194474.1	36542828	36556692
560566at33208a	PCOS.OZ194476.1	37329707	37334825
560584at33208a	PCOS.OZ194480.1	23539052	23540151
560694at33208a	PCOS.OZ194473.1	1700138	1703318
561054at33208a	PCOS.OZ194476.1	35361755	35363926
561248at33208a	PCOS.OZ194475.1	215966	219529
561417at33208a	PCOS.OZ194482.1	12045136	12051743
561878at33208a	PCOS.OZ194472.1	55368448	55379876
561943at33208a	PCOS.OZ194488.1	12379608	12381470
562780at33208a	PCOS.OZ194478.1	977612	979409
563084at33208a	PCOS.OZ194473.1	9132699	9139803
563358at33208a	PCOS.OZ194480.1	4357997	4360393
563359at33208a	PCOS.OZ194472.1	31037651	31091018
563426at33208a	PCOS.OZ194484.1	1675804	1685212
563679at33208a	PCOS.OZ194473.1	40083567	40084061
564286at33208a	PCOS.OZ194487.1	8038764	8040826
565053at33208a	PCOS.OZ194472.1	1402893	1406807
566026at33208a	PCOS.OZ194475.1	3787815	3792510
566116at33208a	PCOS.OZ194477.1	4028658	4031137
566262at33208a	PCOS.OZ194472.1	53120508	53121881
566447at33208a	PCOS.OZ194487.1	9932987	9936834
566527at33208a	PCOS.OZ194472.1	10699462	10706034
566916at33208a	PCOS.OZ194476.1	37113845	37115072
567650at33208a	PCOS.OZ194484.1	12470128	12474855
567750at33208a	PCOS.OZ194486.1	12224914	12226420
567809at33208a	PCOS.OZ194474.1	8018706	8028694
568022at33208a	PCOS.OZ194475.1	30704422	30707583
568170at33208a	PCOS.OZ194475.1	8864315	8876085
568839at33208a	PCOS.OZ194479.1	22002443	22004815
568949at33208a	PCOS.OZ194483.1	987023	989585
569294at33208a	PCOS.OZ194482.1	10461459	10462307
569303at33208a	PCOS.OZ194480.1	22110487	22118314
569812at33208a	PCOS.OZ194486.1	3031236	3037253
569878at33208a	PCOS.OZ194473.1	12570529	12581352
570262at33208a	PCOS.OZ194476.1	10635434	10637811
570646at33208a	PCOS.OZ194472.1	129134	130879
570717at33208a	PCOS.OZ194474.1	46915010	46920544
571149at33208a	PCOS.OZ194474.1	7178941	7184181
572074at33208a	PCOS.OZ194477.1	3606787	3609166
572434at33208a	PCOS.OZ194485.1	5667953	5676192
572463at33208a	PCOS.OZ194477.1	10921981	10924644
572754at33208a	PCOS.OZ194480.1	23517323	23518122
572845at33208a	PCOS.OZ194476.1	35814652	35816167
573203at33208a	PCOS.OZ194477.1	5789516	5795026
573237at33208a	PCOS.OZ194484.1	16064950	16066900
574311at33208a	PCOS.OZ194478.1	19079806	19090612
575360at33208a	PCOS.OZ194477.1	9691512	9694150
576633at33208a	PCOS.OZ194489.1	2677824	2680649
576938at33208a	PCOS.OZ194476.1	37564635	37565700
576997at33208a	PCOS.OZ194473.1	51301795	51303959
577068at33208a	PCOS.OZ194473.1	49935946	49942793
577339at33208a	PCOS.OZ194481.1	15312702	15314732
577929at33208a	PCOS.OZ194472.1	54260638	54266674
578354at33208a	PCOS.OZ194477.1	7465613	7466580
578582at33208a	PCOS.OZ194481.1	15960986	15964727
578684at33208a	PCOS.OZ194489.1	2265386	2270521
578734at33208a	PCOS.OZ194484.1	15933135	15934887
578959at33208a	PCOS.OZ194481.1	5469727	5477655
580062at33208a	PCOS.OZ194472.1	33587832	33695693
580288at33208a	PCOS.OZ194475.1	973234	974420
580851at33208a	PCOS.OZ194475.1	28741497	28742459
580896at33208a	PCOS.OZ194477.1	13701473	13722307
581006at33208a	PCOS.OZ194475.1	35078937	35080636
581475at33208a	PCOS.OZ194473.1	43884545	43885756
581543at33208a	PCOS.OZ194487.1	12256697	12263604
581547at33208a	PCOS.OZ194485.1	6195115	6200229
581621at33208a	PCOS.OZ194476.1	21757856	21785052
581717at33208a	PCOS.OZ194475.1	27458928	27472211
581779at33208a	PCOS.OZ194477.1	12521026	12526318
582265at33208a	PCOS.OZ194484.1	16088543	16090986
582341at33208a	PCOS.OZ194472.1	13848762	13859298
582473at33208a	PCOS.OZ194477.1	7447590	7449948
582823at33208a	PCOS.OZ194478.1	18753546	18785238
582951at33208a	PCOS.OZ194489.1	10897993	10904909
584023at33208a	PCOS.OZ194482.1	13566282	13571354
584333at33208a	PCOS.OZ194476.1	14143671	14151307
584373at33208a	PCOS.OZ194482.1	18688051	18688980
585078at33208a	PCOS.OZ194484.1	2486713	2487126
585232at33208a	PCOS.OZ194477.1	23858666	23865633
585305at33208a	PCOS.OZ194474.1	6752799	6753697
585313at33208a	PCOS.OZ194484.1	1548645	1550573
585656at33208a	PCOS.OZ194480.1	1602702	1604031
585726at33208a	PCOS.OZ194476.1	33119080	33121676
585809at33208a	PCOS.OZ194472.1	467408	471115
586156at33208a	PCOS.OZ194477.1	3982721	3983543
586310at33208a	PCOS.OZ194472.1	26584583	26586858
586690at33208a	PCOS.OZ194483.1	3773937	3775547
586719at33208a	PCOS.OZ194473.1	51880813	51882023
587399at33208a	PCOS.OZ194488.1	531345	532557
587407at33208a	PCOS.OZ194473.1	47959236	47962256
587513at33208a	PCOS.OZ194482.1	16386853	16391068
587688at33208a	PCOS.OZ194473.1	28100867	28101382
587958at33208a	PCOS.OZ194472.1	12701383	12724851
589773at33208a	PCOS.OZ194472.1	27377862	27409493
590416at33208a	PCOS.OZ194486.1	2551898	2553627
590470at33208a	PCOS.OZ194478.1	14657391	14684335
591316at33208a	PCOS.OZ194479.1	16425075	16433121
591391at33208a	PCOS.OZ194478.1	1651091	1655798
591498at33208a	PCOS.OZ194486.1	11374994	11377936
592087at33208a	PCOS.OZ194476.1	34761698	34767378
592094at33208a	PCOS.OZ194484.1	12444101	12449992
592759at33208a	PCOS.OZ194484.1	674303	676997
592872at33208a	PCOS.OZ194472.1	43471734	43472716
594172at33208a	PCOS.OZ194475.1	19557	20727
594271at33208a	PCOS.OZ194475.1	4583507	4584976
594842at33208a	PCOS.OZ194473.1	29166729	29172381
594937at33208a	PCOS.OZ194476.1	882782	883581
595010at33208a	PCOS.OZ194478.1	16029118	16030104
595316at33208a	PCOS.OZ194480.1	3199097	3200148
595404at33208a	PCOS.OZ194481.1	1748823	1750320
595858at33208a	PCOS.OZ194474.1	39512668	39514302
596131at33208a	PCOS.OZ194476.1	8610192	8611090
596973at33208a	PCOS.OZ194476.1	1577273	1578709
597023at33208a	PCOS.OZ194485.1	14891064	14892738
597816at33208a	PCOS.OZ194477.1	2552764	2554877
598405at33208a	PCOS.OZ194472.1	16129920	16149551
598944at33208a	PCOS.OZ194475.1	27812183	27817279
599320at33208a	PCOS.OZ194485.1	14646657	14647524
600462at33208a	PCOS.OZ194475.1	35980748	35981638
600823at33208a	PCOS.OZ194486.1	1637983	1639380
601242at33208a	PCOS.OZ194479.1	4756386	4758384
601650at33208a	PCOS.OZ194473.1	23972661	23981179
601768at33208a	PCOS.OZ194476.1	13431988	13435442
601875at33208a	PCOS.OZ194477.1	10023319	10028512
601886at33208a	PCOS.OZ194484.1	5553108	5558104
601967at33208a	PCOS.OZ194485.1	1730445	1731819
602089at33208a	PCOS.OZ194473.1	9126720	9127806
602148at33208a	PCOS.OZ194482.1	15516771	15517265
602587at33208a	PCOS.OZ194487.1	715607	717777
603239at33208a	PCOS.OZ194482.1	15967405	15968405
603370at33208a	PCOS.OZ194473.1	6077735	6080826
603609at33208a	PCOS.OZ194473.1	2885331	2886275
603673at33208a	PCOS.OZ194474.1	4455248	4458706
604211at33208a	PCOS.OZ194484.1	9002383	9041781
604943at33208a	PCOS.OZ194487.1	8100602	8101810
605189at33208a	PCOS.OZ194485.1	12579303	12580340
606048at33208a	PCOS.OZ194475.1	28927600	28929734
606539at33208a	PCOS.OZ194479.1	13759076	13768196
606748at33208a	PCOS.OZ194472.1	29990115	30031823
606776at33208a	PCOS.OZ194478.1	29583531	29584422
606795at33208a	PCOS.OZ194485.1	7118422	7136417
606958at33208a	PCOS.OZ194483.1	1631046	1632046
607862at33208a	PCOS.OZ194478.1	23361518	23363753
608011at33208a	PCOS.OZ194480.1	4490924	4494559
608074at33208a	PCOS.OZ194479.1	8169005	8194992
608190at33208a	PCOS.OZ194473.1	40016215	40020475
608669at33208a	PCOS.OZ194489.1	4420770	4425059
608869at33208a	PCOS.OZ194472.1	43115699	43117185
608924at33208a	PCOS.OZ194477.1	9508616	9513920
609899at33208a	PCOS.OZ194486.1	14076071	14077273
610427at33208a	PCOS.OZ194480.1	3187308	3188836
610541at33208a	PCOS.OZ194478.1	29823889	29825105
611258at33208a	PCOS.OZ194478.1	25408029	25410270
611279at33208a	PCOS.OZ194473.1	16461714	16476203
611373at33208a	PCOS.OZ194472.1	33872585	33876929
611891at33208a	PCOS.OZ194476.1	37115274	37116961
612760at33208a	PCOS.OZ194474.1	3223257	3225334
612825at33208a	PCOS.OZ194473.1	3783444	3786781
613522at33208a	PCOS.OZ194473.1	10864664	10872851
613580at33208a	PCOS.OZ194486.1	12211227	12223618
613851at33208a	PCOS.OZ194482.1	17164471	17165475
614305at33208a	PCOS.OZ194475.1	38529265	38538776
615531at33208a	PCOS.OZ194487.1	8355489	8358117
615585at33208a	PCOS.OZ194474.1	3944105	3944368
615840at33208a	PCOS.OZ194487.1	3716677	3741191
616120at33208a	PCOS.OZ194488.1	2146494	2147868
616149at33208a	PCOS.OZ194477.1	16827108	16832737
616613at33208a	PCOS.OZ194479.1	17639026	17639759
616716at33208a	PCOS.OZ194488.1	11940360	11941402
617020at33208a	PCOS.OZ194475.1	35889945	35892006
617441at33208a	PCOS.OZ194472.1	36839076	36843180
617522at33208a	PCOS.OZ194485.1	11805614	11812465
617667at33208a	PCOS.OZ194484.1	598642	599783
618339at33208a	PCOS.OZ194477.1	4069997	4072064
618421at33208a	PCOS.OZ194489.1	1572584	1573409
618516at33208a	PCOS.OZ194475.1	4960092	4964871
618986at33208a	PCOS.OZ194478.1	17550891	17555693
619250at33208a	PCOS.OZ194481.1	16034551	16036250
619326at33208a	PCOS.OZ194481.1	20933099	20933778
619415at33208a	PCOS.OZ194476.1	4436766	4437796
620546at33208a	PCOS.OZ194474.1	5028849	5033301
620753at33208a	PCOS.OZ194482.1	16510540	16511298
621585at33208a	PCOS.OZ194485.1	377745	379580
622156at33208a	PCOS.OZ194486.1	13916703	13918825
622172at33208a	PCOS.OZ194477.1	14945106	14946287
622270at33208a	PCOS.OZ194472.1	25869178	25870275
622461at33208a	PCOS.OZ194482.1	17552207	17553159
622560at33208a	PCOS.OZ194483.1	1628837	1629993
623138at33208a	PCOS.OZ194473.1	12861519	12867085
623324at33208a	PCOS.OZ194479.1	4914859	4938606
623444at33208a	PCOS.OZ194487.1	7405763	7411860
623995at33208a	PCOS.OZ194489.1	662170	662796
625077at33208a	PCOS.OZ194483.1	19241969	19243440
625769at33208a	PCOS.OZ194484.1	16087123	16088328
628082at33208a	PCOS.OZ194485.1	14888327	14890002
628231at33208a	PCOS.OZ194476.1	15214873	15222408
628247at33208a	PCOS.OZ194478.1	25913676	25915541
629763at33208a	PCOS.OZ194478.1	23129969	23131140
630073at33208a	PCOS.OZ194475.1	20370467	20392551
631107at33208a	PCOS.OZ194474.1	18862139	18924468
631173at33208a	PCOS.OZ194481.1	21038171	21038737
631196at33208a	PCOS.OZ194477.1	6624842	6625956
631662at33208a	PCOS.OZ194481.1	20959541	20960422
631767at33208a	PCOS.OZ194473.1	7545857	7549798
631798at33208a	PCOS.OZ194473.1	10739729	10746855
631811at33208a	PCOS.OZ194483.1	17759914	17765207
632234at33208a	PCOS.OZ194473.1	3446193	3447163
632472at33208a	PCOS.OZ194472.1	41076987	41093054
632566at33208a	PCOS.OZ194489.1	1316048	1317539
633007at33208a	PCOS.OZ194488.1	3622752	3628097
633282at33208a	PCOS.OZ194474.1	38688865	38694865
633619at33208a	PCOS.OZ194479.1	1328716	1333056
634446at33208a	PCOS.OZ194480.1	8341570	8345847
634447at33208a	PCOS.OZ194481.1	14791650	14794605
636041at33208a	PCOS.OZ194481.1	4533300	4538602
636070at33208a	PCOS.OZ194485.1	9510845	9538048
636300at33208a	PCOS.OZ194487.1	416879	417939
636423at33208a	PCOS.OZ194480.1	18419055	18429075
637971at33208a	PCOS.OZ194482.1	19984609	19985046
638541at33208a	PCOS.OZ194478.1	1751119	1754372
639252at33208a	PCOS.OZ194480.1	21000960	21003218
640349at33208a	PCOS.OZ194476.1	38159614	38160067
641073at33208a	PCOS.OZ194483.1	1869523	1873298
641257at33208a	PCOS.OZ194476.1	2465925	2466906
642323at33208a	PCOS.OZ194474.1	225204	226557
642552at33208a	PCOS.OZ194475.1	32022407	32023548
642773at33208a	PCOS.OZ194480.1	4489609	4490539
643380at33208a	PCOS.OZ194474.1	4145417	4147069
643883at33208a	PCOS.OZ194486.1	2674384	2675477
643954at33208a	PCOS.OZ194489.1	145346	146465
648300at33208a	PCOS.OZ194481.1	13223568	13225595
649979at33208a	PCOS.OZ194475.1	34801185	34804000
