5951at33208a	SCAV.CM083644.1	11139269	11149464
13816at33208a	SCAV.CM083642.1	2368081	2385063
14776at33208a	SCAV.CM083641.1	4687733	4700975
16244at33208a	SCAV.CM083645.1	13872628	13900667
40200at33208a	SCAV.CM083645.1	4037392	4044150
45934at33208a	SCAV.CM083647.1	4230411	4244101
49474at33208a	SCAV.CM083640.1	18241915	18255869
50756at33208a	SCAV.CM083645.1	4167448	4174449
56573at33208a	SCAV.CM083640.1	19630733	19638118
57158at33208a	SCAV.CM083646.1	10969624	10974244
63697at33208a	SCAV.CM083641.1	4223022	4228830
64435at33208a	SCAV.CM083645.1	14041428	14045813
65302at33208a	SCAV.CM083643.1	6884636	6892182
75406at33208a	SCAV.CM083643.1	16672860	16679062
76852at33208a	SCAV.CM083640.1	804518	816092
84980at33208a	SCAV.CM083644.1	11886909	11891855
92367at33208a	SCAV.CM083642.1	2681201	2685967
99614at33208a	SCAV.CM083643.1	9876629	9892370
99987at33208a	SCAV.CM083641.1	4545636	4551412
102804at33208a	SCAV.CM083642.1	11083997	11090945
103854at33208a	SCAV.CM083647.1	2323636	2332248
107151at33208a	SCAV.CM083643.1	16098036	16102864
107574at33208a	SCAV.CM083647.1	5156804	5167449
108764at33208a	SCAV.CM083644.1	12210349	12212607
111746at33208a	SCAV.CM083642.1	6386764	6391995
114954at33208a	SCAV.CM083646.1	9422051	9425900
115878at33208a	SCAV.CM083643.1	3568451	3572504
118209at33208a	SCAV.CM083641.1	16036000	16042140
119252at33208a	SCAV.CM083646.1	11202796	11206085
119591at33208a	SCAV.CM083645.1	14876727	14884086
121127at33208a	SCAV.CM083641.1	2771415	2778478
123923at33208a	SCAV.CM083640.1	2178286	2182430
124302at33208a	SCAV.CM083640.1	17886537	17894345
127766at33208a	SCAV.CM083641.1	5793704	5800907
129179at33208a	SCAV.CM083642.1	1475733	1480148
130245at33208a	SCAV.CM083646.1	9199487	9205445
130256at33208a	SCAV.CM083641.1	8287399	8292384
131349at33208a	SCAV.CM083642.1	7043344	7051327
131848at33208a	SCAV.CM083644.1	12346352	12352123
132087at33208a	SCAV.CM083647.1	9494119	9502659
134492at33208a	SCAV.CM083640.1	20784641	20793400
135294at33208a	SCAV.CM083642.1	5538375	5544645
137383at33208a	SCAV.CM083646.1	11094623	11099782
139188at33208a	SCAV.CM083648.1	7147364	7154918
143619at33208a	SCAV.CM083645.1	9781706	9783460
143997at33208a	SCAV.CM083641.1	14163079	14166525
147873at33208a	SCAV.CM083642.1	561041	564706
148067at33208a	SCAV.CM083646.1	5751492	5757442
148325at33208a	SCAV.CM083643.1	9829562	9835717
152327at33208a	SCAV.CM083641.1	4807589	4811415
152977at33208a	SCAV.CM083641.1	3987911	3992097
157138at33208a	SCAV.CM083648.1	3439530	3442292
158845at33208a	SCAV.CM083644.1	5487956	5492792
158962at33208a	SCAV.CM083647.1	9550939	9555883
162821at33208a	SCAV.CM083643.1	14505616	14508437
164767at33208a	SCAV.CM083644.1	6331161	6339150
166097at33208a	SCAV.CM083642.1	6700819	6705216
168850at33208a	SCAV.CM083646.1	4018698	4023884
168924at33208a	SCAV.CM083640.1	15903965	15911724
169864at33208a	SCAV.CM083646.1	5069143	5073143
172677at33208a	SCAV.CM083645.1	13267027	13275327
176247at33208a	SCAV.CM083643.1	6201220	6211554
177718at33208a	SCAV.CM083643.1	7376756	7378471
177858at33208a	SCAV.CM083645.1	11092081	11098228
179485at33208a	SCAV.CM083644.1	15530890	15534891
180808at33208a	SCAV.CM083644.1	11685924	11695968
182834at33208a	SCAV.CM083648.1	1504082	1506391
184508at33208a	SCAV.CM083643.1	8504418	8517476
184717at33208a	SCAV.CM083640.1	18733258	18736175
186208at33208a	SCAV.CM083645.1	14433953	14439958
186707at33208a	SCAV.CM083643.1	1824348	1829462
189414at33208a	SCAV.CM083644.1	15368864	15373579
190726at33208a	SCAV.CM083643.1	2085037	2090730
191938at33208a	SCAV.CM083641.1	5762611	5767255
192250at33208a	SCAV.CM083640.1	8910157	8912227
194754at33208a	SCAV.CM083645.1	4828548	4836248
195986at33208a	SCAV.CM083641.1	492467	495165
196950at33208a	SCAV.CM083644.1	3507432	3512484
197549at33208a	SCAV.CM083640.1	18925046	18930807
197652at33208a	SCAV.CM083640.1	1088040	1090561
200997at33208a	SCAV.CM083642.1	8935485	8940380
201397at33208a	SCAV.CM083647.1	2989198	2994193
202545at33208a	SCAV.CM083640.1	19285456	19291632
203128at33208a	SCAV.CM083647.1	6813668	6822642
203698at33208a	SCAV.CM083645.1	2413924	2434088
205220at33208a	SCAV.CM083643.1	15719316	15724707
206786at33208a	SCAV.CM083643.1	940466	944527
206858at33208a	SCAV.CM083643.1	7208369	7214128
207599at33208a	SCAV.CM083647.1	6412217	6415180
208219at33208a	SCAV.CM083647.1	2079351	2083785
210614at33208a	SCAV.CM083641.1	5587196	5594619
212972at33208a	SCAV.CM083641.1	14126111	14132734
214788at33208a	SCAV.CM083646.1	1982117	1987172
215654at33208a	SCAV.CM083640.1	6739380	6743151
216563at33208a	SCAV.CM083644.1	2395137	2399623
218441at33208a	SCAV.CM083642.1	9808008	9811812
219795at33208a	SCAV.CM083646.1	5943252	5946608
219856at33208a	SCAV.CM083648.1	4345464	4348905
224280at33208a	SCAV.CM083641.1	16597668	16603717
226335at33208a	SCAV.CM083646.1	9390043	9393737
226941at33208a	SCAV.CM083645.1	3919205	3925415
227087at33208a	SCAV.CM083643.1	5369017	5378110
227453at33208a	SCAV.CM083645.1	4093483	4096292
227979at33208a	SCAV.CM083647.1	6570879	6575024
231157at33208a	SCAV.CM083640.1	12918067	12923813
231700at33208a	SCAV.CM083640.1	6360611	6364275
234290at33208a	SCAV.CM083640.1	17754514	17760723
235149at33208a	SCAV.CM083642.1	7121487	7126220
235430at33208a	SCAV.CM083645.1	7531148	7534715
235458at33208a	SCAV.CM083643.1	5387078	5390481
239016at33208a	SCAV.CM083641.1	18796672	18801613
239597at33208a	SCAV.CM083647.1	5535040	5537176
240437at33208a	SCAV.CM083648.1	10151180	10155238
244863at33208a	SCAV.CM083641.1	3992997	3997472
245482at33208a	SCAV.CM083641.1	13430306	13432916
245567at33208a	SCAV.CM083645.1	4057785	4062697
246241at33208a	SCAV.CM083641.1	8864525	8867337
247183at33208a	SCAV.CM083643.1	15069938	15072892
247905at33208a	SCAV.CM083642.1	1066452	1069637
249486at33208a	SCAV.CM083645.1	2090049	2096703
251577at33208a	SCAV.CM083645.1	12036124	12039132
255117at33208a	SCAV.CM083646.1	4458979	4467074
255242at33208a	SCAV.CM083640.1	20531670	20533769
255924at33208a	SCAV.CM083642.1	6444892	6449123
257141at33208a	SCAV.CM083641.1	15681755	15685408
257339at33208a	SCAV.CM083645.1	7744081	7745403
260752at33208a	SCAV.CM083640.1	3868603	3873952
261284at33208a	SCAV.CM083642.1	8876048	8882787
261614at33208a	SCAV.CM083645.1	6610783	6615996
262757at33208a	SCAV.CM083640.1	6358487	6360275
266460at33208a	SCAV.CM083645.1	14528230	14531278
266469at33208a	SCAV.CM083641.1	16743262	16746258
266808at33208a	SCAV.CM083642.1	9207102	9211916
267439at33208a	SCAV.CM083641.1	15371822	15375046
268397at33208a	SCAV.CM083648.1	1383244	1388811
270594at33208a	SCAV.CM083647.1	3774362	3781400
271297at33208a	SCAV.CM083642.1	484896	487002
271742at33208a	SCAV.CM083641.1	3782033	3784759
272605at33208a	SCAV.CM083640.1	21294619	21298389
273040at33208a	SCAV.CM083646.1	11035416	11038092
273367at33208a	SCAV.CM083643.1	15434806	15438882
273989at33208a	SCAV.CM083648.1	10457065	10466219
274044at33208a	SCAV.CM083642.1	16722998	16725489
274064at33208a	SCAV.CM083640.1	17690261	17692004
274769at33208a	SCAV.CM083641.1	15382961	15386532
274992at33208a	SCAV.CM083648.1	1159301	1161790
277935at33208a	SCAV.CM083643.1	10330115	10336075
278227at33208a	SCAV.CM083648.1	6635498	6640098
279631at33208a	SCAV.CM083647.1	6457358	6461492
279992at33208a	SCAV.CM083648.1	1668801	1672948
280914at33208a	SCAV.CM083645.1	12952504	12957057
281693at33208a	SCAV.CM083646.1	12310255	12315282
283637at33208a	SCAV.CM083646.1	8842590	8845952
284059at33208a	SCAV.CM083644.1	3579561	3584371
285146at33208a	SCAV.CM083644.1	1037322	1040526
285902at33208a	SCAV.CM083646.1	7426305	7429357
285966at33208a	SCAV.CM083643.1	14477864	14479651
286553at33208a	SCAV.CM083642.1	10179176	10180999
289235at33208a	SCAV.CM083641.1	1572628	1574121
289928at33208a	SCAV.CM083644.1	4817274	4821808
291505at33208a	SCAV.CM083640.1	10026915	10031454
291875at33208a	SCAV.CM083644.1	3080644	3083468
295556at33208a	SCAV.CM083640.1	3196877	3205595
295775at33208a	SCAV.CM083646.1	9268371	9271553
300303at33208a	SCAV.CM083643.1	232471	236422
301572at33208a	SCAV.CM083646.1	9224847	9226304
302186at33208a	SCAV.CM083644.1	12834845	12837208
302279at33208a	SCAV.CM083646.1	9843504	9845727
302921at33208a	SCAV.CM083640.1	11705589	11708457
303117at33208a	SCAV.CM083645.1	14783212	14786546
304388at33208a	SCAV.CM083644.1	3273052	3275239
305260at33208a	SCAV.CM083644.1	10911790	10925479
306101at33208a	SCAV.CM083640.1	1963101	1966061
307109at33208a	SCAV.CM083640.1	5558017	5560625
308610at33208a	SCAV.CM083643.1	3097574	3099834
311438at33208a	SCAV.CM083643.1	2530922	2533218
311758at33208a	SCAV.CM083645.1	11101782	11105342
311761at33208a	SCAV.CM083642.1	15191358	15196776
312577at33208a	SCAV.CM083646.1	13510837	13513530
313091at33208a	SCAV.CM083640.1	8007169	8009637
315044at33208a	SCAV.CM083640.1	2957156	2961763
315393at33208a	SCAV.CM083640.1	20283298	20285677
317470at33208a	SCAV.CM083640.1	17251179	17254948
318483at33208a	SCAV.CM083642.1	12931617	12938112
318532at33208a	SCAV.CM083644.1	12539929	12542482
319574at33208a	SCAV.CM083643.1	5783507	5787348
320390at33208a	SCAV.CM083642.1	16686514	16696823
321332at33208a	SCAV.CM083644.1	2033522	2037912
323399at33208a	SCAV.CM083640.1	19854597	19857395
323473at33208a	SCAV.CM083643.1	8296380	8299152
324249at33208a	SCAV.CM083640.1	21471169	21473996
325183at33208a	SCAV.CM083641.1	3692903	3695786
331112at33208a	SCAV.CM083642.1	9449611	9452522
331186at33208a	SCAV.CM083644.1	2088251	2092324
332870at33208a	SCAV.CM083644.1	11963182	11964189
333062at33208a	SCAV.CM083645.1	2355221	2359132
333800at33208a	SCAV.CM083644.1	11100414	11115413
334272at33208a	SCAV.CM083640.1	4696226	4700159
334331at33208a	SCAV.CM083645.1	14504528	14508603
334336at33208a	SCAV.CM083648.1	3450509	3456456
334342at33208a	SCAV.CM083640.1	10339928	10343172
334764at33208a	SCAV.CM083640.1	16718690	16727923
334820at33208a	SCAV.CM083643.1	3760384	3763505
336647at33208a	SCAV.CM083643.1	8455706	8462779
338191at33208a	SCAV.CM083641.1	10921431	10925553
338482at33208a	SCAV.CM083644.1	9507448	9514944
339127at33208a	SCAV.CM083642.1	11269876	11273131
339319at33208a	SCAV.CM083641.1	2662905	2664683
344338at33208a	SCAV.CM083644.1	1438412	1461213
344346at33208a	SCAV.CM083646.1	7466761	7469557
344442at33208a	SCAV.CM083647.1	450721	453415
344581at33208a	SCAV.CM083640.1	7384172	7386824
345099at33208a	SCAV.CM083645.1	6274356	6279340
345959at33208a	SCAV.CM083640.1	14286174	14289572
346541at33208a	SCAV.CM083645.1	2075632	2078451
347600at33208a	SCAV.CM083644.1	14292518	14295401
348449at33208a	SCAV.CM083646.1	8522106	8524657
348544at33208a	SCAV.CM083647.1	6454454	6456627
348761at33208a	SCAV.CM083640.1	16303320	16306298
349064at33208a	SCAV.CM083644.1	11216117	11219740
349627at33208a	SCAV.CM083641.1	17378213	17380501
351226at33208a	SCAV.CM083642.1	9520308	9524071
352600at33208a	SCAV.CM083646.1	4954658	4956360
352854at33208a	SCAV.CM083643.1	4622589	4627853
353286at33208a	SCAV.CM083644.1	15388244	15391711
353768at33208a	SCAV.CM083641.1	18295737	18298363
354829at33208a	SCAV.CM083641.1	11166352	11169123
354949at33208a	SCAV.CM083641.1	15821437	15822747
355210at33208a	SCAV.CM083642.1	473763	476884
355739at33208a	SCAV.CM083642.1	6823826	6827266
356175at33208a	SCAV.CM083642.1	4701416	4704167
356503at33208a	SCAV.CM083646.1	8180684	8183492
357580at33208a	SCAV.CM083647.1	5303663	5304860
359075at33208a	SCAV.CM083640.1	11990558	11995412
359324at33208a	SCAV.CM083644.1	13723562	13725186
359532at33208a	SCAV.CM083646.1	5427428	5430265
360379at33208a	SCAV.CM083645.1	3841136	3844627
360753at33208a	SCAV.CM083646.1	12026092	12028269
361100at33208a	SCAV.CM083642.1	12985148	12992330
361203at33208a	SCAV.CM083647.1	2798953	2803011
361216at33208a	SCAV.CM083641.1	16471431	16475065
363634at33208a	SCAV.CM083642.1	9528789	9530495
363851at33208a	SCAV.CM083640.1	22644877	22646298
364383at33208a	SCAV.CM083640.1	21024506	21026878
364694at33208a	SCAV.CM083646.1	7447862	7451329
365561at33208a	SCAV.CM083642.1	7496816	7498794
365691at33208a	SCAV.CM083646.1	7693862	7696742
366124at33208a	SCAV.CM083645.1	2883913	2886035
366814at33208a	SCAV.CM083640.1	20127878	20130612
366936at33208a	SCAV.CM083644.1	457070	469435
367493at33208a	SCAV.CM083640.1	20438716	20440816
367551at33208a	SCAV.CM083642.1	6273817	6277664
367596at33208a	SCAV.CM083648.1	8726325	8729840
367957at33208a	SCAV.CM083642.1	13226273	13229304
368565at33208a	SCAV.CM083645.1	5934976	5939636
368875at33208a	SCAV.CM083640.1	6109799	6111859
371241at33208a	SCAV.CM083642.1	9853912	9856081
371297at33208a	SCAV.CM083642.1	97096	99297
371526at33208a	SCAV.CM083640.1	5658409	5661256
372257at33208a	SCAV.CM083646.1	9405259	9407869
372707at33208a	SCAV.CM083647.1	11070562	11076127
373040at33208a	SCAV.CM083646.1	2125785	2128738
376982at33208a	SCAV.CM083642.1	8799965	8802258
378033at33208a	SCAV.CM083647.1	2173009	2177237
378316at33208a	SCAV.CM083642.1	6102197	6104524
378768at33208a	SCAV.CM083640.1	15793361	15795341
378913at33208a	SCAV.CM083640.1	746455	750542
379076at33208a	SCAV.CM083643.1	15628552	15632121
379636at33208a	SCAV.CM083648.1	3472341	3475215
379771at33208a	SCAV.CM083641.1	2986739	2990104
380583at33208a	SCAV.CM083647.1	10934021	10935990
381303at33208a	SCAV.CM083646.1	9645409	9648060
382000at33208a	SCAV.CM083641.1	2879367	2880765
382262at33208a	SCAV.CM083646.1	1675843	1681788
382750at33208a	SCAV.CM083647.1	8868621	8872133
383313at33208a	SCAV.CM083645.1	15487265	15495290
384187at33208a	SCAV.CM083641.1	5431329	5433388
386666at33208a	SCAV.CM083646.1	9578313	9580520
387079at33208a	SCAV.CM083641.1	7399990	7402037
387117at33208a	SCAV.CM083647.1	10020281	10022280
387878at33208a	SCAV.CM083642.1	5362757	5369199
389367at33208a	SCAV.CM083645.1	10924212	10926743
389527at33208a	SCAV.CM083641.1	13911113	13920921
389570at33208a	SCAV.CM083648.1	3807747	3810019
389591at33208a	SCAV.CM083643.1	6911449	6914320
390192at33208a	SCAV.CM083640.1	16009995	16011310
391896at33208a	SCAV.CM083640.1	15438640	15440793
393219at33208a	SCAV.CM083640.1	1091077	1092891
393291at33208a	SCAV.CM083645.1	11428176	11433008
393419at33208a	SCAV.CM083642.1	9379833	9383935
393895at33208a	SCAV.CM083641.1	2835115	2837884
395147at33208a	SCAV.CM083648.1	4616794	4619661
395183at33208a	SCAV.CM083648.1	3302490	3304674
395556at33208a	SCAV.CM083646.1	9643709	9644962
395948at33208a	SCAV.CM083645.1	11271964	11280191
397019at33208a	SCAV.CM083640.1	4552005	4557008
397659at33208a	SCAV.CM083641.1	2310067	2313694
398013at33208a	SCAV.CM083640.1	5257111	5265652
398202at33208a	SCAV.CM083644.1	6666880	6669079
398607at33208a	SCAV.CM083641.1	6331716	6333758
399092at33208a	SCAV.CM083646.1	5439254	5441080
399439at33208a	SCAV.CM083645.1	9615949	9619368
400042at33208a	SCAV.CM083641.1	16646655	16648813
401196at33208a	SCAV.CM083644.1	1956483	1958782
401220at33208a	SCAV.CM083644.1	13314292	13318067
401679at33208a	SCAV.CM083640.1	20848301	20850262
401779at33208a	SCAV.CM083646.1	11206668	11208949
403171at33208a	SCAV.CM083641.1	8072266	8074940
403817at33208a	SCAV.CM083640.1	11081523	11083020
404988at33208a	SCAV.CM083641.1	12750709	12752331
405257at33208a	SCAV.CM083640.1	20917981	20921845
406927at33208a	SCAV.CM083647.1	705551	707017
407472at33208a	SCAV.CM083642.1	11988365	11992223
409006at33208a	SCAV.CM083641.1	5823901	5826771
411515at33208a	SCAV.CM083641.1	8652955	8654591
411664at33208a	SCAV.CM083645.1	358225	362308
411755at33208a	SCAV.CM083642.1	10433230	10437522
412370at33208a	SCAV.CM083644.1	1189751	1193328
412542at33208a	SCAV.CM083645.1	1381646	1383667
412930at33208a	SCAV.CM083642.1	1791020	1793347
413334at33208a	SCAV.CM083644.1	2557998	2560331
414001at33208a	SCAV.CM083640.1	6241917	6243660
414571at33208a	SCAV.CM083646.1	4326832	4329925
414603at33208a	SCAV.CM083648.1	3492789	3496520
415618at33208a	SCAV.CM083647.1	3758826	3762160
416175at33208a	SCAV.CM083640.1	5459415	5461510
418979at33208a	SCAV.CM083642.1	3904651	3907532
419502at33208a	SCAV.CM083644.1	1962291	1964638
419914at33208a	SCAV.CM083640.1	10345921	10348182
421396at33208a	SCAV.CM083645.1	4930044	4937404
421685at33208a	SCAV.CM083641.1	6991001	6993231
422158at33208a	SCAV.CM083643.1	13220290	13223291
422751at33208a	SCAV.CM083640.1	16166170	16168486
423799at33208a	SCAV.CM083642.1	9034499	9036077
423848at33208a	SCAV.CM083640.1	18762632	18765138
424569at33208a	SCAV.CM083646.1	9940551	9941847
424646at33208a	SCAV.CM083640.1	2387560	2390596
427349at33208a	SCAV.CM083641.1	20916391	20923537
427789at33208a	SCAV.CM083640.1	10817881	10821583
428202at33208a	SCAV.CM083646.1	5132235	5135245
429011at33208a	SCAV.CM083647.1	11484808	11486727
429274at33208a	SCAV.CM083640.1	13559261	13563403
429751at33208a	SCAV.CM083646.1	3357569	3363397
430701at33208a	SCAV.CM083647.1	868970	870260
432050at33208a	SCAV.CM083647.1	10712631	10714394
432155at33208a	SCAV.CM083648.1	1038216	1039604
432287at33208a	SCAV.CM083642.1	9667266	9668979
432522at33208a	SCAV.CM083642.1	4686991	4688381
433216at33208a	SCAV.CM083640.1	823085	825494
433606at33208a	SCAV.CM083646.1	5150431	5151824
434068at33208a	SCAV.CM083645.1	13686943	13690427
434863at33208a	SCAV.CM083640.1	18525759	18529125
435253at33208a	SCAV.CM083646.1	12133876	12137833
435678at33208a	SCAV.CM083646.1	5913960	5916439
435921at33208a	SCAV.CM083646.1	11797674	11799082
435939at33208a	SCAV.CM083647.1	11088972	11092004
436007at33208a	SCAV.CM083641.1	3557112	3560480
436098at33208a	SCAV.CM083647.1	6051793	6053271
437653at33208a	SCAV.CM083644.1	9670005	9670897
438453at33208a	SCAV.CM083642.1	4512418	4514434
439736at33208a	SCAV.CM083641.1	12445367	12451479
440195at33208a	SCAV.CM083643.1	2954833	2956692
440493at33208a	SCAV.CM083642.1	7552384	7555102
441575at33208a	SCAV.CM083643.1	5805558	5810335
442203at33208a	SCAV.CM083645.1	7548859	7551389
442823at33208a	SCAV.CM083641.1	4989746	4993147
443305at33208a	SCAV.CM083647.1	9534476	9539517
443659at33208a	SCAV.CM083645.1	834986	836507
443928at33208a	SCAV.CM083644.1	6032011	6035060
444160at33208a	SCAV.CM083645.1	1738267	1740220
444231at33208a	SCAV.CM083647.1	11326540	11327555
445031at33208a	SCAV.CM083644.1	3319893	3321086
445034at33208a	SCAV.CM083642.1	8751787	8754155
445091at33208a	SCAV.CM083642.1	5118807	5120404
446000at33208a	SCAV.CM083647.1	2859015	2860467
446031at33208a	SCAV.CM083640.1	21695042	21702912
447320at33208a	SCAV.CM083640.1	20591548	20594438
447400at33208a	SCAV.CM083640.1	15198683	15203314
448196at33208a	SCAV.CM083640.1	3217715	3219816
449056at33208a	SCAV.CM083643.1	6765985	6767926
449139at33208a	SCAV.CM083647.1	3738395	3742474
449189at33208a	SCAV.CM083642.1	5106568	5109714
450643at33208a	SCAV.CM083640.1	9980106	9983684
450785at33208a	SCAV.CM083647.1	6513051	6516702
451957at33208a	SCAV.CM083642.1	5185328	5188417
452208at33208a	SCAV.CM083648.1	6640674	6642945
452499at33208a	SCAV.CM083642.1	12045625	12048224
452574at33208a	SCAV.CM083640.1	5433269	5436609
453049at33208a	SCAV.CM083644.1	6374312	6386289
453052at33208a	SCAV.CM083645.1	5442750	5446412
453056at33208a	SCAV.CM083642.1	5576930	5580529
453687at33208a	SCAV.CM083641.1	12060372	12063282
454911at33208a	SCAV.CM083642.1	5370300	5377611
455512at33208a	SCAV.CM083642.1	929222	930987
455941at33208a	SCAV.CM083640.1	7016843	7023472
457777at33208a	SCAV.CM083647.1	9935170	9938846
458974at33208a	SCAV.CM083647.1	7315115	7316170
458988at33208a	SCAV.CM083642.1	16127365	16131609
459253at33208a	SCAV.CM083641.1	2851853	2853584
460044at33208a	SCAV.CM083646.1	7096555	7107695
460518at33208a	SCAV.CM083648.1	5496500	5499170
461123at33208a	SCAV.CM083642.1	1053050	1054114
461193at33208a	SCAV.CM083641.1	16940701	16950877
462325at33208a	SCAV.CM083647.1	8045618	8049988
462897at33208a	SCAV.CM083647.1	4098856	4103200
463071at33208a	SCAV.CM083647.1	5639351	5642361
464204at33208a	SCAV.CM083640.1	8751481	8754235
464243at33208a	SCAV.CM083640.1	23076958	23079241
464286at33208a	SCAV.CM083640.1	21669848	21673656
464312at33208a	SCAV.CM083641.1	3699907	3702664
465092at33208a	SCAV.CM083648.1	4564650	4567531
465401at33208a	SCAV.CM083647.1	5780919	5781407
465512at33208a	SCAV.CM083644.1	13860933	13864711
465651at33208a	SCAV.CM083645.1	9220295	9221887
465703at33208a	SCAV.CM083648.1	74347	76274
465933at33208a	SCAV.CM083645.1	9633249	9635554
466616at33208a	SCAV.CM083648.1	6719639	6725317
466942at33208a	SCAV.CM083640.1	2963785	2965706
467106at33208a	SCAV.CM083644.1	12956791	12960173
467142at33208a	SCAV.CM083646.1	13180610	13186143
467744at33208a	SCAV.CM083640.1	19309277	19310616
468248at33208a	SCAV.CM083646.1	11961874	11964637
468359at33208a	SCAV.CM083641.1	5455684	5458468
468710at33208a	SCAV.CM083641.1	11360350	11361130
468757at33208a	SCAV.CM083646.1	13132160	13136140
469367at33208a	SCAV.CM083643.1	4584561	4586992
470197at33208a	SCAV.CM083645.1	7687934	7692060
470523at33208a	SCAV.CM083647.1	3654862	3656386
471608at33208a	SCAV.CM083645.1	12970316	12971593
472352at33208a	SCAV.CM083647.1	7501627	7503813
474144at33208a	SCAV.CM083645.1	14773053	14773804
474387at33208a	SCAV.CM083647.1	5057240	5060715
475826at33208a	SCAV.CM083648.1	861823	863629
477052at33208a	SCAV.CM083640.1	14450237	14451232
477939at33208a	SCAV.CM083647.1	5674123	5677283
477998at33208a	SCAV.CM083647.1	4497822	4502750
478073at33208a	SCAV.CM083641.1	5067454	5068891
478984at33208a	SCAV.CM083641.1	9143742	9145202
480700at33208a	SCAV.CM083645.1	2096992	2098021
480735at33208a	SCAV.CM083643.1	2522497	2524653
481557at33208a	SCAV.CM083640.1	4966085	4969501
482691at33208a	SCAV.CM083640.1	1632517	1636282
485003at33208a	SCAV.CM083646.1	7924832	7926182
485696at33208a	SCAV.CM083641.1	13668788	13670425
486370at33208a	SCAV.CM083641.1	16550165	16552668
486431at33208a	SCAV.CM083640.1	10599735	10603135
486743at33208a	SCAV.CM083644.1	3140658	3141902
486993at33208a	SCAV.CM083641.1	15964634	15966611
487873at33208a	SCAV.CM083643.1	16989611	16992353
487987at33208a	SCAV.CM083648.1	5875661	5877801
488559at33208a	SCAV.CM083647.1	7744288	7746981
488635at33208a	SCAV.CM083640.1	8567624	8570274
489359at33208a	SCAV.CM083640.1	1389963	1392392
489858at33208a	SCAV.CM083640.1	3043929	3045603
489997at33208a	SCAV.CM083647.1	10582218	10587160
490248at33208a	SCAV.CM083640.1	3823732	3826096
491252at33208a	SCAV.CM083643.1	3502945	3504855
491289at33208a	SCAV.CM083642.1	4417190	4419753
492033at33208a	SCAV.CM083640.1	5051392	5053155
493148at33208a	SCAV.CM083640.1	9234699	9239912
493913at33208a	SCAV.CM083641.1	19952894	19955854
494057at33208a	SCAV.CM083642.1	7499146	7500597
495100at33208a	SCAV.CM083644.1	6248229	6251846
495175at33208a	SCAV.CM083642.1	11078126	11080731
495207at33208a	SCAV.CM083640.1	5074206	5078240
495311at33208a	SCAV.CM083643.1	15783859	15786381
495329at33208a	SCAV.CM083646.1	12546700	12547326
495389at33208a	SCAV.CM083648.1	1992574	1993686
495802at33208a	SCAV.CM083643.1	15115164	15116632
495926at33208a	SCAV.CM083640.1	2192866	2194509
496070at33208a	SCAV.CM083642.1	9471687	9472427
496219at33208a	SCAV.CM083645.1	1920058	1921865
498535at33208a	SCAV.CM083643.1	13972118	13972951
500261at33208a	SCAV.CM083643.1	3048712	3051423
500808at33208a	SCAV.CM083646.1	7765630	7767805
501396at33208a	SCAV.CM083643.1	2933624	2935602
501546at33208a	SCAV.CM083648.1	7322168	7323528
501788at33208a	SCAV.CM083648.1	5348946	5350112
502128at33208a	SCAV.CM083647.1	5192882	5195291
502407at33208a	SCAV.CM083646.1	5708946	5710014
502429at33208a	SCAV.CM083642.1	11537244	11538910
502691at33208a	SCAV.CM083641.1	3937697	3939086
503828at33208a	SCAV.CM083640.1	6974242	6979705
504207at33208a	SCAV.CM083640.1	23503591	23506936
504691at33208a	SCAV.CM083642.1	11477786	11478394
504731at33208a	SCAV.CM083641.1	4662090	4663386
504912at33208a	SCAV.CM083646.1	12308430	12309714
505248at33208a	SCAV.CM083641.1	6778867	6780758
505718at33208a	SCAV.CM083643.1	665782	667523
508188at33208a	SCAV.CM083642.1	11061438	11063122
508379at33208a	SCAV.CM083640.1	4582133	4582952
508986at33208a	SCAV.CM083640.1	20060472	20061729
509494at33208a	SCAV.CM083645.1	4414408	4415223
509816at33208a	SCAV.CM083645.1	5372095	5376184
510174at33208a	SCAV.CM083641.1	3564022	3566433
510522at33208a	SCAV.CM083644.1	3840287	3842054
510581at33208a	SCAV.CM083643.1	1596825	1599150
511272at33208a	SCAV.CM083642.1	126562	129409
511386at33208a	SCAV.CM083642.1	650384	654985
511575at33208a	SCAV.CM083648.1	10421750	10423126
511668at33208a	SCAV.CM083646.1	5507206	5508550
514121at33208a	SCAV.CM083644.1	10779479	10781001
514296at33208a	SCAV.CM083640.1	19239028	19240104
514565at33208a	SCAV.CM083645.1	9504529	9508595
514675at33208a	SCAV.CM083640.1	3917463	3918777
514698at33208a	SCAV.CM083641.1	8537026	8538649
514724at33208a	SCAV.CM083643.1	4162923	4167320
514727at33208a	SCAV.CM083648.1	261314	263462
514740at33208a	SCAV.CM083644.1	5082242	5082877
514834at33208a	SCAV.CM083640.1	8828062	8829073
514892at33208a	SCAV.CM083646.1	6975130	6977807
515058at33208a	SCAV.CM083646.1	9944803	9947793
515425at33208a	SCAV.CM083641.1	14591948	14594080
515528at33208a	SCAV.CM083642.1	4541690	4544664
515640at33208a	SCAV.CM083642.1	7441277	7442709
516078at33208a	SCAV.CM083645.1	8730616	8731985
516321at33208a	SCAV.CM083645.1	14240093	14241897
516481at33208a	SCAV.CM083640.1	16134086	16135035
516659at33208a	SCAV.CM083641.1	2876976	2878772
516716at33208a	SCAV.CM083642.1	3686520	3688634
517311at33208a	SCAV.CM083643.1	3227345	3229146
517525at33208a	SCAV.CM083646.1	6002569	6004932
517686at33208a	SCAV.CM083642.1	13997760	13999160
517968at33208a	SCAV.CM083640.1	8704232	8706601
518288at33208a	SCAV.CM083643.1	6861781	6864154
518569at33208a	SCAV.CM083647.1	113723	116321
518635at33208a	SCAV.CM083645.1	14510881	14513927
519030at33208a	SCAV.CM083645.1	1400706	1402091
519303at33208a	SCAV.CM083643.1	13190849	13194159
519777at33208a	SCAV.CM083644.1	4142158	4143760
520011at33208a	SCAV.CM083646.1	7536918	7540058
521343at33208a	SCAV.CM083642.1	13829828	13831328
522886at33208a	SCAV.CM083648.1	10420087	10421713
522988at33208a	SCAV.CM083640.1	481669	483129
523206at33208a	SCAV.CM083648.1	10454386	10456726
523376at33208a	SCAV.CM083647.1	7216139	7218941
523534at33208a	SCAV.CM083640.1	9345672	9350834
524148at33208a	SCAV.CM083648.1	5548967	5554610
524165at33208a	SCAV.CM083644.1	301697	305548
524322at33208a	SCAV.CM083647.1	8225533	8228100
525542at33208a	SCAV.CM083640.1	19857439	19859008
525888at33208a	SCAV.CM083646.1	5559352	5560598
526074at33208a	SCAV.CM083640.1	15381725	15382908
526487at33208a	SCAV.CM083644.1	12302836	12304433
526673at33208a	SCAV.CM083640.1	18475786	18477546
526839at33208a	SCAV.CM083646.1	5391599	5393514
528325at33208a	SCAV.CM083642.1	8220427	8221438
529092at33208a	SCAV.CM083645.1	2698088	2699132
529093at33208a	SCAV.CM083645.1	74606	77040
529708at33208a	SCAV.CM083641.1	18793665	18795683
529852at33208a	SCAV.CM083648.1	3373799	3374846
530431at33208a	SCAV.CM083642.1	6162848	6167323
532406at33208a	SCAV.CM083640.1	4898579	4900043
532693at33208a	SCAV.CM083644.1	1926931	1929137
532728at33208a	SCAV.CM083646.1	3858262	3860428
532930at33208a	SCAV.CM083641.1	8286035	8286995
533666at33208a	SCAV.CM083642.1	3762132	3764939
533690at33208a	SCAV.CM083642.1	5308454	5310412
534172at33208a	SCAV.CM083641.1	14524137	14526349
534206at33208a	SCAV.CM083640.1	19015353	19016747
534312at33208a	SCAV.CM083640.1	20936543	20937742
534808at33208a	SCAV.CM083645.1	917971	920494
535268at33208a	SCAV.CM083643.1	6699884	6702058
535367at33208a	SCAV.CM083640.1	7933665	7936702
535524at33208a	SCAV.CM083648.1	1389401	1390472
535650at33208a	SCAV.CM083643.1	4092623	4093369
535664at33208a	SCAV.CM083642.1	5188953	5189968
535782at33208a	SCAV.CM083641.1	1645571	1646948
535806at33208a	SCAV.CM083646.1	9789969	9791646
536251at33208a	SCAV.CM083641.1	2928600	2929395
537470at33208a	SCAV.CM083645.1	5083384	5085511
537548at33208a	SCAV.CM083647.1	3685455	3687119
537718at33208a	SCAV.CM083645.1	13828498	13830524
537923at33208a	SCAV.CM083641.1	8548187	8549298
538442at33208a	SCAV.CM083648.1	10485455	10487863
539043at33208a	SCAV.CM083648.1	10070294	10071862
539215at33208a	SCAV.CM083640.1	11470120	11472423
539234at33208a	SCAV.CM083641.1	16820084	16821860
539360at33208a	SCAV.CM083648.1	10786572	10790489
539600at33208a	SCAV.CM083644.1	2668126	2669940
540193at33208a	SCAV.CM083644.1	1019415	1020950
541231at33208a	SCAV.CM083642.1	3765898	3769170
541260at33208a	SCAV.CM083640.1	11790893	11792273
541421at33208a	SCAV.CM083641.1	5549295	5550466
543124at33208a	SCAV.CM083643.1	10419737	10423905
543269at33208a	SCAV.CM083643.1	3277840	3279925
544546at33208a	SCAV.CM083640.1	7481391	7482559
544919at33208a	SCAV.CM083647.1	7748730	7752015
545063at33208a	SCAV.CM083646.1	12606933	12608868
545389at33208a	SCAV.CM083645.1	14508976	14510337
545641at33208a	SCAV.CM083644.1	6658575	6661129
545744at33208a	SCAV.CM083642.1	4290163	4291012
545889at33208a	SCAV.CM083643.1	13774835	13775856
546305at33208a	SCAV.CM083646.1	10779949	10781291
546751at33208a	SCAV.CM083641.1	6357626	6358531
547099at33208a	SCAV.CM083644.1	3998684	4000804
547341at33208a	SCAV.CM083641.1	13693833	13696442
547766at33208a	SCAV.CM083643.1	752218	753768
548327at33208a	SCAV.CM083644.1	6532550	6533786
548444at33208a	SCAV.CM083646.1	6065123	6067352
548732at33208a	SCAV.CM083640.1	19506032	19507418
549156at33208a	SCAV.CM083640.1	20137593	20138750
549988at33208a	SCAV.CM083643.1	11305461	11307105
551620at33208a	SCAV.CM083641.1	11337043	11339671
551632at33208a	SCAV.CM083641.1	7186174	7187345
551831at33208a	SCAV.CM083641.1	5976727	5977815
552201at33208a	SCAV.CM083645.1	12209893	12211462
552359at33208a	SCAV.CM083646.1	8906849	8907488
552949at33208a	SCAV.CM083646.1	6935313	6937648
553411at33208a	SCAV.CM083646.1	1109821	1111176
553585at33208a	SCAV.CM083641.1	16711665	16712405
554010at33208a	SCAV.CM083641.1	12377107	12382819
555390at33208a	SCAV.CM083648.1	7847425	7848135
555538at33208a	SCAV.CM083643.1	5551891	5552484
556039at33208a	SCAV.CM083643.1	5607256	5608872
556189at33208a	SCAV.CM083645.1	2384118	2385359
556337at33208a	SCAV.CM083647.1	101529	102305
556445at33208a	SCAV.CM083642.1	6292413	6292972
556461at33208a	SCAV.CM083643.1	10050659	10051916
556510at33208a	SCAV.CM083640.1	20729568	20730841
556587at33208a	SCAV.CM083640.1	11873726	11875856
556750at33208a	SCAV.CM083648.1	637037	638534
556925at33208a	SCAV.CM083640.1	11083755	11087343
557292at33208a	SCAV.CM083640.1	20044882	20046098
557596at33208a	SCAV.CM083648.1	4830629	4831512
557694at33208a	SCAV.CM083642.1	12774127	12776157
557834at33208a	SCAV.CM083641.1	4847332	4851213
557962at33208a	SCAV.CM083647.1	3919488	3922602
558368at33208a	SCAV.CM083643.1	2382731	2385672
558385at33208a	SCAV.CM083641.1	17033058	17035380
558552at33208a	SCAV.CM083640.1	7659156	7660297
558791at33208a	SCAV.CM083643.1	10033532	10050002
558897at33208a	SCAV.CM083643.1	10814682	10815470
558933at33208a	SCAV.CM083647.1	10080699	10082505
559146at33208a	SCAV.CM083646.1	5408129	5408800
559501at33208a	SCAV.CM083648.1	7781521	7783545
559576at33208a	SCAV.CM083647.1	1144084	1146060
559732at33208a	SCAV.CM083646.1	13275987	13279745
559883at33208a	SCAV.CM083641.1	8075310	8076216
560453at33208a	SCAV.CM083640.1	15994086	15994822
560584at33208a	SCAV.CM083642.1	2866015	2866892
560694at33208a	SCAV.CM083647.1	1264324	1265898
561054at33208a	SCAV.CM083646.1	2010614	2014833
561248at33208a	SCAV.CM083643.1	6768424	6771213
561417at33208a	SCAV.CM083640.1	2480970	2481607
561688at33208a	SCAV.CM083641.1	19056665	19058323
561878at33208a	SCAV.CM083648.1	827989	830289
561943at33208a	SCAV.CM083646.1	12037484	12039323
562780at33208a	SCAV.CM083643.1	7532405	7534504
563084at33208a	SCAV.CM083647.1	4393247	4394539
563358at33208a	SCAV.CM083643.1	10477090	10481416
563359at33208a	SCAV.CM083648.1	10818388	10819987
563426at33208a	SCAV.CM083645.1	14442373	14445526
563679at33208a	SCAV.CM083647.1	7351169	7351669
563832at33208a	SCAV.CM083641.1	11716010	11716637
564234at33208a	SCAV.CM083642.1	10670522	10671742
566026at33208a	SCAV.CM083642.1	5994318	5996076
566116at33208a	SCAV.CM083641.1	596486	597999
566262at33208a	SCAV.CM083648.1	414153	414999
566447at33208a	SCAV.CM083644.1	3079045	3080395
566527at33208a	SCAV.CM083648.1	8038344	8039999
566916at33208a	SCAV.CM083646.1	7533540	7534569
567650at33208a	SCAV.CM083643.1	3724921	3728318
567750at33208a	SCAV.CM083641.1	5612774	5614255
567809at33208a	SCAV.CM083640.1	20726065	20726684
568170at33208a	SCAV.CM083647.1	4980217	4981023
568949at33208a	SCAV.CM083645.1	11585573	11587581
569294at33208a	SCAV.CM083640.1	6861531	6862295
569303at33208a	SCAV.CM083642.1	3183512	3185838
569812at33208a	SCAV.CM083641.1	8638142	8641287
569878at33208a	SCAV.CM083647.1	3591133	3593638
570262at33208a	SCAV.CM083646.1	5632870	5634247
570646at33208a	SCAV.CM083648.1	6651449	6653061
570717at33208a	SCAV.CM083641.1	19447581	19449547
571149at33208a	SCAV.CM083640.1	20824005	20824763
571944at33208a	SCAV.CM083641.1	16068050	16069642
572074at33208a	SCAV.CM083641.1	17891133	17892227
572434at33208a	SCAV.CM083644.1	5028777	5030542
572463at33208a	SCAV.CM083641.1	3985504	3987109
572845at33208a	SCAV.CM083646.1	13261315	13262475
573203at33208a	SCAV.CM083641.1	2808360	2811398
573237at33208a	SCAV.CM083643.1	28500	30161
573313at33208a	SCAV.CM083648.1	5227151	5228702
574311at33208a	SCAV.CM083642.1	13548772	13549590
575360at33208a	SCAV.CM083641.1	2043549	2044605
576633at33208a	SCAV.CM083646.1	10191378	10192736
576938at33208a	SCAV.CM083646.1	7441233	7442240
576997at33208a	SCAV.CM083647.1	11403814	11405335
577068at33208a	SCAV.CM083647.1	10082874	10084107
577339at33208a	SCAV.CM083640.1	6540170	6540538
577929at33208a	SCAV.CM083648.1	741297	742397
578354at33208a	SCAV.CM083641.1	13667373	13668122
578684at33208a	SCAV.CM083646.1	3415159	3417927
578726at33208a	SCAV.CM083641.1	16021781	16024283
578734at33208a	SCAV.CM083643.1	1760908	1763934
578959at33208a	SCAV.CM083640.1	9978954	9979962
579029at33208a	SCAV.CM083646.1	7405310	7406255
580062at33208a	SCAV.CM083648.1	1117846	1119110
580288at33208a	SCAV.CM083642.1	5002647	5003221
580851at33208a	SCAV.CM083645.1	9154768	9155943
580896at33208a	SCAV.CM083641.1	13166687	13174135
581006at33208a	SCAV.CM083642.1	6100526	6101815
581475at33208a	SCAV.CM083647.1	6095056	6095915
581543at33208a	SCAV.CM083644.1	15323082	15325127
581547at33208a	SCAV.CM083644.1	11160958	11164763
581621at33208a	SCAV.CM083646.1	7337782	7338711
581717at33208a	SCAV.CM083642.1	5078293	5080742
581779at33208a	SCAV.CM083641.1	4714149	4719301
582265at33208a	SCAV.CM083643.1	3352075	3354075
582341at33208a	SCAV.CM083648.1	255331	256013
582473at33208a	SCAV.CM083641.1	14050665	14053049
582823at33208a	SCAV.CM083642.1	9846220	9847681
582951at33208a	SCAV.CM083646.1	11262935	11263820
583626at33208a	SCAV.CM083641.1	543085	544880
584023at33208a	SCAV.CM083640.1	3479172	3480926
584333at33208a	SCAV.CM083646.1	6342564	6343814
584373at33208a	SCAV.CM083640.1	2359939	2361300
585078at33208a	SCAV.CM083643.1	2661119	2661517
585232at33208a	SCAV.CM083641.1	19054028	19055537
585305at33208a	SCAV.CM083640.1	20976006	20977044
585313at33208a	SCAV.CM083643.1	3505439	3506440
585656at33208a	SCAV.CM083643.1	15117476	15119215
585726at33208a	SCAV.CM083646.1	1976421	1978291
585809at33208a	SCAV.CM083648.1	6770364	6772516
586156at33208a	SCAV.CM083641.1	548103	549329
586310at33208a	SCAV.CM083648.1	5370281	5371419
586690at33208a	SCAV.CM083645.1	12971694	12972654
586719at33208a	SCAV.CM083647.1	9917611	9918864
587399at33208a	SCAV.CM083641.1	15108427	15110646
587407at33208a	SCAV.CM083647.1	9089161	9091569
587513at33208a	SCAV.CM083640.1	1451750	1455822
587688at33208a	SCAV.CM083647.1	8375324	8375842
587958at33208a	SCAV.CM083641.1	16642602	16643319
589773at33208a	SCAV.CM083648.1	10884733	10886474
590347at33208a	SCAV.CM083642.1	12041884	12042569
590416at33208a	SCAV.CM083641.1	8128971	8130502
590470at33208a	SCAV.CM083642.1	9663797	9664785
591316at33208a	SCAV.CM083645.1	9214246	9215148
591391at33208a	SCAV.CM083643.1	8433031	8435754
591498at33208a	SCAV.CM083641.1	12730350	12732926
592087at33208a	SCAV.CM083646.1	2822717	2824212
592094at33208a	SCAV.CM083643.1	3704067	3705713
592759at33208a	SCAV.CM083643.1	4509562	4511019
592872at33208a	SCAV.CM083648.1	2347004	2348555
594172at33208a	SCAV.CM083643.1	6852145	6852781
594271at33208a	SCAV.CM083642.1	4434706	4436176
594842at33208a	SCAV.CM083647.1	6554832	6556733
594937at33208a	SCAV.CM083646.1	5346431	5347148
595010at33208a	SCAV.CM083642.1	12120705	12121685
595316at33208a	SCAV.CM083643.1	13655483	13657011
595404at33208a	SCAV.CM083640.1	8009924	8011193
595858at33208a	SCAV.CM083640.1	15398756	15400312
596973at33208a	SCAV.CM083646.1	13558472	13560637
597023at33208a	SCAV.CM083641.1	11945982	11948180
597816at33208a	SCAV.CM083641.1	4323851	4325339
598405at33208a	SCAV.CM083641.1	4621917	4622888
598944at33208a	SCAV.CM083642.1	7940711	7942065
599320at33208a	SCAV.CM083644.1	12864576	12865140
600462at33208a	SCAV.CM083642.1	5505408	5506458
600823at33208a	SCAV.CM083641.1	11688327	11689606
601242at33208a	SCAV.CM083642.1	16859361	16860470
601768at33208a	SCAV.CM083646.1	6464486	6465991
601875at33208a	SCAV.CM083641.1	1125988	1130151
601886at33208a	SCAV.CM083643.1	2245511	2246539
601967at33208a	SCAV.CM083644.1	3070341	3071336
602089at33208a	SCAV.CM083647.1	4387378	4387876
602148at33208a	SCAV.CM083640.1	3741177	3741598
603239at33208a	SCAV.CM083640.1	2161944	2163085
603370at33208a	SCAV.CM083647.1	4494957	4495849
603609at33208a	SCAV.CM083647.1	875476	876843
604211at33208a	SCAV.CM083643.1	3561376	3562866
604943at33208a	SCAV.CM083644.1	4144817	4145435
605189at33208a	SCAV.CM083644.1	10593905	10594542
606048at33208a	SCAV.CM083642.1	5145338	5146396
606539at33208a	SCAV.CM083645.1	7068974	7069908
606748at33208a	SCAV.CM083648.1	10781788	10782795
606776at33208a	SCAV.CM083642.1	12364773	12365522
606795at33208a	SCAV.CM083644.1	9692697	9693657
606958at33208a	SCAV.CM083645.1	14266113	14267224
607862at33208a	SCAV.CM083642.1	11060099	11061156
608011at33208a	SCAV.CM083643.1	10558853	10559523
608074at33208a	SCAV.CM083641.1	436108	437370
608190at33208a	SCAV.CM083647.1	4988458	4989453
608669at33208a	SCAV.CM083646.1	3772754	3776758
608869at33208a	SCAV.CM083648.1	2039136	2039944
608924at33208a	SCAV.CM083641.1	1644224	1645246
609899at33208a	SCAV.CM083641.1	9893671	9894801
610427at33208a	SCAV.CM083643.1	13662558	13663629
610541at33208a	SCAV.CM083643.1	17064493	17066023
611279at33208a	SCAV.CM083647.1	7736559	7739034
611373at33208a	SCAV.CM083648.1	1101635	1102215
611891at33208a	SCAV.CM083646.1	7535073	7536285
612760at33208a	SCAV.CM083640.1	11720905	11721974
613522at33208a	SCAV.CM083647.1	3948836	3950534
613580at33208a	SCAV.CM083641.1	16434914	16443909
613851at33208a	SCAV.CM083640.1	2483265	2483846
614305at33208a	SCAV.CM083642.1	1413630	1416465
615531at33208a	SCAV.CM083644.1	14193934	14195253
615585at33208a	SCAV.CM083640.1	20155459	20155876
615840at33208a	SCAV.CM083644.1	1565209	1567466
616120at33208a	SCAV.CM083641.1	15797528	15798251
616149at33208a	SCAV.CM083641.1	3789631	3792389
616613at33208a	SCAV.CM083645.1	9780506	9781468
616716at33208a	SCAV.CM083641.1	5272318	5273620
617020at33208a	SCAV.CM083642.1	258765	260607
617522at33208a	SCAV.CM083644.1	1959283	1960041
617667at33208a	SCAV.CM083643.1	4850973	4851825
618339at33208a	SCAV.CM083641.1	2754590	2755281
618421at33208a	SCAV.CM083646.1	9791725	9792426
618516at33208a	SCAV.CM083643.1	6590561	6591545
618986at33208a	SCAV.CM083642.1	15899117	15899506
619250at33208a	SCAV.CM083640.1	8787958	8789619
619415at33208a	SCAV.CM083646.1	4961831	4962840
620753at33208a	SCAV.CM083640.1	278275	278987
621585at33208a	SCAV.CM083644.1	6637812	6639557
621808at33208a	SCAV.CM083645.1	10179271	10180094
622156at33208a	SCAV.CM083641.1	17333045	17334453
622172at33208a	SCAV.CM083641.1	3684383	3685225
622270at33208a	SCAV.CM083648.1	5389173	5389840
622461at33208a	SCAV.CM083640.1	3590852	3591468
622560at33208a	SCAV.CM083645.1	11695050	11695799
623138at33208a	SCAV.CM083647.1	3486044	3488303
623324at33208a	SCAV.CM083645.1	6221301	6221990
623444at33208a	SCAV.CM083644.1	15405383	15406217
623995at33208a	SCAV.CM083646.1	9930767	9931487
625077at33208a	SCAV.CM083645.1	1730030	1731578
625091at33208a	SCAV.CM083644.1	12856998	12857747
625769at33208a	SCAV.CM083643.1	201884	203463
628082at33208a	SCAV.CM083641.1	11949160	11949795
628231at33208a	SCAV.CM083646.1	5710631	5711692
628247at33208a	SCAV.CM083642.1	16410937	16411703
629763at33208a	SCAV.CM083642.1	11254887	11255316
630073at33208a	SCAV.CM083643.1	5396927	5397776
631107at33208a	SCAV.CM083640.1	6757806	6759737
631173at33208a	SCAV.CM083640.1	21853553	21854394
631196at33208a	SCAV.CM083641.1	3273559	3274592
631662at33208a	SCAV.CM083640.1	21922321	21922823
631767at33208a	SCAV.CM083647.1	227038	228272
631798at33208a	SCAV.CM083647.1	3922920	3923706
631811at33208a	SCAV.CM083645.1	1379893	1381171
632234at33208a	SCAV.CM083647.1	430044	430584
632472at33208a	SCAV.CM083648.1	1480043	1480688
632566at33208a	SCAV.CM083646.1	11645983	11647153
633007at33208a	SCAV.CM083641.1	15184995	15186552
633282at33208a	SCAV.CM083640.1	19062506	19063968
633619at33208a	SCAV.CM083645.1	9163437	9164323
634446at33208a	SCAV.CM083643.1	10815932	10816556
634447at33208a	SCAV.CM083644.1	454765	455943
636041at33208a	SCAV.CM083640.1	7482813	7485514
636070at33208a	SCAV.CM083644.1	10512833	10513731
636423at33208a	SCAV.CM083642.1	4180369	4181180
637971at33208a	SCAV.CM083644.1	12420555	12421233
638541at33208a	SCAV.CM083643.1	8606136	8608218
639252at33208a	SCAV.CM083642.1	3009264	3010613
640349at33208a	SCAV.CM083646.1	2531825	2532306
641073at33208a	SCAV.CM083645.1	13919802	13922533
641257at33208a	SCAV.CM083646.1	11722713	11723479
642323at33208a	SCAV.CM083640.1	12407880	12408955
642552at33208a	SCAV.CM083642.1	522071	523728
642773at33208a	SCAV.CM083643.1	10559799	10560343
643380at33208a	SCAV.CM083640.1	19914507	19915326
643883at33208a	SCAV.CM083641.1	8658776	8659666
648300at33208a	SCAV.CM083640.1	10183732	10186206
649979at33208a	SCAV.CM083642.1	1069991	1070706
