0at6231	BOKI.BOKI_Chr4	3838272	3861495
4at6231	BOKI.BOKI_Chr1	5354683	5370324
6at6231	BOKI.BOKI_Chr5	5637599	5654973
7at6231	BOKI.BOKI_Chr3	5608164	5620348
9at6231	BOKI.BOKI_Chr6	5428772	5443047
18at6231	BOKI.BOKI_Chr1	4363086	4378730
19at6231	BOKI.BOKI_Chr5	10717021	10734608
20at6231	BOKI.BOKI_Chr2	7331457	7352572
21at6231	BOKI.BOKI_Chr3	6123769	6138950
23at6231	BOKI.BOKI_Chr3	11868481	11888492
25at6231	BOKI.BOKI_Chr3	6034159	6045000
28at6231	BOKI.BOKI_Chr5	6891500	6900536
29at6231	BOKI.BOKI_Chr4	2761544	2778464
32at6231	BOKI.BOKI_Chr6	6213282	6221184
35at6231	BOKI.BOKI_Chr5	6848888	6857268
39at6231	BOKI.BOKI_Chr6	5606096	5614344
40at6231	BOKI.BOKI_Chr5	9897038	9909036
43at6231	BOKI.BOKI_Chr1	8337271	8349956
48at6231	BOKI.BOKI_Chr4	537480	553210
55at6231	BOKI.BOKI_Chr3	8914264	8925264
60at6231	BOKI.BOKI_Chr4	9456168	9468457
63at6231	BOKI.BOKI_Chr4	2041668	2061644
65at6231	BOKI.BOKI_Chr2	3498309	3507870
67at6231	BOKI.BOKI_Chr3	11111479	11118045
68at6231	BOKI.BOKI_Chr1	4652696	4660122
72at6231	BOKI.BOKI_Chr3	5120609	5126580
74at6231	BOKI.BOKI_Chr1	6100280	6109726
76at6231	BOKI.BOKI_Chr1	596839	613285
90at6231	BOKI.BOKI_Chr5	8616331	8623526
96at6231	BOKI.BOKI_Chr4	5495553	5505088
97at6231	BOKI.BOKI_Chr5	1635515	1647706
101at6231	BOKI.BOKI_Chr6	5492629	5499960
107at6231	BOKI.BOKI_Chr2	9563201	9576057
112at6231	BOKI.BOKI_Chr6	5696717	5703367
117at6231	BOKI.BOKI_Chr1	7430813	7439515
119at6231	BOKI.BOKI_Chr3	4855962	4862263
121at6231	BOKI.BOKI_Chr1	4987763	4996814
125at6231	BOKI.BOKI_Chr5	8664815	8676548
127at6231	BOKI.BOKI_Chr6	8516654	8528129
132at6231	BOKI.BOKI_Chr4	3787154	3795870
137at6231	BOKI.BOKI_Chr3	4716882	4723609
139at6231	BOKI.BOKI_Chr3	9039808	9052499
144at6231	BOKI.BOKI_Chr6	6155578	6160902
146at6231	BOKI.BOKI_Chr2	7062436	7071793
147at6231	BOKI.BOKI_Chr6	5366652	5373629
149at6231	BOKI.BOKI_Chr2	10150135	10162440
151at6231	BOKI.BOKI_Chr3	10775082	10785257
152at6231	BOKI.BOKI_Chr2	5098241	5109465
165at6231	BOKI.BOKI_Chr3	7017638	7023583
166at6231	BOKI.BOKI_Chr3	7420541	7428906
170at6231	BOKI.BOKI_Chr4	2077415	2090089
172at6231	BOKI.BOKI_Chr4	3712045	3717854
175at6231	BOKI.BOKI_Chr1	7846143	7853620
181at6231	BOKI.BOKI_Chr2	11394617	11400574
183at6231	BOKI.BOKI_Chr4	301772	305944
184at6231	BOKI.BOKI_Chr2	5393559	5400062
185at6231	BOKI.BOKI_Chr1	6358567	6362878
189at6231	BOKI.BOKI_Chr6	6076807	6083647
190at6231	BOKI.BOKI_Chr2	7734270	7742117
194at6231	BOKI.BOKI_Chr3	6235614	6242141
196at6231	BOKI.BOKI_Chr3	2370993	2376125
197at6231	BOKI.BOKI_Chr2	295973	302302
199at6231	BOKI.BOKI_Chr6	7478317	7490908
201at6231	BOKI.BOKI_Chr3	5404466	5417276
204at6231	BOKI.BOKI_Chr1	5830160	5836113
210at6231	BOKI.BOKI_Chr3	4245566	4254720
211at6231	BOKI.BOKI_Chr3	5482447	5492440
216at6231	BOKI.BOKI_Chr1	418425	433483
217at6231	BOKI.BOKI_Chr5	6390261	6396162
219at6231	BOKI.BOKI_Chr2	6519547	6527814
225at6231	BOKI.BOKI_Chr1	1215076	1225897
232at6231	BOKI.BOKI_Chr6	5887236	5893585
233at6231	BOKI.BOKI_Chr4	3106806	3111081
238at6231	BOKI.BOKI_Chr1	4855324	4859848
241at6231	BOKI.BOKI_Chr1	6969540	6975843
243at6231	BOKI.BOKI_Chr4	5746735	5752471
252at6231	BOKI.BOKI_Chr3	5388351	5394337
255at6231	BOKI.BOKI_Chr1	8472061	8477804
257at6231	BOKI.BOKI_Chr4	9616612	9623876
265at6231	BOKI.BOKI_Chr3	1335606	1339950
267at6231	BOKI.BOKI_Chr3	2913167	2919855
270at6231	BOKI.BOKI_Chr5	3439427	3445153
277at6231	BOKI.BOKI_Chr5	656176	660496
279at6231	BOKI.BOKI_Chr5	4036096	4041947
288at6231	BOKI.BOKI_Chr1	4332825	4338390
293at6231	BOKI.BOKI_Chr3	89410	93525
294at6231	BOKI.BOKI_Chr1	8529526	8536198
299at6231	BOKI.BOKI_Chr4	408956	413533
300at6231	BOKI.BOKI_Chr3	5734843	5739216
301at6231	BOKI.BOKI_Chr4	2474926	2479729
311at6231	BOKI.BOKI_Chr6	2264318	2268901
318at6231	BOKI.BOKI_Chr1	6634362	6638440
319at6231	BOKI.BOKI_Chr2	5748412	5755324
322at6231	BOKI.BOKI_Chr6	10964177	10977621
323at6231	BOKI.BOKI_Chr4	7973212	7982234
327at6231	BOKI.BOKI_Chr1	740160	745596
334at6231	BOKI.BOKI_Chr3	11594365	11604381
345at6231	BOKI.BOKI_Chr3	9752070	9760305
346at6231	BOKI.BOKI_Chr1	5307692	5313175
347at6231	BOKI.BOKI_Chr3	6342958	6348831
348at6231	BOKI.BOKI_Chr4	8663367	8670549
350at6231	BOKI.BOKI_Chr4	2136385	2144264
364at6231	BOKI.BOKI_Chr4	489788	497187
366at6231	BOKI.BOKI_Chr1	4437899	4447378
369at6231	BOKI.BOKI_Chr4	5331456	5335755
373at6231	BOKI.BOKI_Chr3	8559584	8564451
375at6231	BOKI.BOKI_Chr6	5263262	5270248
378at6231	BOKI.BOKI_Chr6	2640401	2644979
382at6231	BOKI.BOKI_Chr2	5400311	5404804
384at6231	BOKI.BOKI_Chr1	7018734	7022968
390at6231	BOKI.BOKI_Chr2	3063021	3068777
394at6231	BOKI.BOKI_Chr6	6906327	6914981
401at6231	BOKI.BOKI_Chr5	5360886	5365702
402at6231	BOKI.BOKI_Chr6	6068956	6076457
405at6231	BOKI.BOKI_Chr4	5640997	5645814
411at6231	BOKI.BOKI_Chr1	4514408	4518653
416at6231	BOKI.BOKI_Chr5	3677006	3689109
421at6231	BOKI.BOKI_Chr3	4040568	4045457
422at6231	BOKI.BOKI_Chr6	5037395	5041444
423at6231	BOKI.BOKI_Chr2	6895996	6902265
425at6231	BOKI.BOKI_Chr4	2416908	2424509
428at6231	BOKI.BOKI_Chr3	2281376	2295590
430at6231	BOKI.BOKI_Chr1	9504237	9510716
433at6231	BOKI.BOKI_Chr6	11454088	11461434
435at6231	BOKI.BOKI_Chr3	5454599	5458982
436at6231	BOKI.BOKI_Chr3	8863552	8871495
438at6231	BOKI.BOKI_Chr6	8718510	8724755
439at6231	BOKI.BOKI_Chr6	9295468	9300015
446at6231	BOKI.BOKI_Chr2	3637503	3644228
450at6231	BOKI.BOKI_Chr2	481810	491369
451at6231	BOKI.BOKI_Chr2	5489094	5494643
452at6231	BOKI.BOKI_Chr4	793658	798645
454at6231	BOKI.BOKI_Chr5	7118676	7127371
455at6231	BOKI.BOKI_Chr5	291236	299008
458at6231	BOKI.BOKI_Chr5	6536842	6542500
459at6231	BOKI.BOKI_Chr4	6352885	6357559
461at6231	BOKI.BOKI_Chr3	7030203	7034860
462at6231	BOKI.BOKI_Chr1	8296695	8302312
473at6231	BOKI.BOKI_Chr5	740779	750710
479at6231	BOKI.BOKI_Chr6	115093	119064
482at6231	BOKI.BOKI_Chr5	3369384	3374237
484at6231	BOKI.BOKI_Chr1	4673575	4686344
487at6231	BOKI.BOKI_Chr5	5870160	5874051
488at6231	BOKI.BOKI_Chr1	5044924	5051179
489at6231	BOKI.BOKI_Chr1	10051641	10055010
490at6231	BOKI.BOKI_Chr5	7602283	7605457
493at6231	BOKI.BOKI_Chr2	8483089	8499324
494at6231	BOKI.BOKI_Chr2	3584483	3588600
495at6231	BOKI.BOKI_Chr4	1080714	1087992
498at6231	BOKI.BOKI_Chr5	9284320	9287581
499at6231	BOKI.BOKI_Chr6	5046282	5050719
501at6231	BOKI.BOKI_Chr2	5413242	5417032
503at6231	BOKI.BOKI_Chr1	6153425	6160884
516at6231	BOKI.BOKI_Chr6	4960302	4962712
518at6231	BOKI.BOKI_Chr3	5154124	5162379
522at6231	BOKI.BOKI_Chr1	8323047	8328897
523at6231	BOKI.BOKI_Chr1	4777256	4780644
525at6231	BOKI.BOKI_Chr5	537163	542218
529at6231	BOKI.BOKI_Chr3	3841469	3846202
531at6231	BOKI.BOKI_Chr1	3025485	3030718
532at6231	BOKI.BOKI_Chr1	11461364	11467318
534at6231	BOKI.BOKI_Chr2	5442193	5447628
536at6231	BOKI.BOKI_Chr2	4500490	4504893
537at6231	BOKI.BOKI_Chr2	2967401	2971587
543at6231	BOKI.BOKI_Chr3	10099914	10107285
544at6231	BOKI.BOKI_Chr5	2894431	2904432
545at6231	BOKI.BOKI_Chr3	5646243	5649795
546at6231	BOKI.BOKI_Chr1	1073732	1080172
547at6231	BOKI.BOKI_Chr5	7483457	7487473
548at6231	BOKI.BOKI_Chr1	6019671	6023438
551at6231	BOKI.BOKI_Chr2	4951431	4954762
559at6231	BOKI.BOKI_Chr2	6575096	6581622
562at6231	BOKI.BOKI_Chr1	3213645	3220798
563at6231	BOKI.BOKI_Chr3	1047667	1053121
568at6231	BOKI.BOKI_Chr3	6551757	6555741
569at6231	BOKI.BOKI_Chr4	11049148	11054697
570at6231	BOKI.BOKI_Chr3	6058851	6061931
572at6231	BOKI.BOKI_Chr2	4969808	4973647
575at6231	BOKI.BOKI_Chr6	10036966	10046403
581at6231	BOKI.BOKI_Chr1	4815369	4819100
585at6231	BOKI.BOKI_Chr2	4861277	4870308
590at6231	BOKI.BOKI_Chr1	11479501	11483162
593at6231	BOKI.BOKI_Chr2	5227317	5231296
594at6231	BOKI.BOKI_Chr2	5463237	5465642
597at6231	BOKI.BOKI_Chr4	3260202	3265174
600at6231	BOKI.BOKI_Chr3	5183536	5186913
604at6231	BOKI.BOKI_Chr2	3682853	3691159
606at6231	BOKI.BOKI_Chr5	9554903	9561730
609at6231	BOKI.BOKI_Chr2	7509268	7518319
612at6231	BOKI.BOKI_Chr4	6566819	6569239
613at6231	BOKI.BOKI_Chr1	7185126	7194525
620at6231	BOKI.BOKI_Chr3	3994914	3999229
625at6231	BOKI.BOKI_Chr1	8077055	8105498
627at6231	BOKI.BOKI_Chr2	6590669	6594110
629at6231	BOKI.BOKI_Chr3	2832397	2840937
631at6231	BOKI.BOKI_Chr1	5455046	5458776
632at6231	BOKI.BOKI_Chr3	2063554	2067934
634at6231	BOKI.BOKI_Chr2	4934410	4938064
635at6231	BOKI.BOKI_Chr4	5903522	5906807
638at6231	BOKI.BOKI_Chr4	10642914	10653972
639at6231	BOKI.BOKI_Chr3	5773799	5782304
641at6231	BOKI.BOKI_Chr1	5511177	5515858
644at6231	BOKI.BOKI_Chr1	8199031	8203678
645at6231	BOKI.BOKI_Chr2	6410261	6413834
646at6231	BOKI.BOKI_Chr1	1356782	1363617
650at6231	BOKI.BOKI_Chr2	5959779	5963651
651at6231	BOKI.BOKI_Chr6	9162550	9170605
657at6231	BOKI.BOKI_Chr2	5508536	5512824
659at6231	BOKI.BOKI_Chr4	7232765	7237124
662at6231	BOKI.BOKI_Chr4	6148708	6154115
665at6231	BOKI.BOKI_Chr1	5640270	5645039
670at6231	BOKI.BOKI_Chr4	5551744	5555884
675at6231	BOKI.BOKI_Chr1	9176007	9179528
687at6231	BOKI.BOKI_Chr5	7096523	7099197
689at6231	BOKI.BOKI_Chr1	6551169	6555255
690at6231	BOKI.BOKI_Chr4	6721382	6725363
693at6231	BOKI.BOKI_Chr4	5666434	5669785
700at6231	BOKI.BOKI_Chr1	6956642	6959616
704at6231	BOKI.BOKI_Chr2	6585763	6588555
708at6231	BOKI.BOKI_Chr5	5930144	5933498
710at6231	BOKI.BOKI_Chr2	7311852	7317225
712at6231	BOKI.BOKI_Chr4	7277654	7281205
714at6231	BOKI.BOKI_Chr5	802037	807388
716at6231	BOKI.BOKI_Chr6	11389003	11392982
718at6231	BOKI.BOKI_Chr6	6960796	6963961
721at6231	BOKI.BOKI_Chr1	5861625	5864760
722at6231	BOKI.BOKI_Chr5	4016521	4020237
724at6231	BOKI.BOKI_Chr3	4891412	4895070
725at6231	BOKI.BOKI_Chr6	6115534	6118253
726at6231	BOKI.BOKI_Chr3	6803582	6808202
728at6231	BOKI.BOKI_Chr4	5240872	5243918
734at6231	BOKI.BOKI_Chr3	5954393	5957806
735at6231	BOKI.BOKI_Chr6	7383267	7386977
736at6231	BOKI.BOKI_Chr2	11277517	11280289
737at6231	BOKI.BOKI_Chr3	5924306	5927514
740at6231	BOKI.BOKI_Chr5	10313829	10318530
743at6231	BOKI.BOKI_Chr5	6947474	6953611
746at6231	BOKI.BOKI_Chr2	6329399	6337349
747at6231	BOKI.BOKI_Chr5	2594250	2601134
751at6231	BOKI.BOKI_Chr2	5523605	5527423
753at6231	BOKI.BOKI_Chr2	3009401	3014400
754at6231	BOKI.BOKI_Chr2	8654998	8661026
759at6231	BOKI.BOKI_Chr4	3452793	3455327
764at6231	BOKI.BOKI_Chr6	5576820	5580139
765at6231	BOKI.BOKI_Chr2	6067210	6070256
772at6231	BOKI.BOKI_Chr2	6835267	6840174
774at6231	BOKI.BOKI_Chr2	2934535	2938464
777at6231	BOKI.BOKI_Chr4	7413573	7418122
780at6231	BOKI.BOKI_Chr2	5076930	5080174
781at6231	BOKI.BOKI_Chr3	5279108	5283887
782at6231	BOKI.BOKI_Chr5	7201533	7205175
787at6231	BOKI.BOKI_Chr3	8500059	8502842
788at6231	BOKI.BOKI_Chr3	11897550	11902981
792at6231	BOKI.BOKI_Chr1	8946541	8949393
794at6231	BOKI.BOKI_Chr2	6057114	6062466
798at6231	BOKI.BOKI_Chr1	4639196	4643001
800at6231	BOKI.BOKI_Chr2	5909733	5912689
801at6231	BOKI.BOKI_Chr6	4593439	4597787
802at6231	BOKI.BOKI_Chr6	5738144	5741793
803at6231	BOKI.BOKI_Chr3	1856532	1874741
810at6231	BOKI.BOKI_Chr2	173512	178472
813at6231	BOKI.BOKI_Chr2	1969520	1975100
814at6231	BOKI.BOKI_Chr6	4735996	4751972
815at6231	BOKI.BOKI_Chr3	11101352	11106761
816at6231	BOKI.BOKI_Chr6	11562534	11568503
817at6231	BOKI.BOKI_Chr3	189641	192638
825at6231	BOKI.BOKI_Chr2	11441661	11445057
826at6231	BOKI.BOKI_Chr1	9169681	9175254
829at6231	BOKI.BOKI_Chr3	10643445	10650064
831at6231	BOKI.BOKI_Chr3	6219972	6224575
833at6231	BOKI.BOKI_Chr4	1353222	1359356
837at6231	BOKI.BOKI_Chr3	9320428	9323978
838at6231	BOKI.BOKI_Chr5	9108700	9111954
842at6231	BOKI.BOKI_Chr3	219338	222110
844at6231	BOKI.BOKI_Chr4	6384264	6390370
846at6231	BOKI.BOKI_Chr2	4116749	4119095
849at6231	BOKI.BOKI_Chr1	8230516	8235129
850at6231	BOKI.BOKI_Chr5	2278575	2283280
851at6231	BOKI.BOKI_Chr4	4276272	4279914
853at6231	BOKI.BOKI_Chr1	8161078	8164095
860at6231	BOKI.BOKI_Chr3	8456400	8464328
862at6231	BOKI.BOKI_Chr2	10947670	10955580
868at6231	BOKI.BOKI_Chr5	6838358	6841389
869at6231	BOKI.BOKI_Chr3	1417834	1429510
872at6231	BOKI.BOKI_Chr5	4874496	4877461
875at6231	BOKI.BOKI_Chr2	7016400	7020188
876at6231	BOKI.BOKI_Chr4	6217825	6222040
879at6231	BOKI.BOKI_Chr6	3948309	3959330
881at6231	BOKI.BOKI_Chr1	7273368	7277005
885at6231	BOKI.BOKI_Chr5	6732811	6736690
887at6231	BOKI.BOKI_Chr5	7048073	7053001
890at6231	BOKI.BOKI_Chr5	10854526	10858506
895at6231	BOKI.BOKI_Chr3	3660491	3664139
899at6231	BOKI.BOKI_Chr1	6654848	6658156
900at6231	BOKI.BOKI_Chr3	10108046	10111223
901at6231	BOKI.BOKI_Chr1	2285731	2288971
904at6231	BOKI.BOKI_Chr3	6287137	6290012
908at6231	BOKI.BOKI_Chr6	4753302	4756713
912at6231	BOKI.BOKI_Chr5	10006318	10009005
914at6231	BOKI.BOKI_Chr2	6695250	6697906
915at6231	BOKI.BOKI_Chr1	5842556	5845153
916at6231	BOKI.BOKI_Chr2	3370052	3377938
917at6231	BOKI.BOKI_Chr6	10743544	10750853
920at6231	BOKI.BOKI_Chr2	6547785	6550969
921at6231	BOKI.BOKI_Chr4	6598356	6602290
922at6231	BOKI.BOKI_Chr4	5368370	5371513
925at6231	BOKI.BOKI_Chr3	9840340	9854194
933at6231	BOKI.BOKI_Chr6	10655293	10661434
934at6231	BOKI.BOKI_Chr1	1242386	1249954
937at6231	BOKI.BOKI_Chr1	8642709	8652225
939at6231	BOKI.BOKI_Chr2	5976059	5980178
941at6231	BOKI.BOKI_Chr2	10328322	10334104
943at6231	BOKI.BOKI_Chr6	5406325	5411548
944at6231	BOKI.BOKI_Chr3	5568272	5570653
951at6231	BOKI.BOKI_Chr3	4003641	4006517
952at6231	BOKI.BOKI_Chr6	4346015	4350006
957at6231	BOKI.BOKI_Chr2	7292618	7296699
958at6231	BOKI.BOKI_Chr2	2076300	2087119
961at6231	BOKI.BOKI_Chr6	4652153	4655050
962at6231	BOKI.BOKI_Chr1	6206266	6210108
963at6231	BOKI.BOKI_Chr2	5313502	5316331
964at6231	BOKI.BOKI_Chr6	5614832	5618458
968at6231	BOKI.BOKI_Chr2	6981026	6987404
969at6231	BOKI.BOKI_Chr1	8243667	8247832
982at6231	BOKI.BOKI_Chr6	2662208	2668460
984at6231	BOKI.BOKI_Chr6	5476969	5479654
987at6231	BOKI.BOKI_Chr3	397796	401968
989at6231	BOKI.BOKI_Chr2	6784378	6788151
990at6231	BOKI.BOKI_Chr1	11491653	11501652
993at6231	BOKI.BOKI_Chr5	3631015	3640480
994at6231	BOKI.BOKI_Chr3	2094243	2098113
995at6231	BOKI.BOKI_Chr5	7673468	7676842
998at6231	BOKI.BOKI_Chr3	8586870	8597844
1003at6231	BOKI.BOKI_Chr4	92625	99545
1008at6231	BOKI.BOKI_Chr2	6023039	6026035
1013at6231	BOKI.BOKI_Chr6	1593674	1597783
1014at6231	BOKI.BOKI_Chr5	4086395	4090109
1016at6231	BOKI.BOKI_Chr2	11252145	11255635
1017at6231	BOKI.BOKI_Chr4	2019176	2025346
1018at6231	BOKI.BOKI_Chr4	10366903	10371608
1019at6231	BOKI.BOKI_Chr4	350369	360945
1022at6231	BOKI.BOKI_Chr4	10445595	10450852
1024at6231	BOKI.BOKI_Chr2	5759647	5762383
1027at6231	BOKI.BOKI_Chr3	4411345	4419533
1033at6231	BOKI.BOKI_Chr6	9944652	9949836
1034at6231	BOKI.BOKI_Chr3	4558977	4578445
1037at6231	BOKI.BOKI_Chr6	2582662	2585993
1040at6231	BOKI.BOKI_Chr2	7227871	7231368
1042at6231	BOKI.BOKI_Chr3	479620	486290
1045at6231	BOKI.BOKI_Chr1	5390435	5393684
1047at6231	BOKI.BOKI_Chr1	4752285	4756622
1053at6231	BOKI.BOKI_Chr1	2171775	2176350
1055at6231	BOKI.BOKI_Chr3	284149	288379
1056at6231	BOKI.BOKI_Chr1	4978687	4984411
1057at6231	BOKI.BOKI_Chr4	4993805	4998540
1066at6231	BOKI.BOKI_Chr6	3159022	3166019
1067at6231	BOKI.BOKI_Chr5	8844716	8846339
1073at6231	BOKI.BOKI_Chr2	4910507	4914010
1075at6231	BOKI.BOKI_Chr3	7564935	7569168
1078at6231	BOKI.BOKI_Chr5	8817476	8821173
1082at6231	BOKI.BOKI_Chr1	7132615	7134708
1083at6231	BOKI.BOKI_Chr5	6542811	6548887
1086at6231	BOKI.BOKI_Chr4	2680203	2684051
1088at6231	BOKI.BOKI_Chr2	2901648	2908511
1093at6231	BOKI.BOKI_Chr2	9447540	9451750
1101at6231	BOKI.BOKI_Chr1	2136353	2141207
1104at6231	BOKI.BOKI_Chr2	5007333	5010292
1105at6231	BOKI.BOKI_Chr5	911840	913638
1109at6231	BOKI.BOKI_Chr5	7067002	7070483
1112at6231	BOKI.BOKI_Chr5	3426994	3431685
1113at6231	BOKI.BOKI_Chr1	4031935	4045066
1118at6231	BOKI.BOKI_Chr3	5589855	5592715
1122at6231	BOKI.BOKI_Chr4	4671081	4674591
1123at6231	BOKI.BOKI_Chr6	5682057	5684777
1125at6231	BOKI.BOKI_Chr5	8566146	8569582
1128at6231	BOKI.BOKI_Chr5	9113155	9115782
1129at6231	BOKI.BOKI_Chr4	5455717	5458854
1131at6231	BOKI.BOKI_Chr3	5968559	5971133
1133at6231	BOKI.BOKI_Chr6	6596134	6599387
1134at6231	BOKI.BOKI_Chr1	1165868	1169353
1135at6231	BOKI.BOKI_Chr5	10059214	10064888
1138at6231	BOKI.BOKI_Chr1	2051566	2068588
1140at6231	BOKI.BOKI_Chr4	2290498	2293617
1142at6231	BOKI.BOKI_Chr1	7268875	7273052
1144at6231	BOKI.BOKI_Chr2	2228473	2231134
1147at6231	BOKI.BOKI_Chr1	6281389	6284303
1148at6231	BOKI.BOKI_Chr3	8739434	8743934
1150at6231	BOKI.BOKI_Chr1	1271725	1280596
1152at6231	BOKI.BOKI_Chr3	5744472	5751632
1155at6231	BOKI.BOKI_Chr1	2393363	2399131
1156at6231	BOKI.BOKI_Chr3	378842	381900
1157at6231	BOKI.BOKI_Chr1	6976167	6980695
1158at6231	BOKI.BOKI_Chr2	5196132	5199198
1159at6231	BOKI.BOKI_Chr3	157035	163477
1160at6231	BOKI.BOKI_Chr5	5200295	5203472
1161at6231	BOKI.BOKI_Chr2	9248078	9251920
1173at6231	BOKI.BOKI_Chr1	4973616	4977088
1174at6231	BOKI.BOKI_Chr1	8305075	8310671
1175at6231	BOKI.BOKI_Chr6	2498052	2501130
1179at6231	BOKI.BOKI_Chr1	6468542	6471513
1180at6231	BOKI.BOKI_Chr3	9971871	9978970
1181at6231	BOKI.BOKI_Chr3	1347616	1354255
1182at6231	BOKI.BOKI_Chr6	4773606	4776941
1193at6231	BOKI.BOKI_Chr2	7394918	7398246
1196at6231	BOKI.BOKI_Chr1	9743636	9753581
1199at6231	BOKI.BOKI_Chr3	10352402	10355234
1200at6231	BOKI.BOKI_Chr2	3750867	3755025
1202at6231	BOKI.BOKI_Chr3	6318051	6321274
1205at6231	BOKI.BOKI_Chr4	6310388	6313401
1211at6231	BOKI.BOKI_Chr1	4236200	4239317
1212at6231	BOKI.BOKI_Chr3	7456616	7462817
1215at6231	BOKI.BOKI_Chr5	9886268	9890960
1223at6231	BOKI.BOKI_Chr4	5261799	5264348
1228at6231	BOKI.BOKI_Chr5	8076014	8078584
1230at6231	BOKI.BOKI_Chr4	7119132	7122623
1233at6231	BOKI.BOKI_Chr6	6358912	6364618
1235at6231	BOKI.BOKI_Chr4	5653131	5656355
1247at6231	BOKI.BOKI_Chr2	8941790	8944727
1250at6231	BOKI.BOKI_Chr6	8405479	8409080
1252at6231	BOKI.BOKI_Chr1	10878894	10883269
1255at6231	BOKI.BOKI_Chr3	11373965	11378708
1263at6231	BOKI.BOKI_Chr1	6911032	6914117
1266at6231	BOKI.BOKI_Chr4	1341119	1346217
1270at6231	BOKI.BOKI_Chr1	11011419	11030843
1272at6231	BOKI.BOKI_Chr3	4734944	4737619
1273at6231	BOKI.BOKI_Chr5	6116378	6119674
1275at6231	BOKI.BOKI_Chr1	6946149	6948751
1278at6231	BOKI.BOKI_Chr6	5917253	5919784
1279at6231	BOKI.BOKI_Chr3	10017124	10020185
1281at6231	BOKI.BOKI_Chr6	143934	146281
1285at6231	BOKI.BOKI_Chr3	5702526	5706298
1288at6231	BOKI.BOKI_Chr1	5645078	5648146
1293at6231	BOKI.BOKI_Chr1	8697825	8702538
1294at6231	BOKI.BOKI_Chr6	11149304	11155435
1301at6231	BOKI.BOKI_Chr1	9724558	9728601
1304at6231	BOKI.BOKI_Chr1	9416498	9427580
1314at6231	BOKI.BOKI_Chr2	3298002	3301756
1316at6231	BOKI.BOKI_Chr3	10299832	10307864
1317at6231	BOKI.BOKI_Chr5	2983606	2987612
1318at6231	BOKI.BOKI_Chr2	7377266	7379972
1320at6231	BOKI.BOKI_Chr6	8496568	8500713
1322at6231	BOKI.BOKI_Chr5	5578266	5581638
1326at6231	BOKI.BOKI_Chr4	5408171	5411043
1328at6231	BOKI.BOKI_Chr3	4105904	4109327
1329at6231	BOKI.BOKI_Chr1	9558261	9563695
1332at6231	BOKI.BOKI_Chr5	11271920	11274453
1344at6231	BOKI.BOKI_Chr2	7247512	7253091
1346at6231	BOKI.BOKI_Chr5	7846718	7852121
1347at6231	BOKI.BOKI_Chr4	5284833	5287120
1349at6231	BOKI.BOKI_Chr6	5677757	5680539
1350at6231	BOKI.BOKI_Chr2	6558597	6563451
1358at6231	BOKI.BOKI_Chr2	1399829	1411055
1361at6231	BOKI.BOKI_Chr1	7890775	7895083
1362at6231	BOKI.BOKI_Chr5	9209267	9212831
1366at6231	BOKI.BOKI_Chr4	4078818	4083065
1373at6231	BOKI.BOKI_Chr1	6562535	6564727
1374at6231	BOKI.BOKI_Chr5	7823926	7830662
1375at6231	BOKI.BOKI_Chr1	6096589	6099689
1376at6231	BOKI.BOKI_Chr5	2547665	2552267
1377at6231	BOKI.BOKI_Chr2	5931770	5934734
1378at6231	BOKI.BOKI_Chr2	6771902	6775019
1381at6231	BOKI.BOKI_Chr1	2690521	2698932
1383at6231	BOKI.BOKI_Chr1	5866286	5869564
1387at6231	BOKI.BOKI_Chr5	6075088	6077448
1395at6231	BOKI.BOKI_Chr2	6267511	6269860
1400at6231	BOKI.BOKI_Chr5	407759	412333
1401at6231	BOKI.BOKI_Chr2	9053926	9058170
1404at6231	BOKI.BOKI_Chr4	3274400	3278663
1405at6231	BOKI.BOKI_Chr1	7898561	7902744
1407at6231	BOKI.BOKI_Chr6	2693962	2698742
1409at6231	BOKI.BOKI_Chr4	10702686	10711213
1411at6231	BOKI.BOKI_Chr4	5325961	5328888
1412at6231	BOKI.BOKI_Chr2	8059977	8065064
1413at6231	BOKI.BOKI_Chr1	6422224	6423567
1416at6231	BOKI.BOKI_Chr5	6357447	6360380
1430at6231	BOKI.BOKI_Chr3	1988199	1991337
1432at6231	BOKI.BOKI_Chr6	3072155	3077479
1434at6231	BOKI.BOKI_Chr3	5216026	5220136
1437at6231	BOKI.BOKI_Chr1	11195870	11198914
1438at6231	BOKI.BOKI_Chr1	5934647	5937235
1441at6231	BOKI.BOKI_Chr3	5716976	5721243
1444at6231	BOKI.BOKI_Chr2	5256898	5259763
1449at6231	BOKI.BOKI_Chr3	4912377	4913739
1452at6231	BOKI.BOKI_Chr1	6148965	6153092
1453at6231	BOKI.BOKI_Chr5	331386	333965
1454at6231	BOKI.BOKI_Chr5	6801712	6805076
1457at6231	BOKI.BOKI_Chr6	2421220	2425266
1459at6231	BOKI.BOKI_Chr5	7865113	7886764
1463at6231	BOKI.BOKI_Chr5	7776740	7780306
1466at6231	BOKI.BOKI_Chr1	5129853	5133596
1471at6231	BOKI.BOKI_Chr5	1285601	1293351
1473at6231	BOKI.BOKI_Chr3	11538536	11541051
1482at6231	BOKI.BOKI_Chr5	2108231	2113078
1484at6231	BOKI.BOKI_Chr1	9184559	9189283
1490at6231	BOKI.BOKI_Chr3	2996508	3005140
1492at6231	BOKI.BOKI_Chr1	9304284	9311352
1495at6231	BOKI.BOKI_Chr6	6532529	6536056
1498at6231	BOKI.BOKI_Chr4	6510252	6514126
1499at6231	BOKI.BOKI_Chr1	5106224	5111377
1501at6231	BOKI.BOKI_Chr6	229691	235168
1506at6231	BOKI.BOKI_Chr2	3037075	3040486
1514at6231	BOKI.BOKI_Chr4	6544177	6546788
1517at6231	BOKI.BOKI_Chr3	5728389	5731183
1518at6231	BOKI.BOKI_Chr1	5701873	5704339
1519at6231	BOKI.BOKI_Chr6	6517961	6525838
1533at6231	BOKI.BOKI_Chr4	9278871	9281337
1535at6231	BOKI.BOKI_Chr5	9572050	9576184
1537at6231	BOKI.BOKI_Chr3	5372305	5377386
1541at6231	BOKI.BOKI_Chr1	11343916	11347000
1543at6231	BOKI.BOKI_Chr2	5601764	5604662
1546at6231	BOKI.BOKI_Chr6	5299311	5301756
1548at6231	BOKI.BOKI_Chr3	6441479	6447286
1549at6231	BOKI.BOKI_Chr6	4573980	4576754
1552at6231	BOKI.BOKI_Chr1	4690396	4705201
1556at6231	BOKI.BOKI_Chr1	5611367	5613386
1561at6231	BOKI.BOKI_Chr6	6892365	6897573
1566at6231	BOKI.BOKI_Chr6	11370257	11376143
1571at6231	BOKI.BOKI_Chr2	3244516	3248074
1572at6231	BOKI.BOKI_Chr3	7527127	7530559
1574at6231	BOKI.BOKI_Chr6	6382073	6384255
1576at6231	BOKI.BOKI_Chr6	7200129	7203439
1587at6231	BOKI.BOKI_Chr3	6089056	6091464
1590at6231	BOKI.BOKI_Chr2	5425480	5428859
1592at6231	BOKI.BOKI_Chr6	3018871	3021600
1594at6231	BOKI.BOKI_Chr4	3207283	3210050
1596at6231	BOKI.BOKI_Chr1	6555450	6557191
1602at6231	BOKI.BOKI_Chr4	5321724	5325674
1603at6231	BOKI.BOKI_Chr3	148783	153345
1605at6231	BOKI.BOKI_Chr2	4617461	4622896
1606at6231	BOKI.BOKI_Chr1	5614626	5619068
1608at6231	BOKI.BOKI_Chr3	2299417	2303250
1613at6231	BOKI.BOKI_Chr2	6736588	6740897
1616at6231	BOKI.BOKI_Chr6	6190731	6194096
1617at6231	BOKI.BOKI_Chr2	4260699	4263295
1620at6231	BOKI.BOKI_Chr1	5773537	5776109
1635at6231	BOKI.BOKI_Chr2	10748769	10753727
1636at6231	BOKI.BOKI_Chr3	11196048	11201337
1637at6231	BOKI.BOKI_Chr2	6885845	6888696
1638at6231	BOKI.BOKI_Chr4	638874	643581
1641at6231	BOKI.BOKI_Chr2	10989102	10992010
1642at6231	BOKI.BOKI_Chr4	2345582	2349619
1643at6231	BOKI.BOKI_Chr3	5832297	5834358
1645at6231	BOKI.BOKI_Chr1	6134288	6136827
1647at6231	BOKI.BOKI_Chr2	5892653	5895546
1649at6231	BOKI.BOKI_Chr1	1655599	1663715
1653at6231	BOKI.BOKI_Chr2	9169683	9172210
1656at6231	BOKI.BOKI_Chr3	4991874	4994741
1663at6231	BOKI.BOKI_Chr5	6455924	6459750
1666at6231	BOKI.BOKI_Chr2	7675064	7679628
1669at6231	BOKI.BOKI_Chr5	5574681	5577118
1670at6231	BOKI.BOKI_Chr5	5549504	5552363
1671at6231	BOKI.BOKI_Chr5	6438178	6442209
1682at6231	BOKI.BOKI_Chr1	5223837	5225354
1686at6231	BOKI.BOKI_Chr3	4304681	4306886
1687at6231	BOKI.BOKI_Chr4	4675510	4678895
1691at6231	BOKI.BOKI_Chr5	5948562	5950748
1698at6231	BOKI.BOKI_Chr3	7046777	7049370
1699at6231	BOKI.BOKI_Chr5	7385647	7388699
1701at6231	BOKI.BOKI_Chr6	5901661	5903978
1702at6231	BOKI.BOKI_Chr1	11078454	11080883
1704at6231	BOKI.BOKI_Chr2	6641518	6643651
1705at6231	BOKI.BOKI_Chr3	7441830	7450836
1706at6231	BOKI.BOKI_Chr2	8611306	8616337
1712at6231	BOKI.BOKI_Chr2	6810281	6812389
1713at6231	BOKI.BOKI_Chr3	763840	766059
1715at6231	BOKI.BOKI_Chr3	5211364	5213697
1739at6231	BOKI.BOKI_Chr4	6647804	6650077
1743at6231	BOKI.BOKI_Chr6	2781440	2789235
1750at6231	BOKI.BOKI_Chr4	4667506	4670675
1757at6231	BOKI.BOKI_Chr1	6865208	6870820
1759at6231	BOKI.BOKI_Chr2	6969093	6977461
1760at6231	BOKI.BOKI_Chr5	9913438	9921298
1761at6231	BOKI.BOKI_Chr2	4683910	4686830
1762at6231	BOKI.BOKI_Chr5	10410247	10419114
1770at6231	BOKI.BOKI_Chr5	4396440	4399477
1771at6231	BOKI.BOKI_Chr4	11165172	11166951
1778at6231	BOKI.BOKI_Chr1	7141376	7154244
1780at6231	BOKI.BOKI_Chr2	6431734	6434196
1785at6231	BOKI.BOKI_Chr6	5904925	5907650
1797at6231	BOKI.BOKI_Chr6	141405	143311
1801at6231	BOKI.BOKI_Chr5	6730095	6732406
1816at6231	BOKI.BOKI_Chr3	8972107	8975796
1817at6231	BOKI.BOKI_Chr6	8073258	8076355
1821at6231	BOKI.BOKI_Chr5	9368839	9373443
1822at6231	BOKI.BOKI_Chr5	11245854	11248463
1823at6231	BOKI.BOKI_Chr3	5461748	5464033
1827at6231	BOKI.BOKI_Chr1	4485397	4487462
1831at6231	BOKI.BOKI_Chr1	3493545	3501619
1838at6231	BOKI.BOKI_Chr5	6723718	6727462
1847at6231	BOKI.BOKI_Chr4	5141947	5148055
1852at6231	BOKI.BOKI_Chr3	5958880	5962381
1856at6231	BOKI.BOKI_Chr1	5781050	5783828
1865at6231	BOKI.BOKI_Chr1	5604913	5607063
1868at6231	BOKI.BOKI_Chr3	18353	19915
1870at6231	BOKI.BOKI_Chr4	7779657	7782408
1871at6231	BOKI.BOKI_Chr1	6025096	6026996
1872at6231	BOKI.BOKI_Chr5	8838158	8841682
1873at6231	BOKI.BOKI_Chr3	66811	69580
1877at6231	BOKI.BOKI_Chr2	5390977	5393383
1884at6231	BOKI.BOKI_Chr3	867551	872951
1885at6231	BOKI.BOKI_Chr3	5739471	5741341
1890at6231	BOKI.BOKI_Chr5	7938654	7947370
1894at6231	BOKI.BOKI_Chr4	7237554	7240578
1895at6231	BOKI.BOKI_Chr4	1868143	1870628
1899at6231	BOKI.BOKI_Chr1	6138984	6142512
1900at6231	BOKI.BOKI_Chr2	6047914	6050504
1914at6231	BOKI.BOKI_Chr2	6000868	6003529
1915at6231	BOKI.BOKI_Chr1	6131415	6133695
1918at6231	BOKI.BOKI_Chr4	5203227	5205314
1920at6231	BOKI.BOKI_Chr2	3386060	3388723
1921at6231	BOKI.BOKI_Chr3	5656203	5658524
1927at6231	BOKI.BOKI_Chr6	5119816	5122503
1942at6231	BOKI.BOKI_Chr2	11196275	11200745
1952at6231	BOKI.BOKI_Chr2	5634146	5636220
1956at6231	BOKI.BOKI_Chr3	6383978	6385825
1963at6231	BOKI.BOKI_Chr6	7036609	7039986
1964at6231	BOKI.BOKI_Chr3	7740717	7743780
1966at6231	BOKI.BOKI_Chr2	10652654	10656077
1968at6231	BOKI.BOKI_Chr3	4843239	4845333
1971at6231	BOKI.BOKI_Chr1	4096710	4099774
1974at6231	BOKI.BOKI_Chr3	5245362	5248132
1978at6231	BOKI.BOKI_Chr1	6744016	6747422
1979at6231	BOKI.BOKI_Chr1	5593062	5594971
1991at6231	BOKI.BOKI_Chr4	190796	192708
1998at6231	BOKI.BOKI_Chr3	5438516	5440361
2000at6231	BOKI.BOKI_Chr3	4984444	4987602
2008at6231	BOKI.BOKI_Chr6	4963718	4966029
2012at6231	BOKI.BOKI_Chr1	7293687	7296728
2014at6231	BOKI.BOKI_Chr2	852544	855337
2018at6231	BOKI.BOKI_Chr5	4478560	4481772
2021at6231	BOKI.BOKI_Chr6	10707749	10711398
2022at6231	BOKI.BOKI_Chr3	6281709	6284137
2026at6231	BOKI.BOKI_Chr3	6556400	6558679
2028at6231	BOKI.BOKI_Chr2	3398389	3402248
2032at6231	BOKI.BOKI_Chr1	6592918	6603159
2035at6231	BOKI.BOKI_Chr1	3989137	3991361
2037at6231	BOKI.BOKI_Chr3	4614782	4616984
2041at6231	BOKI.BOKI_Chr1	4243855	4246085
2052at6231	BOKI.BOKI_Chr3	4490784	4493778
2058at6231	BOKI.BOKI_Chr3	4887080	4890757
2064at6231	BOKI.BOKI_Chr1	5777764	5780916
2072at6231	BOKI.BOKI_Chr6	1520439	1522455
2073at6231	BOKI.BOKI_Chr1	3091561	3095561
2075at6231	BOKI.BOKI_Chr5	1756291	1765497
2077at6231	BOKI.BOKI_Chr5	5809116	5811854
2080at6231	BOKI.BOKI_Chr2	11352779	11354813
2081at6231	BOKI.BOKI_Chr1	5239303	5242219
2089at6231	BOKI.BOKI_Chr2	11326179	11329053
2092at6231	BOKI.BOKI_Chr1	11504273	11507703
2093at6231	BOKI.BOKI_Chr6	92215	94695
2096at6231	BOKI.BOKI_Chr3	5499697	5501649
2099at6231	BOKI.BOKI_Chr3	8102200	8106307
2100at6231	BOKI.BOKI_Chr3	8362397	8366603
2102at6231	BOKI.BOKI_Chr1	11312700	11316834
2103at6231	BOKI.BOKI_Chr4	5034143	5037644
2104at6231	BOKI.BOKI_Chr2	7184600	7187402
2105at6231	BOKI.BOKI_Chr4	2366712	2370351
2107at6231	BOKI.BOKI_Chr3	164272	166058
2114at6231	BOKI.BOKI_Chr5	398711	402212
2115at6231	BOKI.BOKI_Chr6	7684161	7691139
2116at6231	BOKI.BOKI_Chr3	8978619	8980927
2119at6231	BOKI.BOKI_Chr3	3171771	3175647
2120at6231	BOKI.BOKI_Chr3	1038588	1041058
2125at6231	BOKI.BOKI_Chr6	6266213	6268040
2126at6231	BOKI.BOKI_Chr4	11388889	11390818
2128at6231	BOKI.BOKI_Chr5	7996656	8002514
2131at6231	BOKI.BOKI_Chr5	6871678	6875484
2132at6231	BOKI.BOKI_Chr5	6785775	6791934
2133at6231	BOKI.BOKI_Chr2	8055620	8057923
2152at6231	BOKI.BOKI_Chr5	2603461	2605741
2159at6231	BOKI.BOKI_Chr6	4793137	4795544
2160at6231	BOKI.BOKI_Chr4	3087983	3092660
2163at6231	BOKI.BOKI_Chr1	10843331	10847864
2164at6231	BOKI.BOKI_Chr2	3869851	3872210
2170at6231	BOKI.BOKI_Chr3	4932741	4935384
2173at6231	BOKI.BOKI_Chr6	4885033	4887712
2178at6231	BOKI.BOKI_Chr3	5987421	5989166
2181at6231	BOKI.BOKI_Chr4	6569645	6571698
2182at6231	BOKI.BOKI_Chr1	795737	801862
2187at6231	BOKI.BOKI_Chr1	6371186	6375517
2198at6231	BOKI.BOKI_Chr5	2090335	2093210
2201at6231	BOKI.BOKI_Chr3	6315251	6317966
2202at6231	BOKI.BOKI_Chr4	10783650	10786408
2204at6231	BOKI.BOKI_Chr4	1528282	1537795
2206at6231	BOKI.BOKI_Chr6	5290921	5292626
2208at6231	BOKI.BOKI_Chr3	5994919	5998405
2209at6231	BOKI.BOKI_Chr3	6248397	6250331
2211at6231	BOKI.BOKI_Chr4	6538784	6543492
2213at6231	BOKI.BOKI_Chr1	6189019	6190653
2220at6231	BOKI.BOKI_Chr6	5759140	5761656
2228at6231	BOKI.BOKI_Chr1	5528086	5530826
2229at6231	BOKI.BOKI_Chr1	8694926	8696980
2232at6231	BOKI.BOKI_Chr1	7071063	7074367
2233at6231	BOKI.BOKI_Chr4	4753809	4756147
2236at6231	BOKI.BOKI_Chr6	11120295	11123599
2238at6231	BOKI.BOKI_Chr5	3389948	3395810
2240at6231	BOKI.BOKI_Chr1	11537734	11541744
2247at6231	BOKI.BOKI_Chr6	4882048	4884505
2251at6231	BOKI.BOKI_Chr3	9351370	9354352
2255at6231	BOKI.BOKI_Chr1	8900401	8904228
2257at6231	BOKI.BOKI_Chr2	9963858	9966921
2267at6231	BOKI.BOKI_Chr1	6402943	6404709
2268at6231	BOKI.BOKI_Chr3	9007053	9009215
2274at6231	BOKI.BOKI_Chr5	3986237	3989789
2277at6231	BOKI.BOKI_Chr2	1915457	1920132
2281at6231	BOKI.BOKI_Chr2	2865296	2867494
2285at6231	BOKI.BOKI_Chr5	7197923	7200776
2286at6231	BOKI.BOKI_Chr3	11959090	11962530
2294at6231	BOKI.BOKI_Chr1	683813	685495
2295at6231	BOKI.BOKI_Chr6	5353010	5355917
2297at6231	BOKI.BOKI_Chr2	3439799	3443597
2299at6231	BOKI.BOKI_Chr1	6367667	6370047
2301at6231	BOKI.BOKI_Chr2	3785175	3788438
2302at6231	BOKI.BOKI_Chr6	6280762	6285604
2306at6231	BOKI.BOKI_Chr6	5205646	5208708
2308at6231	BOKI.BOKI_Chr6	2525501	2529618
2311at6231	BOKI.BOKI_Chr1	9357781	9360543
2312at6231	BOKI.BOKI_Chr6	10532982	10535178
2313at6231	BOKI.BOKI_Chr1	5321920	5323940
2321at6231	BOKI.BOKI_Chr5	7431658	7433786
2327at6231	BOKI.BOKI_Chr6	7558952	7562363
2329at6231	BOKI.BOKI_Chr3	2895114	2899033
2332at6231	BOKI.BOKI_Chr1	8912935	8925399
2338at6231	BOKI.BOKI_Chr4	7983449	7986114
2341at6231	BOKI.BOKI_Chr6	725179	728016
2342at6231	BOKI.BOKI_Chr1	730438	736183
2345at6231	BOKI.BOKI_Chr3	9792226	9794089
2351at6231	BOKI.BOKI_Chr1	6040579	6043884
2353at6231	BOKI.BOKI_Chr1	10046043	10048252
2356at6231	BOKI.BOKI_Chr6	713321	715920
2357at6231	BOKI.BOKI_Chr1	11318015	11320810
2358at6231	BOKI.BOKI_Chr6	2487629	2495079
2367at6231	BOKI.BOKI_Chr3	11669222	11673926
2368at6231	BOKI.BOKI_Chr5	820011	823790
2370at6231	BOKI.BOKI_Chr1	9625644	9629683
2378at6231	BOKI.BOKI_Chr6	9633732	9642117
2380at6231	BOKI.BOKI_Chr3	10586896	10596689
2383at6231	BOKI.BOKI_Chr2	7009542	7011264
2384at6231	BOKI.BOKI_Chr2	431112	433301
2393at6231	BOKI.BOKI_Chr4	9026699	9030982
2401at6231	BOKI.BOKI_Chr2	6877407	6879619
2403at6231	BOKI.BOKI_Chr6	4636395	4638029
2408at6231	BOKI.BOKI_Chr2	5253516	5256467
2409at6231	BOKI.BOKI_Chr1	6820425	6822762
2410at6231	BOKI.BOKI_Chr1	5523539	5525293
2411at6231	BOKI.BOKI_Chr4	44367	48488
2415at6231	BOKI.BOKI_Chr1	6078201	6080750
2418at6231	BOKI.BOKI_Chr2	8395710	8402778
2420at6231	BOKI.BOKI_Chr2	9051023	9053484
2422at6231	BOKI.BOKI_Chr1	5971714	5973839
2423at6231	BOKI.BOKI_Chr3	6175209	6177106
2424at6231	BOKI.BOKI_Chr3	4439496	4444764
2426at6231	BOKI.BOKI_Chr3	3600361	3605049
2427at6231	BOKI.BOKI_Chr6	6305443	6307795
2430at6231	BOKI.BOKI_Chr2	3525703	3528029
2431at6231	BOKI.BOKI_Chr5	9135016	9141977
2436at6231	BOKI.BOKI_Chr1	7122321	7124260
2437at6231	BOKI.BOKI_Chr2	3288079	3292804
2449at6231	BOKI.BOKI_Chr6	5687884	5689673
2454at6231	BOKI.BOKI_Chr4	4664619	4667336
2464at6231	BOKI.BOKI_Chr5	773225	777169
2467at6231	BOKI.BOKI_Chr6	3967142	3971413
2469at6231	BOKI.BOKI_Chr2	6892452	6895067
2471at6231	BOKI.BOKI_Chr1	6808973	6816451
2474at6231	BOKI.BOKI_Chr3	2507651	2512226
2475at6231	BOKI.BOKI_Chr5	5514678	5522300
2476at6231	BOKI.BOKI_Chr5	5444914	5447128
2478at6231	BOKI.BOKI_Chr3	4811036	4812782
2480at6231	BOKI.BOKI_Chr6	6984604	6986780
2487at6231	BOKI.BOKI_Chr2	856765	861074
2494at6231	BOKI.BOKI_Chr1	6728143	6730348
2495at6231	BOKI.BOKI_Chr3	2690146	2692500
2498at6231	BOKI.BOKI_Chr1	8731941	8734712
2515at6231	BOKI.BOKI_Chr3	11849425	11851289
2516at6231	BOKI.BOKI_Chr1	6672245	6673959
2523at6231	BOKI.BOKI_Chr1	6398608	6400807
2524at6231	BOKI.BOKI_Chr1	7081012	7089867
2527at6231	BOKI.BOKI_Chr4	3473117	3475480
2531at6231	BOKI.BOKI_Chr3	5599943	5601967
2545at6231	BOKI.BOKI_Chr1	4557636	4560335
2551at6231	BOKI.BOKI_Chr6	10371752	10374735
2557at6231	BOKI.BOKI_Chr2	5906041	5907974
2562at6231	BOKI.BOKI_Chr5	868794	872323
2565at6231	BOKI.BOKI_Chr5	2293836	2297220
2568at6231	BOKI.BOKI_Chr3	5526049	5529956
2569at6231	BOKI.BOKI_Chr6	6244486	6246731
2573at6231	BOKI.BOKI_Chr5	7669532	7671481
2577at6231	BOKI.BOKI_Chr4	2482806	2485690
2582at6231	BOKI.BOKI_Chr3	6258666	6261280
2595at6231	BOKI.BOKI_Chr3	11239734	11245699
2600at6231	BOKI.BOKI_Chr4	11184631	11189115
2601at6231	BOKI.BOKI_Chr2	10754441	10756789
2605at6231	BOKI.BOKI_Chr3	3653713	3655981
2611at6231	BOKI.BOKI_Chr3	6447791	6453162
2614at6231	BOKI.BOKI_Chr2	4466667	4468945
2622at6231	BOKI.BOKI_Chr4	2244915	2247947
2627at6231	BOKI.BOKI_Chr5	9353321	9355926
2628at6231	BOKI.BOKI_Chr5	11114184	11116336
2634at6231	BOKI.BOKI_Chr2	6992342	6994173
2635at6231	BOKI.BOKI_Chr5	8419466	8421197
2639at6231	BOKI.BOKI_Chr3	5003176	5005775
2643at6231	BOKI.BOKI_Chr2	6581840	6584190
2649at6231	BOKI.BOKI_Chr2	5574446	5576680
2650at6231	BOKI.BOKI_Chr6	7312694	7314516
2652at6231	BOKI.BOKI_Chr1	10994987	10996948
2653at6231	BOKI.BOKI_Chr6	6484125	6485803
2660at6231	BOKI.BOKI_Chr5	10309475	10312231
2661at6231	BOKI.BOKI_Chr3	11847152	11848477
2689at6231	BOKI.BOKI_Chr6	11207599	11213679
2707at6231	BOKI.BOKI_Chr4	3030500	3032621
2710at6231	BOKI.BOKI_Chr6	4718286	4721265
2712at6231	BOKI.BOKI_Chr2	7155139	7157709
2714at6231	BOKI.BOKI_Chr5	8293389	8296551
2725at6231	BOKI.BOKI_Chr5	2583820	2587550
2732at6231	BOKI.BOKI_Chr3	1482125	1484242
2754at6231	BOKI.BOKI_Chr5	9078688	9082558
2756at6231	BOKI.BOKI_Chr1	61617	63699
2757at6231	BOKI.BOKI_Chr1	8215267	8218511
2760at6231	BOKI.BOKI_Chr1	6472591	6473951
2761at6231	BOKI.BOKI_Chr2	3970412	3977235
2764at6231	BOKI.BOKI_Chr1	6996572	7001224
2769at6231	BOKI.BOKI_Chr6	3932552	3934965
2772at6231	BOKI.BOKI_Chr4	8552777	8555339
2773at6231	BOKI.BOKI_Chr5	8439411	8441546
2774at6231	BOKI.BOKI_Chr6	5981063	5984037
2778at6231	BOKI.BOKI_Chr1	3761283	3763461
2782at6231	BOKI.BOKI_Chr6	6771618	6773659
2786at6231	BOKI.BOKI_Chr5	10881564	10883674
2792at6231	BOKI.BOKI_Chr3	5419937	5421984
2795at6231	BOKI.BOKI_Chr1	6003308	6005110
2800at6231	BOKI.BOKI_Chr4	5692968	5695255
2802at6231	BOKI.BOKI_Chr1	11523291	11525540
2805at6231	BOKI.BOKI_Chr4	5876301	5878401
2811at6231	BOKI.BOKI_Chr4	5178537	5180795
2815at6231	BOKI.BOKI_Chr1	5556364	5570063
2817at6231	BOKI.BOKI_Chr3	5085894	5087608
2821at6231	BOKI.BOKI_Chr3	10846411	10852698
2830at6231	BOKI.BOKI_Chr2	5070953	5072796
2833at6231	BOKI.BOKI_Chr5	1026049	1030200
2847at6231	BOKI.BOKI_Chr4	7828764	7830768
2848at6231	BOKI.BOKI_Chr4	11399998	11402164
2858at6231	BOKI.BOKI_Chr2	48404	51322
2862at6231	BOKI.BOKI_Chr2	5662413	5664841
2865at6231	BOKI.BOKI_Chr3	2739208	2742364
2873at6231	BOKI.BOKI_Chr6	95531	98869
2885at6231	BOKI.BOKI_Chr4	5050589	5052196
2889at6231	BOKI.BOKI_Chr5	8822501	8825156
2890at6231	BOKI.BOKI_Chr6	6105045	6110157
2891at6231	BOKI.BOKI_Chr1	5856816	5859106
2893at6231	BOKI.BOKI_Chr1	10156586	10160324
2896at6231	BOKI.BOKI_Chr6	2308273	2311886
2906at6231	BOKI.BOKI_Chr6	2480402	2483437
2918at6231	BOKI.BOKI_Chr3	7008671	7011678
2927at6231	BOKI.BOKI_Chr3	5731517	5733072
2931at6231	BOKI.BOKI_Chr5	633652	638007
2933at6231	BOKI.BOKI_Chr2	9628710	9633508
2943at6231	BOKI.BOKI_Chr4	4137909	4139557
2946at6231	BOKI.BOKI_Chr1	9295512	9298129
2948at6231	BOKI.BOKI_Chr1	10426250	10439806
2950at6231	BOKI.BOKI_Chr5	3745040	3747015
2951at6231	BOKI.BOKI_Chr1	6618836	6620407
2952at6231	BOKI.BOKI_Chr6	9557270	9578884
2956at6231	BOKI.BOKI_Chr6	5188879	5199055
2957at6231	BOKI.BOKI_Chr5	9695085	9699646
2961at6231	BOKI.BOKI_Chr5	3537978	3540974
2965at6231	BOKI.BOKI_Chr1	9775414	9779515
2972at6231	BOKI.BOKI_Chr5	5629401	5631380
2982at6231	BOKI.BOKI_Chr5	6861260	6863667
2989at6231	BOKI.BOKI_Chr6	11155992	11157959
2990at6231	BOKI.BOKI_Chr6	6224143	6225654
2992at6231	BOKI.BOKI_Chr5	5885503	5889688
2997at6231	BOKI.BOKI_Chr3	11440926	11442985
2999at6231	BOKI.BOKI_Chr1	529135	532354
3008at6231	BOKI.BOKI_Chr3	8571752	8584934
3010at6231	BOKI.BOKI_Chr6	4967894	4970616
3012at6231	BOKI.BOKI_Chr1	6986710	6989280
3024at6231	BOKI.BOKI_Chr6	1539260	1542467
3031at6231	BOKI.BOKI_Chr3	52350	54054
3035at6231	BOKI.BOKI_Chr6	5549289	5551332
3037at6231	BOKI.BOKI_Chr3	11747153	11749216
3039at6231	BOKI.BOKI_Chr1	6048909	6050959
3045at6231	BOKI.BOKI_Chr2	5862443	5867249
3047at6231	BOKI.BOKI_Chr2	5626796	5628331
3051at6231	BOKI.BOKI_Chr3	6020349	6022568
3059at6231	BOKI.BOKI_Chr2	6038690	6040467
3060at6231	BOKI.BOKI_Chr5	4436805	4438446
3063at6231	BOKI.BOKI_Chr1	7948066	7950691
3070at6231	BOKI.BOKI_Chr1	5887773	5889313
3074at6231	BOKI.BOKI_Chr5	10859616	10861965
3077at6231	BOKI.BOKI_Chr1	7505728	7513384
3084at6231	BOKI.BOKI_Chr3	3709475	3711877
3085at6231	BOKI.BOKI_Chr4	4093095	4095405
3086at6231	BOKI.BOKI_Chr1	6708070	6710110
3088at6231	BOKI.BOKI_Chr6	6653444	6656019
3089at6231	BOKI.BOKI_Chr5	10103059	10105863
3097at6231	BOKI.BOKI_Chr6	4094550	4097397
3103at6231	BOKI.BOKI_Chr3	9741120	9743167
3108at6231	BOKI.BOKI_Chr2	4279486	4285051
3112at6231	BOKI.BOKI_Chr4	9888610	9890455
3122at6231	BOKI.BOKI_Chr3	4802982	4804743
3125at6231	BOKI.BOKI_Chr1	6851108	6853093
3129at6231	BOKI.BOKI_Chr2	5448361	5451058
3156at6231	BOKI.BOKI_Chr2	4119443	4122577
3157at6231	BOKI.BOKI_Chr1	6120788	6123758
3167at6231	BOKI.BOKI_Chr2	4888609	4890383
3171at6231	BOKI.BOKI_Chr4	6809895	6814364
3182at6231	BOKI.BOKI_Chr2	6382150	6386205
3183at6231	BOKI.BOKI_Chr2	31600	34105
3191at6231	BOKI.BOKI_Chr3	11785069	11789494
3193at6231	BOKI.BOKI_Chr3	5446028	5448584
3196at6231	BOKI.BOKI_Chr1	2603010	2618205
3205at6231	BOKI.BOKI_Chr4	1589659	1592090
3209at6231	BOKI.BOKI_Chr4	4957489	4959764
3211at6231	BOKI.BOKI_Chr2	4743068	4744888
3214at6231	BOKI.BOKI_Chr6	4443254	4445262
3218at6231	BOKI.BOKI_Chr4	5691038	5692773
3219at6231	BOKI.BOKI_Chr1	5193929	5202376
3223at6231	BOKI.BOKI_Chr5	7219148	7221133
3226at6231	BOKI.BOKI_Chr2	7147213	7149128
3230at6231	BOKI.BOKI_Chr4	6136964	6138842
3232at6231	BOKI.BOKI_Chr6	1139037	1140539
3233at6231	BOKI.BOKI_Chr2	10311348	10315858
3235at6231	BOKI.BOKI_Chr1	134246	137429
3237at6231	BOKI.BOKI_Chr4	8421742	8424144
3240at6231	BOKI.BOKI_Chr4	5847073	5849143
3251at6231	BOKI.BOKI_Chr2	4996744	4998769
3260at6231	BOKI.BOKI_Chr1	4896201	4898246
3275at6231	BOKI.BOKI_Chr2	7627128	7628137
3276at6231	BOKI.BOKI_Chr3	9448745	9450675
3281at6231	BOKI.BOKI_Chr5	7307791	7310894
3292at6231	BOKI.BOKI_Chr6	1129102	1131655
3293at6231	BOKI.BOKI_Chr1	8267474	8269344
3295at6231	BOKI.BOKI_Chr1	6627402	6628609
3300at6231	BOKI.BOKI_Chr4	6059622	6061150
3302at6231	BOKI.BOKI_Chr6	4463248	4465196
3304at6231	BOKI.BOKI_Chr1	6965897	6967815
3305at6231	BOKI.BOKI_Chr2	6865273	6869659
3308at6231	BOKI.BOKI_Chr2	11407135	11409013
3312at6231	BOKI.BOKI_Chr2	377612	379943
3317at6231	BOKI.BOKI_Chr2	10601828	10609459
3321at6231	BOKI.BOKI_Chr4	4313869	4316418
3324at6231	BOKI.BOKI_Chr5	4618603	4620384
3325at6231	BOKI.BOKI_Chr2	6094590	6096285
3326at6231	BOKI.BOKI_Chr1	4246520	4248200
3330at6231	BOKI.BOKI_Chr3	570111	579693
3331at6231	BOKI.BOKI_Chr1	4273482	4276271
3335at6231	BOKI.BOKI_Chr1	166327	169441
3340at6231	BOKI.BOKI_Chr2	8127693	8129485
3347at6231	BOKI.BOKI_Chr6	4419732	4421781
3349at6231	BOKI.BOKI_Chr5	10193585	10196840
3350at6231	BOKI.BOKI_Chr3	4051936	4057490
3365at6231	BOKI.BOKI_Chr2	44112	47870
3366at6231	BOKI.BOKI_Chr3	5479845	5481758
3373at6231	BOKI.BOKI_Chr5	2288984	2290893
3376at6231	BOKI.BOKI_Chr1	6857034	6859810
3377at6231	BOKI.BOKI_Chr3	3689497	3692125
3378at6231	BOKI.BOKI_Chr1	6514573	6516050
3379at6231	BOKI.BOKI_Chr1	6779118	6781098
3381at6231	BOKI.BOKI_Chr1	7124391	7126618
3388at6231	BOKI.BOKI_Chr6	8120370	8122311
3393at6231	BOKI.BOKI_Chr1	6719163	6722286
3398at6231	BOKI.BOKI_Chr5	8750131	8752689
3400at6231	BOKI.BOKI_Chr3	5152300	5153927
3401at6231	BOKI.BOKI_Chr4	6043072	6049997
3403at6231	BOKI.BOKI_Chr6	6370269	6373583
3404at6231	BOKI.BOKI_Chr3	6056294	6058671
3408at6231	BOKI.BOKI_Chr6	6035651	6037281
3411at6231	BOKI.BOKI_Chr1	5525376	5527872
3412at6231	BOKI.BOKI_Chr2	10234803	10239631
3414at6231	BOKI.BOKI_Chr3	5676932	5681423
3417at6231	BOKI.BOKI_Chr6	5722573	5724359
3419at6231	BOKI.BOKI_Chr5	5955869	5957295
3420at6231	BOKI.BOKI_Chr1	11276647	11278112
3422at6231	BOKI.BOKI_Chr3	5547625	5549605
3433at6231	BOKI.BOKI_Chr1	4805956	4809512
3434at6231	BOKI.BOKI_Chr6	4591528	4593161
3442at6231	BOKI.BOKI_Chr3	11929101	11932128
3444at6231	BOKI.BOKI_Chr4	474062	475489
3445at6231	BOKI.BOKI_Chr1	4193203	4197424
3466at6231	BOKI.BOKI_Chr1	5521617	5523098
3473at6231	BOKI.BOKI_Chr2	6062701	6065657
3474at6231	BOKI.BOKI_Chr6	5397217	5399259
3487at6231	BOKI.BOKI_Chr1	4598224	4600212
3490at6231	BOKI.BOKI_Chr3	8517890	8519721
3493at6231	BOKI.BOKI_Chr5	6938578	6941391
3496at6231	BOKI.BOKI_Chr2	5700343	5704700
3500at6231	BOKI.BOKI_Chr4	10441526	10444497
3502at6231	BOKI.BOKI_Chr6	8954904	8958283
3506at6231	BOKI.BOKI_Chr6	218835	221799
3509at6231	BOKI.BOKI_Chr3	4758047	4759861
3520at6231	BOKI.BOKI_Chr1	6886413	6888396
3523at6231	BOKI.BOKI_Chr6	5669719	5671227
3524at6231	BOKI.BOKI_Chr5	6620520	6623146
3545at6231	BOKI.BOKI_Chr5	9058442	9060470
3547at6231	BOKI.BOKI_Chr2	9208096	9212127
3548at6231	BOKI.BOKI_Chr6	2427856	2435277
3550at6231	BOKI.BOKI_Chr3	5946904	5948956
3552at6231	BOKI.BOKI_Chr3	9832270	9834058
3553at6231	BOKI.BOKI_Chr1	7539748	7541034
3558at6231	BOKI.BOKI_Chr1	4962604	4965057
3561at6231	BOKI.BOKI_Chr5	5501005	5504151
3570at6231	BOKI.BOKI_Chr4	10265354	10267851
3574at6231	BOKI.BOKI_Chr3	6029495	6031389
3577at6231	BOKI.BOKI_Chr1	6526882	6528618
3581at6231	BOKI.BOKI_Chr4	980948	986247
3582at6231	BOKI.BOKI_Chr5	2658244	2662518
3584at6231	BOKI.BOKI_Chr2	6314988	6316569
3585at6231	BOKI.BOKI_Chr1	6338710	6340303
3587at6231	BOKI.BOKI_Chr4	4771138	4774961
3594at6231	BOKI.BOKI_Chr2	9273367	9279201
3596at6231	BOKI.BOKI_Chr1	6384294	6386849
3601at6231	BOKI.BOKI_Chr3	7130069	7132248
3607at6231	BOKI.BOKI_Chr5	6490819	6492780
3609at6231	BOKI.BOKI_Chr1	6232135	6236465
3611at6231	BOKI.BOKI_Chr4	5371797	5380412
3612at6231	BOKI.BOKI_Chr1	6038717	6040379
3618at6231	BOKI.BOKI_Chr2	11357394	11360390
3626at6231	BOKI.BOKI_Chr1	7356945	7359413
3629at6231	BOKI.BOKI_Chr3	6075788	6079480
3630at6231	BOKI.BOKI_Chr5	10220930	10225236
3635at6231	BOKI.BOKI_Chr5	668890	671122
3637at6231	BOKI.BOKI_Chr6	2292455	2295227
3638at6231	BOKI.BOKI_Chr4	123175	125568
3640at6231	BOKI.BOKI_Chr5	7302711	7305275
3642at6231	BOKI.BOKI_Chr2	9639983	9642454
3644at6231	BOKI.BOKI_Chr1	914936	919528
3659at6231	BOKI.BOKI_Chr6	8386212	8389879
3660at6231	BOKI.BOKI_Chr1	5898180	5900295
3666at6231	BOKI.BOKI_Chr5	7071138	7073306
3669at6231	BOKI.BOKI_Chr6	977895	980661
3671at6231	BOKI.BOKI_Chr1	4479302	4481760
3676at6231	BOKI.BOKI_Chr1	5624291	5627544
3678at6231	BOKI.BOKI_Chr1	8021933	8023217
3679at6231	BOKI.BOKI_Chr3	7102060	7103952
3688at6231	BOKI.BOKI_Chr4	5810750	5812221
3693at6231	BOKI.BOKI_Chr3	6651357	6653136
3699at6231	BOKI.BOKI_Chr1	2719336	2722791
3701at6231	BOKI.BOKI_Chr3	4710147	4712458
3712at6231	BOKI.BOKI_Chr1	5608774	5610144
3718at6231	BOKI.BOKI_Chr2	5052834	5056019
3719at6231	BOKI.BOKI_Chr4	8047279	8049066
3723at6231	BOKI.BOKI_Chr4	3440439	3446897
3732at6231	BOKI.BOKI_Chr6	6586321	6588713
3741at6231	BOKI.BOKI_Chr4	5114170	5116052
3746at6231	BOKI.BOKI_Chr3	11678971	11684605
3754at6231	BOKI.BOKI_Chr3	1641462	1646479
3760at6231	BOKI.BOKI_Chr3	5449410	5454181
3771at6231	BOKI.BOKI_Chr6	5873509	5877050
3774at6231	BOKI.BOKI_Chr2	7665429	7667833
3776at6231	BOKI.BOKI_Chr3	4703795	4705709
3780at6231	BOKI.BOKI_Chr3	3625803	3628293
3781at6231	BOKI.BOKI_Chr3	5634722	5636479
3793at6231	BOKI.BOKI_Chr1	5619459	5620996
3794at6231	BOKI.BOKI_Chr5	2988548	2990883
3798at6231	BOKI.BOKI_Chr5	3973255	3975551
3816at6231	BOKI.BOKI_Chr1	4925856	4928588
3818at6231	BOKI.BOKI_Chr6	4543075	4544859
3821at6231	BOKI.BOKI_Chr2	6765482	6771421
3827at6231	BOKI.BOKI_Chr1	7536285	7538597
3828at6231	BOKI.BOKI_Chr5	7319294	7320755
3830at6231	BOKI.BOKI_Chr5	5046040	5048684
3835at6231	BOKI.BOKI_Chr4	5453132	5454912
3836at6231	BOKI.BOKI_Chr3	4206286	4214375
3839at6231	BOKI.BOKI_Chr3	7493435	7495656
3842at6231	BOKI.BOKI_Chr3	5685834	5687218
3843at6231	BOKI.BOKI_Chr2	5550216	5551542
3845at6231	BOKI.BOKI_Chr3	5250212	5252730
3850at6231	BOKI.BOKI_Chr3	7080375	7086083
3853at6231	BOKI.BOKI_Chr2	4256016	4257519
3857at6231	BOKI.BOKI_Chr2	6913573	6915518
3863at6231	BOKI.BOKI_Chr1	5453072	5454409
3869at6231	BOKI.BOKI_Chr1	6094012	6095347
3871at6231	BOKI.BOKI_Chr5	6338849	6344964
3878at6231	BOKI.BOKI_Chr6	7373825	7376489
3879at6231	BOKI.BOKI_Chr1	8171882	8174753
3880at6231	BOKI.BOKI_Chr1	4795003	4796876
3885at6231	BOKI.BOKI_Chr3	4815390	4817039
3887at6231	BOKI.BOKI_Chr5	6750429	6751971
3891at6231	BOKI.BOKI_Chr1	6061208	6062730
3892at6231	BOKI.BOKI_Chr6	5454738	5456585
3894at6231	BOKI.BOKI_Chr1	3764354	3766800
3903at6231	BOKI.BOKI_Chr1	6606933	6610569
3907at6231	BOKI.BOKI_Chr1	6276281	6277701
3908at6231	BOKI.BOKI_Chr5	7507011	7509246
3919at6231	BOKI.BOKI_Chr3	5436456	5438214
3927at6231	BOKI.BOKI_Chr6	2504496	2506376
3929at6231	BOKI.BOKI_Chr3	10275397	10279956
3930at6231	BOKI.BOKI_Chr2	9410798	9421025
3931at6231	BOKI.BOKI_Chr3	5654623	5655850
3933at6231	BOKI.BOKI_Chr6	427262	430170
3935at6231	BOKI.BOKI_Chr5	2300169	2302487
3939at6231	BOKI.BOKI_Chr5	5447857	5449329
3947at6231	BOKI.BOKI_Chr3	6492085	6494181
3951at6231	BOKI.BOKI_Chr2	5804800	5808326
3954at6231	BOKI.BOKI_Chr4	5819412	5821032
3957at6231	BOKI.BOKI_Chr3	5672087	5674473
3960at6231	BOKI.BOKI_Chr3	1772478	1774249
3963at6231	BOKI.BOKI_Chr4	4826710	4828521
3968at6231	BOKI.BOKI_Chr5	4872706	4874061
3969at6231	BOKI.BOKI_Chr5	6600368	6603111
3971at6231	BOKI.BOKI_Chr4	8150280	8152362
3976at6231	BOKI.BOKI_Chr1	7138203	7140436
3987at6231	BOKI.BOKI_Chr6	5719970	5721271
3989at6231	BOKI.BOKI_Chr3	8329976	8331803
3990at6231	BOKI.BOKI_Chr3	8761224	8762891
3992at6231	BOKI.BOKI_Chr3	11466446	11468690
3993at6231	BOKI.BOKI_Chr6	36229	40473
3995at6231	BOKI.BOKI_Chr1	5827064	5828442
4001at6231	BOKI.BOKI_Chr2	6007772	6009127
4003at6231	BOKI.BOKI_Chr5	8143189	8145306
4013at6231	BOKI.BOKI_Chr4	3883846	3885588
4026at6231	BOKI.BOKI_Chr2	3649376	3650847
4028at6231	BOKI.BOKI_Chr2	734443	736968
4030at6231	BOKI.BOKI_Chr4	2912059	2914260
4039at6231	BOKI.BOKI_Chr5	6864933	6866830
4040at6231	BOKI.BOKI_Chr5	6384507	6386994
4046at6231	BOKI.BOKI_Chr2	11285471	11286949
4050at6231	BOKI.BOKI_Chr2	11355046	11357195
4054at6231	BOKI.BOKI_Chr5	5935051	5938052
4055at6231	BOKI.BOKI_Chr4	6726833	6728798
4059at6231	BOKI.BOKI_Chr2	8310586	8313073
4061at6231	BOKI.BOKI_Chr3	761065	762819
4063at6231	BOKI.BOKI_Chr1	7990448	7992235
4069at6231	BOKI.BOKI_Chr5	4669065	4670923
4071at6231	BOKI.BOKI_Chr3	4969921	4971874
4072at6231	BOKI.BOKI_Chr2	5122668	5124872
4075at6231	BOKI.BOKI_Chr4	5731611	5733649
4076at6231	BOKI.BOKI_Chr4	6433651	6436088
4085at6231	BOKI.BOKI_Chr1	7078693	7080065
4088at6231	BOKI.BOKI_Chr3	4906830	4910665
4089at6231	BOKI.BOKI_Chr4	5479857	5481597
4094at6231	BOKI.BOKI_Chr3	384361	386992
4098at6231	BOKI.BOKI_Chr1	6641386	6643297
4104at6231	BOKI.BOKI_Chr3	11065356	11068341
4106at6231	BOKI.BOKI_Chr1	8703925	8706022
4108at6231	BOKI.BOKI_Chr1	4799208	4800700
4120at6231	BOKI.BOKI_Chr2	6571711	6572917
4123at6231	BOKI.BOKI_Chr5	11339751	11341285
4128at6231	BOKI.BOKI_Chr5	5797842	5799176
4130at6231	BOKI.BOKI_Chr1	5117614	5119193
4137at6231	BOKI.BOKI_Chr2	6004669	6007612
4141at6231	BOKI.BOKI_Chr2	6359814	6363807
4151at6231	BOKI.BOKI_Chr1	6343868	6346878
4153at6231	BOKI.BOKI_Chr5	4445517	4452775
4155at6231	BOKI.BOKI_Chr1	8950692	8953515
4166at6231	BOKI.BOKI_Chr1	1482604	1484108
4168at6231	BOKI.BOKI_Chr1	1510272	1512649
4171at6231	BOKI.BOKI_Chr1	6382849	6384164
4173at6231	BOKI.BOKI_Chr1	4920945	4924666
4176at6231	BOKI.BOKI_Chr4	1264521	1270908
4178at6231	BOKI.BOKI_Chr5	5877687	5879139
4181at6231	BOKI.BOKI_Chr3	1724065	1728352
4182at6231	BOKI.BOKI_Chr1	9096111	9099674
4183at6231	BOKI.BOKI_Chr3	5596446	5597924
4192at6231	BOKI.BOKI_Chr6	879148	882021
4197at6231	BOKI.BOKI_Chr6	4697341	4699669
4202at6231	BOKI.BOKI_Chr1	7118581	7120957
4208at6231	BOKI.BOKI_Chr1	5104464	5105724
4209at6231	BOKI.BOKI_Chr5	7013804	7015208
4211at6231	BOKI.BOKI_Chr5	5957504	5959092
4213at6231	BOKI.BOKI_Chr1	6652961	6654139
4226at6231	BOKI.BOKI_Chr1	4617048	4621493
4230at6231	BOKI.BOKI_Chr2	6721398	6722941
4231at6231	BOKI.BOKI_Chr2	6327480	6329065
4237at6231	BOKI.BOKI_Chr2	6014030	6015231
4246at6231	BOKI.BOKI_Chr1	5335429	5337354
4258at6231	BOKI.BOKI_Chr1	6712523	6716556
4265at6231	BOKI.BOKI_Chr3	6497892	6499832
4272at6231	BOKI.BOKI_Chr4	3806750	3808935
4277at6231	BOKI.BOKI_Chr6	4183050	4184678
4282at6231	BOKI.BOKI_Chr3	9355969	9357211
4285at6231	BOKI.BOKI_Chr3	1183608	1192636
4289at6231	BOKI.BOKI_Chr4	607014	608537
4296at6231	BOKI.BOKI_Chr2	10896415	10903036
4303at6231	BOKI.BOKI_Chr4	4557132	4558805
4307at6231	BOKI.BOKI_Chr6	7453541	7456007
4310at6231	BOKI.BOKI_Chr1	807559	821089
4318at6231	BOKI.BOKI_Chr3	1501424	1507798
4320at6231	BOKI.BOKI_Chr4	4017668	4020229
4322at6231	BOKI.BOKI_Chr2	7325992	7328488
4337at6231	BOKI.BOKI_Chr2	8603766	8605150
4338at6231	BOKI.BOKI_Chr6	4642996	4644856
4345at6231	BOKI.BOKI_Chr2	3691563	3693245
4355at6231	BOKI.BOKI_Chr3	5710017	5711751
4359at6231	BOKI.BOKI_Chr1	5798723	5801301
4364at6231	BOKI.BOKI_Chr3	8165630	8167398
4389at6231	BOKI.BOKI_Chr4	11501247	11503131
4404at6231	BOKI.BOKI_Chr6	7961347	7964154
4405at6231	BOKI.BOKI_Chr2	7950128	7952720
4407at6231	BOKI.BOKI_Chr5	4369862	4371623
4412at6231	BOKI.BOKI_Chr2	5915075	5916558
4415at6231	BOKI.BOKI_Chr3	5598052	5599590
4417at6231	BOKI.BOKI_Chr6	9455495	9457991
4427at6231	BOKI.BOKI_Chr3	6284631	6286271
4428at6231	BOKI.BOKI_Chr2	8067738	8069343
4430at6231	BOKI.BOKI_Chr4	11139527	11141713
4454at6231	BOKI.BOKI_Chr2	2632793	2634304
4457at6231	BOKI.BOKI_Chr6	11163749	11174887
4458at6231	BOKI.BOKI_Chr3	3040556	3043706
4461at6231	BOKI.BOKI_Chr1	8408833	8410974
4469at6231	BOKI.BOKI_Chr1	5303987	5305738
4476at6231	BOKI.BOKI_Chr3	5434028	5435935
4485at6231	BOKI.BOKI_Chr5	5862614	5864726
4487at6231	BOKI.BOKI_Chr2	5114557	5118670
4492at6231	BOKI.BOKI_Chr6	6813980	6818894
4498at6231	BOKI.BOKI_Chr3	2537486	2540759
4499at6231	BOKI.BOKI_Chr1	7134850	7138008
4504at6231	BOKI.BOKI_Chr5	6945319	6946964
4509at6231	BOKI.BOKI_Chr1	8687492	8689733
4512at6231	BOKI.BOKI_Chr1	7791751	7792966
4516at6231	BOKI.BOKI_Chr1	6994644	6996191
4519at6231	BOKI.BOKI_Chr1	2017916	2020375
4521at6231	BOKI.BOKI_Chr2	10887254	10891824
4525at6231	BOKI.BOKI_Chr3	4674343	4675664
4526at6231	BOKI.BOKI_Chr6	4894432	4897944
4532at6231	BOKI.BOKI_Chr2	3590539	3595900
4536at6231	BOKI.BOKI_Chr1	6522831	6524460
4539at6231	BOKI.BOKI_Chr6	5501108	5502489
4540at6231	BOKI.BOKI_Chr1	8432261	8434353
4542at6231	BOKI.BOKI_Chr6	5295929	5297564
4548at6231	BOKI.BOKI_Chr5	5923958	5925413
4559at6231	BOKI.BOKI_Chr1	9925296	9931215
4561at6231	BOKI.BOKI_Chr3	5593000	5595646
4579at6231	BOKI.BOKI_Chr6	5073177	5074461
4585at6231	BOKI.BOKI_Chr5	6307462	6308718
4586at6231	BOKI.BOKI_Chr1	6871292	6874699
4588at6231	BOKI.BOKI_Chr2	8647885	8650673
4590at6231	BOKI.BOKI_Chr5	5589582	5591621
4593at6231	BOKI.BOKI_Chr6	5915581	5917060
4594at6231	BOKI.BOKI_Chr2	6701955	6704152
4597at6231	BOKI.BOKI_Chr5	6579211	6582530
4598at6231	BOKI.BOKI_Chr1	5949044	5950781
4602at6231	BOKI.BOKI_Chr1	6503160	6506432
4607at6231	BOKI.BOKI_Chr6	7864165	7866331
4611at6231	BOKI.BOKI_Chr1	11584871	11586735
4612at6231	BOKI.BOKI_Chr2	5714696	5716105
4621at6231	BOKI.BOKI_Chr2	3454428	3460653
4622at6231	BOKI.BOKI_Chr6	1886797	1889221
4635at6231	BOKI.BOKI_Chr4	7661648	7662694
4639at6231	BOKI.BOKI_Chr4	4700452	4702227
4650at6231	BOKI.BOKI_Chr2	6966941	6968796
4657at6231	BOKI.BOKI_Chr1	6262446	6263404
4661at6231	BOKI.BOKI_Chr3	4307679	4308893
4669at6231	BOKI.BOKI_Chr3	7901662	7904422
4675at6231	BOKI.BOKI_Chr3	7688364	7691057
4679at6231	BOKI.BOKI_Chr2	11273429	11276499
4680at6231	BOKI.BOKI_Chr2	1755269	1757469
4690at6231	BOKI.BOKI_Chr6	11682774	11684374
4692at6231	BOKI.BOKI_Chr1	7612053	7613371
4702at6231	BOKI.BOKI_Chr1	7177230	7178479
4703at6231	BOKI.BOKI_Chr6	5239016	5240415
4719at6231	BOKI.BOKI_Chr3	11758059	11760557
4722at6231	BOKI.BOKI_Chr2	7941854	7943376
4723at6231	BOKI.BOKI_Chr2	7383953	7386462
4726at6231	BOKI.BOKI_Chr1	5248993	5250835
4731at6231	BOKI.BOKI_Chr4	5132470	5133856
4735at6231	BOKI.BOKI_Chr1	6119187	6120372
4746at6231	BOKI.BOKI_Chr5	7616264	7618217
4750at6231	BOKI.BOKI_Chr1	8796349	8797739
4752at6231	BOKI.BOKI_Chr2	6674902	6676718
4754at6231	BOKI.BOKI_Chr5	392648	397887
4756at6231	BOKI.BOKI_Chr6	4649492	4651486
4757at6231	BOKI.BOKI_Chr3	6067714	6070346
4759at6231	BOKI.BOKI_Chr3	6437114	6439632
4763at6231	BOKI.BOKI_Chr1	6620429	6622322
4766at6231	BOKI.BOKI_Chr1	8054585	8059631
4771at6231	BOKI.BOKI_Chr2	10394628	10395990
4775at6231	BOKI.BOKI_Chr6	7433027	7436919
4776at6231	BOKI.BOKI_Chr4	1090775	1093755
4777at6231	BOKI.BOKI_Chr1	9063094	9065578
4779at6231	BOKI.BOKI_Chr5	6380964	6383565
4780at6231	BOKI.BOKI_Chr1	6161031	6162064
4786at6231	BOKI.BOKI_Chr2	6788444	6792078
4793at6231	BOKI.BOKI_Chr5	9400509	9401877
4794at6231	BOKI.BOKI_Chr5	4529629	4533410
4798at6231	BOKI.BOKI_Chr6	4835827	4838206
4799at6231	BOKI.BOKI_Chr2	7672648	7674378
4801at6231	BOKI.BOKI_Chr4	5614129	5616058
4802at6231	BOKI.BOKI_Chr1	2169398	2171202
4804at6231	BOKI.BOKI_Chr1	3511143	3514642
4806at6231	BOKI.BOKI_Chr2	8248704	8250503
4811at6231	BOKI.BOKI_Chr1	6921916	6923798
4814at6231	BOKI.BOKI_Chr5	5991760	5993471
4815at6231	BOKI.BOKI_Chr5	8225189	8232165
4816at6231	BOKI.BOKI_Chr2	5159109	5162627
4825at6231	BOKI.BOKI_Chr3	8901904	8906190
4834at6231	BOKI.BOKI_Chr5	6886114	6887041
4848at6231	BOKI.BOKI_Chr3	10772216	10774145
4856at6231	BOKI.BOKI_Chr1	6781383	6782617
4861at6231	BOKI.BOKI_Chr4	4258288	4260079
4863at6231	BOKI.BOKI_Chr1	8165209	8166843
4873at6231	BOKI.BOKI_Chr2	5193052	5195221
4877at6231	BOKI.BOKI_Chr1	5337837	5338934
4879at6231	BOKI.BOKI_Chr3	7375720	7377709
4881at6231	BOKI.BOKI_Chr3	6389770	6392183
4883at6231	BOKI.BOKI_Chr6	7735862	7743660
4900at6231	BOKI.BOKI_Chr2	3739945	3741685
4903at6231	BOKI.BOKI_Chr2	1951572	1957495
4905at6231	BOKI.BOKI_Chr5	9954144	9956644
4906at6231	BOKI.BOKI_Chr5	8429453	8437992
4910at6231	BOKI.BOKI_Chr3	5133969	5135736
4913at6231	BOKI.BOKI_Chr2	6977849	6980042
4918at6231	BOKI.BOKI_Chr2	8937039	8940148
4919at6231	BOKI.BOKI_Chr5	10876131	10879196
4925at6231	BOKI.BOKI_Chr3	4287923	4289420
4930at6231	BOKI.BOKI_Chr6	3690365	3692381
4940at6231	BOKI.BOKI_Chr4	2098219	2101924
4942at6231	BOKI.BOKI_Chr3	3154241	3157358
4951at6231	BOKI.BOKI_Chr5	11344494	11345449
4961at6231	BOKI.BOKI_Chr2	11290509	11291841
4968at6231	BOKI.BOKI_Chr5	7397876	7399767
4973at6231	BOKI.BOKI_Chr5	9456952	9461096
4977at6231	BOKI.BOKI_Chr6	7537642	7538966
4978at6231	BOKI.BOKI_Chr3	6914915	6916235
4982at6231	BOKI.BOKI_Chr2	5139239	5142572
4983at6231	BOKI.BOKI_Chr3	1357816	1360435
4988at6231	BOKI.BOKI_Chr4	1051874	1054534
4991at6231	BOKI.BOKI_Chr3	4018923	4021346
4992at6231	BOKI.BOKI_Chr2	3302488	3304226
4998at6231	BOKI.BOKI_Chr4	11189682	11191126
5001at6231	BOKI.BOKI_Chr2	9793500	9797945
5009at6231	BOKI.BOKI_Chr4	11266933	11268328
5011at6231	BOKI.BOKI_Chr3	1756666	1760029
5013at6231	BOKI.BOKI_Chr1	2514716	2516421
5016at6231	BOKI.BOKI_Chr5	6315812	6317631
5019at6231	BOKI.BOKI_Chr5	7349921	7352278
5021at6231	BOKI.BOKI_Chr5	10100101	10102338
5045at6231	BOKI.BOKI_Chr5	6080486	6090090
5047at6231	BOKI.BOKI_Chr5	6627354	6628830
5057at6231	BOKI.BOKI_Chr6	8011680	8014941
5062at6231	BOKI.BOKI_Chr4	6039994	6042830
5070at6231	BOKI.BOKI_Chr1	6447654	6448916
5074at6231	BOKI.BOKI_Chr1	11266461	11267861
5082at6231	BOKI.BOKI_Chr1	5325950	5327355
5083at6231	BOKI.BOKI_Chr3	2581052	2583546
5087at6231	BOKI.BOKI_Chr3	11666832	11668588
5088at6231	BOKI.BOKI_Chr6	11649322	11650332
5090at6231	BOKI.BOKI_Chr1	11549830	11551467
5091at6231	BOKI.BOKI_Chr1	5393979	5395266
5113at6231	BOKI.BOKI_Chr6	5587232	5588496
5115at6231	BOKI.BOKI_Chr3	7836133	7837716
5117at6231	BOKI.BOKI_Chr3	166986	168461
5127at6231	BOKI.BOKI_Chr4	10020293	10021933
5132at6231	BOKI.BOKI_Chr3	6919793	6922568
5135at6231	BOKI.BOKI_Chr3	10610652	10611794
5142at6231	BOKI.BOKI_Chr1	6259921	6261198
5147at6231	BOKI.BOKI_Chr2	5322615	5324412
5156at6231	BOKI.BOKI_Chr2	119046	122273
5158at6231	BOKI.BOKI_Chr6	6271297	6272959
5165at6231	BOKI.BOKI_Chr6	9537036	9538879
5179at6231	BOKI.BOKI_Chr2	5246112	5247392
5188at6231	BOKI.BOKI_Chr5	6764200	6765505
5189at6231	BOKI.BOKI_Chr3	187131	188065
5190at6231	BOKI.BOKI_Chr4	2185483	2187300
5191at6231	BOKI.BOKI_Chr3	2732245	2733746
5198at6231	BOKI.BOKI_Chr3	8396504	8399829
5202at6231	BOKI.BOKI_Chr1	6730930	6732355
5207at6231	BOKI.BOKI_Chr4	5153308	5158712
5208at6231	BOKI.BOKI_Chr5	7641765	7646149
5229at6231	BOKI.BOKI_Chr5	6877178	6879047
5240at6231	BOKI.BOKI_Chr1	7614618	7616011
5248at6231	BOKI.BOKI_Chr3	11107489	11109431
5249at6231	BOKI.BOKI_Chr2	6648062	6650053
5256at6231	BOKI.BOKI_Chr1	6261393	6262412
5261at6231	BOKI.BOKI_Chr5	6477816	6480582
5263at6231	BOKI.BOKI_Chr4	1054848	1056480
5268at6231	BOKI.BOKI_Chr1	10145851	10147804
5275at6231	BOKI.BOKI_Chr1	2201619	2203925
5276at6231	BOKI.BOKI_Chr1	5479102	5483208
5280at6231	BOKI.BOKI_Chr1	7102701	7105962
5283at6231	BOKI.BOKI_Chr2	10115749	10117642
5285at6231	BOKI.BOKI_Chr2	5180408	5181694
5289at6231	BOKI.BOKI_Chr6	5995022	5996123
5290at6231	BOKI.BOKI_Chr2	2281886	2284444
5295at6231	BOKI.BOKI_Chr5	8103314	8104776
5297at6231	BOKI.BOKI_Chr4	5220834	5222074
5298at6231	BOKI.BOKI_Chr5	3096925	3099093
5299at6231	BOKI.BOKI_Chr1	6902718	6906326
5306at6231	BOKI.BOKI_Chr1	1689400	1691887
5311at6231	BOKI.BOKI_Chr6	4485547	4488299
5318at6231	BOKI.BOKI_Chr4	4697041	4698812
5330at6231	BOKI.BOKI_Chr1	4240126	4241809
5331at6231	BOKI.BOKI_Chr3	5150384	5151874
5334at6231	BOKI.BOKI_Chr2	5500049	5505624
5340at6231	BOKI.BOKI_Chr3	11471917	11473660
5342at6231	BOKI.BOKI_Chr1	3369227	3370451
5344at6231	BOKI.BOKI_Chr5	6959710	6961294
5347at6231	BOKI.BOKI_Chr2	9642911	9644943
5351at6231	BOKI.BOKI_Chr2	5718046	5719714
5363at6231	BOKI.BOKI_Chr3	8443466	8447546
5364at6231	BOKI.BOKI_Chr1	5541811	5545693
5365at6231	BOKI.BOKI_Chr1	7543034	7545612
5371at6231	BOKI.BOKI_Chr6	6343982	6345340
5379at6231	BOKI.BOKI_Chr3	2313789	2315264
5386at6231	BOKI.BOKI_Chr5	5998694	6000834
5387at6231	BOKI.BOKI_Chr3	6340242	6342702
5406at6231	BOKI.BOKI_Chr2	6743262	6745153
5408at6231	BOKI.BOKI_Chr4	2525170	2527019
5415at6231	BOKI.BOKI_Chr2	7656143	7657252
5420at6231	BOKI.BOKI_Chr3	5769376	5770243
5434at6231	BOKI.BOKI_Chr3	5989334	5990367
5441at6231	BOKI.BOKI_Chr6	5341239	5343074
5451at6231	BOKI.BOKI_Chr6	8966566	8968668
5452at6231	BOKI.BOKI_Chr2	7871439	7873268
5469at6231	BOKI.BOKI_Chr5	7253417	7256094
5470at6231	BOKI.BOKI_Chr1	9633321	9634692
5472at6231	BOKI.BOKI_Chr2	4599279	4600380
5480at6231	BOKI.BOKI_Chr6	3213960	3215900
5481at6231	BOKI.BOKI_Chr1	5990724	5991810
5482at6231	BOKI.BOKI_Chr2	6266062	6267188
5484at6231	BOKI.BOKI_Chr1	5802255	5803584
5487at6231	BOKI.BOKI_Chr6	5908871	5910477
5488at6231	BOKI.BOKI_Chr6	8873402	8875706
5490at6231	BOKI.BOKI_Chr3	4188124	4189567
5499at6231	BOKI.BOKI_Chr4	6523452	6525228
5501at6231	BOKI.BOKI_Chr2	9888102	9890062
5502at6231	BOKI.BOKI_Chr6	6719862	6724258
5505at6231	BOKI.BOKI_Chr1	1001453	1003175
5508at6231	BOKI.BOKI_Chr5	6051840	6059158
5510at6231	BOKI.BOKI_Chr5	753073	754667
5513at6231	BOKI.BOKI_Chr6	2755778	2759903
5514at6231	BOKI.BOKI_Chr4	6780354	6782785
5515at6231	BOKI.BOKI_Chr5	5213618	5215708
5517at6231	BOKI.BOKI_Chr3	2950437	2952800
5521at6231	BOKI.BOKI_Chr1	5209658	5212078
5522at6231	BOKI.BOKI_Chr1	252771	254887
5526at6231	BOKI.BOKI_Chr6	1019795	1022032
5535at6231	BOKI.BOKI_Chr3	11904106	11905736
5542at6231	BOKI.BOKI_Chr1	7647304	7654780
5545at6231	BOKI.BOKI_Chr2	6011260	6012488
5548at6231	BOKI.BOKI_Chr6	5636123	5637395
5556at6231	BOKI.BOKI_Chr4	2299784	2301689
5566at6231	BOKI.BOKI_Chr1	7992751	7994324
5569at6231	BOKI.BOKI_Chr2	7614694	7618840
5572at6231	BOKI.BOKI_Chr4	11321512	11323939
5574at6231	BOKI.BOKI_Chr2	9028875	9036624
5576at6231	BOKI.BOKI_Chr5	2310243	2311674
5579at6231	BOKI.BOKI_Chr3	2643163	2645923
5598at6231	BOKI.BOKI_Chr3	1713366	1715858
5607at6231	BOKI.BOKI_Chr3	4817976	4821125
5608at6231	BOKI.BOKI_Chr1	4232108	4235192
5610at6231	BOKI.BOKI_Chr6	11143388	11144771
5611at6231	BOKI.BOKI_Chr1	5237750	5238745
5614at6231	BOKI.BOKI_Chr4	3389312	3391194
5616at6231	BOKI.BOKI_Chr5	8278356	8280065
5621at6231	BOKI.BOKI_Chr1	5426096	5430083
5626at6231	BOKI.BOKI_Chr3	293414	296197
5634at6231	BOKI.BOKI_Chr6	9464892	9469524
5643at6231	BOKI.BOKI_Chr6	5199695	5203846
5647at6231	BOKI.BOKI_Chr3	4988090	4989465
5652at6231	BOKI.BOKI_Chr1	5710119	5713614
5655at6231	BOKI.BOKI_Chr1	6009690	6011257
5660at6231	BOKI.BOKI_Chr5	7770331	7772507
5664at6231	BOKI.BOKI_Chr5	601445	607786
5668at6231	BOKI.BOKI_Chr6	4461970	4463012
5671at6231	BOKI.BOKI_Chr3	5577804	5581853
5685at6231	BOKI.BOKI_Chr4	671442	673325
5693at6231	BOKI.BOKI_Chr4	6535593	6538366
5703at6231	BOKI.BOKI_Chr1	207026	208744
5707at6231	BOKI.BOKI_Chr4	1727349	1728959
5714at6231	BOKI.BOKI_Chr1	6560206	6562337
5715at6231	BOKI.BOKI_Chr1	6748025	6750258
5717at6231	BOKI.BOKI_Chr5	5091515	5093125
5718at6231	BOKI.BOKI_Chr6	2337607	2338781
5725at6231	BOKI.BOKI_Chr6	5727237	5728836
5737at6231	BOKI.BOKI_Chr4	3985156	3987016
5739at6231	BOKI.BOKI_Chr2	6962921	6965432
5740at6231	BOKI.BOKI_Chr1	3367658	3368846
5741at6231	BOKI.BOKI_Chr3	6759637	6760721
5748at6231	BOKI.BOKI_Chr6	10230010	10231415
5750at6231	BOKI.BOKI_Chr2	8130265	8131720
5752at6231	BOKI.BOKI_Chr6	7557214	7558495
5754at6231	BOKI.BOKI_Chr6	7491979	7496231
5755at6231	BOKI.BOKI_Chr6	2967640	2970970
5761at6231	BOKI.BOKI_Chr1	686001	687175
5770at6231	BOKI.BOKI_Chr1	11527483	11529413
5771at6231	BOKI.BOKI_Chr5	5012963	5015877
5773at6231	BOKI.BOKI_Chr2	9816269	9817359
5779at6231	BOKI.BOKI_Chr2	2909202	2910620
5785at6231	BOKI.BOKI_Chr1	7130592	7131772
5789at6231	BOKI.BOKI_Chr1	5332102	5334291
5793at6231	BOKI.BOKI_Chr1	9631072	9632799
5799at6231	BOKI.BOKI_Chr4	3896533	3898000
5800at6231	BOKI.BOKI_Chr1	2176576	2178261
5805at6231	BOKI.BOKI_Chr5	4438820	4440936
5807at6231	BOKI.BOKI_Chr4	1756642	1762223
5811at6231	BOKI.BOKI_Chr1	3203193	3204434
5812at6231	BOKI.BOKI_Chr3	9892135	9894462
5818at6231	BOKI.BOKI_Chr3	5127433	5130199
5822at6231	BOKI.BOKI_Chr2	7947704	7949288
5827at6231	BOKI.BOKI_Chr5	2530139	2531506
5833at6231	BOKI.BOKI_Chr4	1183226	1186013
5834at6231	BOKI.BOKI_Chr5	4886570	4887777
5839at6231	BOKI.BOKI_Chr2	325768	327173
5842at6231	BOKI.BOKI_Chr5	4746285	4748320
5844at6231	BOKI.BOKI_Chr4	4779461	4780523
5854at6231	BOKI.BOKI_Chr4	6098808	6099719
5855at6231	BOKI.BOKI_Chr4	4425939	4427197
5856at6231	BOKI.BOKI_Chr4	153820	155377
5858at6231	BOKI.BOKI_Chr2	8193344	8195450
5862at6231	BOKI.BOKI_Chr2	8476364	8478579
5864at6231	BOKI.BOKI_Chr1	5697851	5699139
5868at6231	BOKI.BOKI_Chr1	4769199	4770260
5869at6231	BOKI.BOKI_Chr4	7108449	7109491
5875at6231	BOKI.BOKI_Chr5	9999574	10000852
5882at6231	BOKI.BOKI_Chr3	4913963	4915762
5885at6231	BOKI.BOKI_Chr2	3367873	3369397
5888at6231	BOKI.BOKI_Chr6	5731134	5732409
5891at6231	BOKI.BOKI_Chr3	8472324	8473719
5892at6231	BOKI.BOKI_Chr2	7318263	7319576
5895at6231	BOKI.BOKI_Chr1	3398223	3399754
5900at6231	BOKI.BOKI_Chr1	7760568	7762379
5901at6231	BOKI.BOKI_Chr1	5931785	5933507
5902at6231	BOKI.BOKI_Chr3	11383947	11385275
5909at6231	BOKI.BOKI_Chr6	2425855	2427143
5919at6231	BOKI.BOKI_Chr2	6012569	6013811
5923at6231	BOKI.BOKI_Chr6	5480801	5482144
5928at6231	BOKI.BOKI_Chr2	6473029	6473994
5930at6231	BOKI.BOKI_Chr2	6223272	6224616
5935at6231	BOKI.BOKI_Chr3	3877265	3879661
5945at6231	BOKI.BOKI_Chr5	9595674	9600883
5947at6231	BOKI.BOKI_Chr2	7710167	7712811
5952at6231	BOKI.BOKI_Chr1	9948283	9949898
5957at6231	BOKI.BOKI_Chr1	1251887	1253652
5962at6231	BOKI.BOKI_Chr3	8735476	8736734
5965at6231	BOKI.BOKI_Chr2	5515505	5516959
5974at6231	BOKI.BOKI_Chr6	161490	165680
5978at6231	BOKI.BOKI_Chr4	3529395	3531308
5979at6231	BOKI.BOKI_Chr2	674539	678330
5988at6231	BOKI.BOKI_Chr3	4760136	4761455
5996at6231	BOKI.BOKI_Chr5	6781894	6784963
5997at6231	BOKI.BOKI_Chr6	6886023	6887518
6012at6231	BOKI.BOKI_Chr5	11371494	11372555
6021at6231	BOKI.BOKI_Chr2	5848918	5849717
6022at6231	BOKI.BOKI_Chr5	6553980	6555142
6023at6231	BOKI.BOKI_Chr1	8027823	8029477
6028at6231	BOKI.BOKI_Chr3	5772023	5773632
6031at6231	BOKI.BOKI_Chr3	3897219	3898405
6032at6231	BOKI.BOKI_Chr4	10459242	10460589
6036at6231	BOKI.BOKI_Chr4	1503251	1510928
6041at6231	BOKI.BOKI_Chr1	7226060	7227282
6046at6231	BOKI.BOKI_Chr4	121186	122193
6057at6231	BOKI.BOKI_Chr4	2172678	2174079
6065at6231	BOKI.BOKI_Chr1	8271249	8273115
6080at6231	BOKI.BOKI_Chr2	4597055	4597979
6082at6231	BOKI.BOKI_Chr4	10044009	10046130
6083at6231	BOKI.BOKI_Chr2	6965692	6966728
6102at6231	BOKI.BOKI_Chr3	11737604	11740686
6103at6231	BOKI.BOKI_Chr4	4012847	4013975
6105at6231	BOKI.BOKI_Chr1	5051542	5053141
6106at6231	BOKI.BOKI_Chr5	755031	756555
6111at6231	BOKI.BOKI_Chr6	7860810	7862544
6115at6231	BOKI.BOKI_Chr2	5800143	5803806
6122at6231	BOKI.BOKI_Chr4	5808544	5809530
6127at6231	BOKI.BOKI_Chr6	8077551	8080500
6134at6231	BOKI.BOKI_Chr6	9935883	9937852
6138at6231	BOKI.BOKI_Chr1	6257135	6259264
6146at6231	BOKI.BOKI_Chr2	4890683	4892226
6148at6231	BOKI.BOKI_Chr4	5004077	5005250
6156at6231	BOKI.BOKI_Chr3	3719926	3723196
6167at6231	BOKI.BOKI_Chr1	1895175	1898283
6172at6231	BOKI.BOKI_Chr6	7424220	7425521
6176at6231	BOKI.BOKI_Chr4	3538953	3540153
6186at6231	BOKI.BOKI_Chr3	4137802	4139067
6192at6231	BOKI.BOKI_Chr5	9345639	9349342
6193at6231	BOKI.BOKI_Chr1	9456893	9457823
6197at6231	BOKI.BOKI_Chr3	9812498	9814978
6202at6231	BOKI.BOKI_Chr2	392540	395348
6207at6231	BOKI.BOKI_Chr1	2528429	2529766
6209at6231	BOKI.BOKI_Chr5	10586782	10591692
6210at6231	BOKI.BOKI_Chr1	6087798	6090045
6214at6231	BOKI.BOKI_Chr1	2937101	2938901
6218at6231	BOKI.BOKI_Chr6	6102873	6105002
6233at6231	BOKI.BOKI_Chr6	5962293	5964012
6234at6231	BOKI.BOKI_Chr5	7571217	7573503
6240at6231	BOKI.BOKI_Chr1	9409784	9410888
6246at6231	BOKI.BOKI_Chr1	4104945	4108299
6250at6231	BOKI.BOKI_Chr2	5584575	5585434
6268at6231	BOKI.BOKI_Chr4	5264832	5270916
6269at6231	BOKI.BOKI_Chr5	5922245	5923495
6270at6231	BOKI.BOKI_Chr1	3620590	3622744
6282at6231	BOKI.BOKI_Chr5	8802218	8803660
6293at6231	BOKI.BOKI_Chr4	7348990	7351704
6300at6231	BOKI.BOKI_Chr6	8018849	8021423
6302at6231	BOKI.BOKI_Chr5	7318060	7319093
6305at6231	BOKI.BOKI_Chr2	6684418	6685692
6309at6231	BOKI.BOKI_Chr3	7518898	7520075
6310at6231	BOKI.BOKI_Chr4	7241860	7242636
6311at6231	BOKI.BOKI_Chr2	9222147	9224249
6318at6231	BOKI.BOKI_Chr3	4980115	4982292
6328at6231	BOKI.BOKI_Chr2	9335101	9337842
6340at6231	BOKI.BOKI_Chr3	5297116	5298295
6348at6231	BOKI.BOKI_Chr6	4553220	4554887
6359at6231	BOKI.BOKI_Chr4	9783452	9784847
6360at6231	BOKI.BOKI_Chr1	10892643	10898935
6366at6231	BOKI.BOKI_Chr3	11969573	11971211
6374at6231	BOKI.BOKI_Chr4	6168534	6169412
6379at6231	BOKI.BOKI_Chr2	8509444	8510825
6427at6231	BOKI.BOKI_Chr2	6065860	6066642
6434at6231	BOKI.BOKI_Chr4	9682234	9684044
6440at6231	BOKI.BOKI_Chr1	11572285	11573359
6448at6231	BOKI.BOKI_Chr2	3516912	3517753
6451at6231	BOKI.BOKI_Chr2	6043328	6044279
6462at6231	BOKI.BOKI_Chr3	4754380	4755475
6479at6231	BOKI.BOKI_Chr6	4539765	4541237
6481at6231	BOKI.BOKI_Chr6	721085	723156
6487at6231	BOKI.BOKI_Chr2	4063176	4064421
6496at6231	BOKI.BOKI_Chr1	4650326	4652414
6503at6231	BOKI.BOKI_Chr6	8495045	8496460
6507at6231	BOKI.BOKI_Chr2	7145326	7146709
6523at6231	BOKI.BOKI_Chr6	975463	977304
6531at6231	BOKI.BOKI_Chr3	7303391	7304529
6532at6231	BOKI.BOKI_Chr2	1949109	1951183
6538at6231	BOKI.BOKI_Chr3	6250391	6251566
6551at6231	BOKI.BOKI_Chr4	1582022	1585150
6553at6231	BOKI.BOKI_Chr4	11612045	11613745
6557at6231	BOKI.BOKI_Chr2	5563543	5565749
6569at6231	BOKI.BOKI_Chr1	1363885	1365051
6570at6231	BOKI.BOKI_Chr6	80669	85089
6571at6231	BOKI.BOKI_Chr3	4911045	4912213
6590at6231	BOKI.BOKI_Chr1	7920013	7923985
6594at6231	BOKI.BOKI_Chr6	4872236	4875701
6597at6231	BOKI.BOKI_Chr1	8928252	8929858
6599at6231	BOKI.BOKI_Chr3	5602246	5603440
6600at6231	BOKI.BOKI_Chr3	6396525	6397761
6610at6231	BOKI.BOKI_Chr3	9061389	9062401
6614at6231	BOKI.BOKI_Chr6	9092147	9093386
6628at6231	BOKI.BOKI_Chr2	9818214	9819775
6630at6231	BOKI.BOKI_Chr5	5903888	5905210
6635at6231	BOKI.BOKI_Chr4	5048939	5049901
6636at6231	BOKI.BOKI_Chr2	5411341	5412949
6637at6231	BOKI.BOKI_Chr6	5951598	5952887
6642at6231	BOKI.BOKI_Chr2	428267	429671
6649at6231	BOKI.BOKI_Chr2	3331748	3333024
6652at6231	BOKI.BOKI_Chr2	6708874	6710161
6662at6231	BOKI.BOKI_Chr6	6164725	6171120
6663at6231	BOKI.BOKI_Chr1	6090176	6090855
6666at6231	BOKI.BOKI_Chr1	1003694	1005332
6671at6231	BOKI.BOKI_Chr4	4727029	4728815
6673at6231	BOKI.BOKI_Chr1	7284107	7285313
6678at6231	BOKI.BOKI_Chr1	3535762	3536701
6679at6231	BOKI.BOKI_Chr3	4814008	4814972
6683at6231	BOKI.BOKI_Chr6	5056994	5057898
6686at6231	BOKI.BOKI_Chr1	5151132	5152531
6687at6231	BOKI.BOKI_Chr3	6290836	6291692
6690at6231	BOKI.BOKI_Chr4	11593157	11594084
6693at6231	BOKI.BOKI_Chr5	6528363	6529849
6703at6231	BOKI.BOKI_Chr1	7617722	7620370
6704at6231	BOKI.BOKI_Chr4	9328460	9332852
6706at6231	BOKI.BOKI_Chr1	5959256	5960041
6707at6231	BOKI.BOKI_Chr1	1326666	1327667
6708at6231	BOKI.BOKI_Chr4	1626617	1627964
6709at6231	BOKI.BOKI_Chr2	4483528	4484675
6725at6231	BOKI.BOKI_Chr5	5813651	5815279
6736at6231	BOKI.BOKI_Chr4	5733788	5735927
6740at6231	BOKI.BOKI_Chr4	1853622	1865063
6743at6231	BOKI.BOKI_Chr1	5314505	5316590
6745at6231	BOKI.BOKI_Chr5	7269413	7271006
6747at6231	BOKI.BOKI_Chr5	6300896	6302107
6752at6231	BOKI.BOKI_Chr2	6551236	6558144
6753at6231	BOKI.BOKI_Chr5	6932815	6933822
6756at6231	BOKI.BOKI_Chr5	11350876	11352357
6757at6231	BOKI.BOKI_Chr5	7496239	7497616
6764at6231	BOKI.BOKI_Chr4	250614	251728
6765at6231	BOKI.BOKI_Chr3	5864540	5865593
6768at6231	BOKI.BOKI_Chr3	5303038	5304653
6777at6231	BOKI.BOKI_Chr3	2114260	2118607
6778at6231	BOKI.BOKI_Chr2	3098464	3102096
6783at6231	BOKI.BOKI_Chr6	4608546	4610072
6794at6231	BOKI.BOKI_Chr3	8962503	8963839
6806at6231	BOKI.BOKI_Chr5	6686714	6688415
6812at6231	BOKI.BOKI_Chr5	3104847	3106341
6813at6231	BOKI.BOKI_Chr2	5293006	5295459
6815at6231	BOKI.BOKI_Chr2	5631201	5632612
6816at6231	BOKI.BOKI_Chr6	6400157	6403702
6826at6231	BOKI.BOKI_Chr2	5645100	5648924
6827at6231	BOKI.BOKI_Chr1	6512590	6513905
6838at6231	BOKI.BOKI_Chr5	7027015	7028272
6843at6231	BOKI.BOKI_Chr2	4727217	4727934
6846at6231	BOKI.BOKI_Chr5	8273017	8275294
6848at6231	BOKI.BOKI_Chr3	5629837	5631322
6851at6231	BOKI.BOKI_Chr2	665703	667150
6857at6231	BOKI.BOKI_Chr4	2152998	2154907
6860at6231	BOKI.BOKI_Chr4	6363411	6364702
6861at6231	BOKI.BOKI_Chr2	4480256	4481638
6875at6231	BOKI.BOKI_Chr1	2196959	2199749
6876at6231	BOKI.BOKI_Chr6	4842170	4843686
6877at6231	BOKI.BOKI_Chr3	6664277	6669123
6879at6231	BOKI.BOKI_Chr6	2625269	2626309
6888at6231	BOKI.BOKI_Chr5	5602429	5604520
6898at6231	BOKI.BOKI_Chr2	3406464	3407904
6900at6231	BOKI.BOKI_Chr4	6143502	6148192
6902at6231	BOKI.BOKI_Chr1	1464521	1469902
6907at6231	BOKI.BOKI_Chr5	5800590	5805244
6914at6231	BOKI.BOKI_Chr4	4620910	4622072
6919at6231	BOKI.BOKI_Chr2	6003692	6004417
6921at6231	BOKI.BOKI_Chr6	7023021	7024154
6924at6231	BOKI.BOKI_Chr6	3542743	3546587
6932at6231	BOKI.BOKI_Chr4	4434786	4438603
6935at6231	BOKI.BOKI_Chr2	10324219	10325638
6937at6231	BOKI.BOKI_Chr1	2254328	2256447
6941at6231	BOKI.BOKI_Chr1	3115861	3117870
6942at6231	BOKI.BOKI_Chr4	5380897	5381986
6943at6231	BOKI.BOKI_Chr4	9555128	9556274
6945at6231	BOKI.BOKI_Chr6	6366766	6367847
6947at6231	BOKI.BOKI_Chr1	6331791	6334989
6949at6231	BOKI.BOKI_Chr3	2205308	2207481
6960at6231	BOKI.BOKI_Chr4	3541536	3543135
6967at6231	BOKI.BOKI_Chr5	11018987	11019940
6979at6231	BOKI.BOKI_Chr6	5809197	5813048
6984at6231	BOKI.BOKI_Chr3	4920319	4921479
6989at6231	BOKI.BOKI_Chr4	9185889	9187655
6991at6231	BOKI.BOKI_Chr1	5044060	5044814
6998at6231	BOKI.BOKI_Chr4	6558457	6560380
7002at6231	BOKI.BOKI_Chr1	3389330	3390569
7003at6231	BOKI.BOKI_Chr6	5356082	5357045
7004at6231	BOKI.BOKI_Chr1	9138228	9140205
7005at6231	BOKI.BOKI_Chr1	4929781	4930521
7007at6231	BOKI.BOKI_Chr1	6953891	6954992
7008at6231	BOKI.BOKI_Chr3	2392520	2393614
7009at6231	BOKI.BOKI_Chr1	4824171	4825679
7010at6231	BOKI.BOKI_Chr2	9166070	9167238
7020at6231	BOKI.BOKI_Chr2	7571436	7573029
7026at6231	BOKI.BOKI_Chr2	4176625	4178611
7029at6231	BOKI.BOKI_Chr4	5222261	5223531
7033at6231	BOKI.BOKI_Chr3	10940067	10941555
7045at6231	BOKI.BOKI_Chr3	6402429	6403515
7050at6231	BOKI.BOKI_Chr5	5048901	5050539
7061at6231	BOKI.BOKI_Chr4	436827	438121
7063at6231	BOKI.BOKI_Chr5	8343923	8346048
7068at6231	BOKI.BOKI_Chr1	9519095	9520433
7076at6231	BOKI.BOKI_Chr2	4226946	4228852
7082at6231	BOKI.BOKI_Chr1	4709942	4713747
7086at6231	BOKI.BOKI_Chr4	2187691	2189336
7088at6231	BOKI.BOKI_Chr2	5691853	5692959
7089at6231	BOKI.BOKI_Chr1	9209043	9210083
7092at6231	BOKI.BOKI_Chr1	6949092	6950580
7094at6231	BOKI.BOKI_Chr6	4638404	4639729
7106at6231	BOKI.BOKI_Chr3	11830150	11833276
7109at6231	BOKI.BOKI_Chr2	8992274	8993570
7110at6231	BOKI.BOKI_Chr6	6583895	6585188
7114at6231	BOKI.BOKI_Chr4	4622796	4623898
7116at6231	BOKI.BOKI_Chr5	7671859	7672887
7119at6231	BOKI.BOKI_Chr1	6968051	6969242
7123at6231	BOKI.BOKI_Chr1	8898153	8899495
7125at6231	BOKI.BOKI_Chr4	4999866	5001368
7127at6231	BOKI.BOKI_Chr6	5637546	5638716
7130at6231	BOKI.BOKI_Chr4	2522730	2524675
7146at6231	BOKI.BOKI_Chr1	6586050	6587967
7157at6231	BOKI.BOKI_Chr1	6506697	6509264
7161at6231	BOKI.BOKI_Chr5	4522252	4525060
7163at6231	BOKI.BOKI_Chr6	5583108	5583982
7169at6231	BOKI.BOKI_Chr3	6177965	6178854
7170at6231	BOKI.BOKI_Chr5	5857965	5859303
7172at6231	BOKI.BOKI_Chr1	1870099	1874153
7175at6231	BOKI.BOKI_Chr6	5466473	5467311
7183at6231	BOKI.BOKI_Chr2	2007740	2012208
7187at6231	BOKI.BOKI_Chr3	4617206	4619806
7196at6231	BOKI.BOKI_Chr5	7322367	7323944
7197at6231	BOKI.BOKI_Chr1	11579206	11580599
7201at6231	BOKI.BOKI_Chr6	6549865	6552081
7202at6231	BOKI.BOKI_Chr4	4591480	4592430
7205at6231	BOKI.BOKI_Chr4	5196613	5197691
7216at6231	BOKI.BOKI_Chr1	8175639	8176649
7219at6231	BOKI.BOKI_Chr5	1369374	1371242
7220at6231	BOKI.BOKI_Chr4	5736173	5738590
7223at6231	BOKI.BOKI_Chr2	5481888	5482596
7224at6231	BOKI.BOKI_Chr4	9978903	9980501
7225at6231	BOKI.BOKI_Chr3	4848141	4849147
7230at6231	BOKI.BOKI_Chr6	3331477	3332604
7232at6231	BOKI.BOKI_Chr1	6622763	6623691
7234at6231	BOKI.BOKI_Chr1	6651928	6652746
7246at6231	BOKI.BOKI_Chr4	6189283	6191591
7251at6231	BOKI.BOKI_Chr5	153487	154436
7258at6231	BOKI.BOKI_Chr1	3086043	3089337
7260at6231	BOKI.BOKI_Chr1	3928564	3935587
7264at6231	BOKI.BOKI_Chr4	4600963	4601964
7265at6231	BOKI.BOKI_Chr4	6192677	6193583
7266at6231	BOKI.BOKI_Chr3	222538	223276
7269at6231	BOKI.BOKI_Chr6	2520872	2522455
7275at6231	BOKI.BOKI_Chr2	5633140	5633818
7278at6231	BOKI.BOKI_Chr6	4500704	4501423
7279at6231	BOKI.BOKI_Chr6	8883724	8884898
7280at6231	BOKI.BOKI_Chr1	10939697	10941004
7281at6231	BOKI.BOKI_Chr1	5554812	5555667
7287at6231	BOKI.BOKI_Chr2	5837222	5839466
7288at6231	BOKI.BOKI_Chr1	10049054	10049819
7289at6231	BOKI.BOKI_Chr2	2169733	2170840
7292at6231	BOKI.BOKI_Chr1	5353166	5354161
7293at6231	BOKI.BOKI_Chr3	5972393	5973873
7299at6231	BOKI.BOKI_Chr1	6536827	6540304
7301at6231	BOKI.BOKI_Chr1	6115836	6117608
7302at6231	BOKI.BOKI_Chr3	11292797	11301185
7305at6231	BOKI.BOKI_Chr1	4775261	4775926
7311at6231	BOKI.BOKI_Chr2	6990262	6991851
7319at6231	BOKI.BOKI_Chr1	303822	306130
7322at6231	BOKI.BOKI_Chr3	10671739	10674624
7325at6231	BOKI.BOKI_Chr6	1558825	1560031
7327at6231	BOKI.BOKI_Chr3	7611010	7612176
7328at6231	BOKI.BOKI_Chr3	4935797	4936623
7340at6231	BOKI.BOKI_Chr5	7163111	7165059
7345at6231	BOKI.BOKI_Chr5	2871062	2872327
7351at6231	BOKI.BOKI_Chr1	4967295	4968561
7352at6231	BOKI.BOKI_Chr1	1373153	1374548
7367at6231	BOKI.BOKI_Chr1	6802650	6803612
7371at6231	BOKI.BOKI_Chr1	10393863	10395156
7381at6231	BOKI.BOKI_Chr3	4511082	4512336
7384at6231	BOKI.BOKI_Chr2	9686683	9688783
7385at6231	BOKI.BOKI_Chr1	6023732	6024455
7402at6231	BOKI.BOKI_Chr5	5090122	5091012
7416at6231	BOKI.BOKI_Chr1	7011140	7014759
7418at6231	BOKI.BOKI_Chr1	5270421	5273066
7419at6231	BOKI.BOKI_Chr4	4845162	4845948
7422at6231	BOKI.BOKI_Chr3	5515662	5517566
7423at6231	BOKI.BOKI_Chr3	10933203	10938939
7430at6231	BOKI.BOKI_Chr1	11204882	11206235
7460at6231	BOKI.BOKI_Chr4	11298098	11299709
7473at6231	BOKI.BOKI_Chr2	5797621	5798397
7474at6231	BOKI.BOKI_Chr5	6141733	6142533
7481at6231	BOKI.BOKI_Chr6	8817348	8821410
7486at6231	BOKI.BOKI_Chr1	6169675	6174082
7490at6231	BOKI.BOKI_Chr2	4717531	4718502
7500at6231	BOKI.BOKI_Chr6	11494107	11494913
7507at6231	BOKI.BOKI_Chr3	4460566	4461500
7511at6231	BOKI.BOKI_Chr5	5928564	5929611
7519at6231	BOKI.BOKI_Chr5	6867893	6871145
7520at6231	BOKI.BOKI_Chr1	7178809	7179996
7524at6231	BOKI.BOKI_Chr2	6741214	6742160
7525at6231	BOKI.BOKI_Chr1	4813592	4814552
7526at6231	BOKI.BOKI_Chr4	6185135	6186634
7528at6231	BOKI.BOKI_Chr1	5902880	5903721
7540at6231	BOKI.BOKI_Chr5	5775273	5777743
7546at6231	BOKI.BOKI_Chr1	6989803	6992385
7555at6231	BOKI.BOKI_Chr5	4556658	4558733
7558at6231	BOKI.BOKI_Chr3	4806050	4806941
7560at6231	BOKI.BOKI_Chr4	9586441	9588021
7561at6231	BOKI.BOKI_Chr5	4362521	4367475
7566at6231	BOKI.BOKI_Chr6	7338101	7340798
7571at6231	BOKI.BOKI_Chr6	3964155	3965098
7579at6231	BOKI.BOKI_Chr1	1158214	1162083
7586at6231	BOKI.BOKI_Chr6	6199041	6202240
7601at6231	BOKI.BOKI_Chr3	7374300	7375016
7606at6231	BOKI.BOKI_Chr3	5939536	5944825
7612at6231	BOKI.BOKI_Chr1	9437730	9439078
7615at6231	BOKI.BOKI_Chr2	1900981	1904550
7617at6231	BOKI.BOKI_Chr3	6298853	6301333
7626at6231	BOKI.BOKI_Chr1	5345576	5348002
7627at6231	BOKI.BOKI_Chr1	6067300	6069252
7628at6231	BOKI.BOKI_Chr2	4973810	4975091
7633at6231	BOKI.BOKI_Chr6	6805967	6807356
7637at6231	BOKI.BOKI_Chr2	7651828	7652755
7651at6231	BOKI.BOKI_Chr1	10833485	10834745
7662at6231	BOKI.BOKI_Chr4	5290127	5293270
7663at6231	BOKI.BOKI_Chr1	1503181	1504137
7664at6231	BOKI.BOKI_Chr1	5516075	5516759
7665at6231	BOKI.BOKI_Chr4	4942204	4943224
7670at6231	BOKI.BOKI_Chr6	6151662	6152645
7672at6231	BOKI.BOKI_Chr5	9098370	9101452
7674at6231	BOKI.BOKI_Chr4	1735012	1736043
7675at6231	BOKI.BOKI_Chr1	7625417	7627942
7678at6231	BOKI.BOKI_Chr1	3107853	3109493
7681at6231	BOKI.BOKI_Chr3	7372743	7373895
7696at6231	BOKI.BOKI_Chr4	4954636	4956969
7697at6231	BOKI.BOKI_Chr3	6002462	6003515
7698at6231	BOKI.BOKI_Chr4	5805441	5806379
7701at6231	BOKI.BOKI_Chr2	5580947	5582414
7702at6231	BOKI.BOKI_Chr5	535696	536658
7703at6231	BOKI.BOKI_Chr3	6832674	6833525
7706at6231	BOKI.BOKI_Chr1	5059763	5060772
7713at6231	BOKI.BOKI_Chr5	7016817	7018836
7716at6231	BOKI.BOKI_Chr3	6251692	6255237
7720at6231	BOKI.BOKI_Chr3	4064648	4067915
7729at6231	BOKI.BOKI_Chr4	10625352	10626242
7736at6231	BOKI.BOKI_Chr5	5990071	5991006
7738at6231	BOKI.BOKI_Chr1	6080845	6081500
7743at6231	BOKI.BOKI_Chr4	531897	533114
7746at6231	BOKI.BOKI_Chr5	5010176	5011542
7752at6231	BOKI.BOKI_Chr5	4671376	4673488
7761at6231	BOKI.BOKI_Chr1	3756131	3757152
7764at6231	BOKI.BOKI_Chr4	4590419	4591208
7772at6231	BOKI.BOKI_Chr1	6301894	6303451
7788at6231	BOKI.BOKI_Chr1	6782783	6783719
7800at6231	BOKI.BOKI_Chr2	3327623	3331139
7806at6231	BOKI.BOKI_Chr2	5711185	5712381
7810at6231	BOKI.BOKI_Chr5	4084170	4085187
7811at6231	BOKI.BOKI_Chr6	1074385	1076265
7814at6231	BOKI.BOKI_Chr5	1459958	1461243
7824at6231	BOKI.BOKI_Chr2	11413296	11419377
7825at6231	BOKI.BOKI_Chr4	6555397	6556299
7830at6231	BOKI.BOKI_Chr1	5964523	5965178
7839at6231	BOKI.BOKI_Chr4	5131022	5131793
7845at6231	BOKI.BOKI_Chr6	5338045	5338993
7847at6231	BOKI.BOKI_Chr3	2419328	2421178
7849at6231	BOKI.BOKI_Chr1	2021209	2022034
7851at6231	BOKI.BOKI_Chr1	4947534	4951226
7866at6231	BOKI.BOKI_Chr1	2647375	2653639
7884at6231	BOKI.BOKI_Chr1	4529237	4530777
7885at6231	BOKI.BOKI_Chr3	3781861	3789837
7889at6231	BOKI.BOKI_Chr1	334241	335339
7891at6231	BOKI.BOKI_Chr2	4598369	4599085
7895at6231	BOKI.BOKI_Chr4	3458459	3459550
7899at6231	BOKI.BOKI_Chr5	7064999	7066648
7900at6231	BOKI.BOKI_Chr4	11458675	11459941
7912at6231	BOKI.BOKI_Chr4	4595696	4597688
7913at6231	BOKI.BOKI_Chr6	1889514	1890216
7921at6231	BOKI.BOKI_Chr1	6909840	6910652
7927at6231	BOKI.BOKI_Chr3	9208490	9214629
7943at6231	BOKI.BOKI_Chr1	7223739	7224666
7955at6231	BOKI.BOKI_Chr2	7356247	7358825
7956at6231	BOKI.BOKI_Chr6	11137611	11140855
7961at6231	BOKI.BOKI_Chr4	4825458	4826326
7970at6231	BOKI.BOKI_Chr3	4761847	4762765
7975at6231	BOKI.BOKI_Chr4	4655194	4656654
7983at6231	BOKI.BOKI_Chr5	5779464	5780728
7984at6231	BOKI.BOKI_Chr2	7501662	7503946
7987at6231	BOKI.BOKI_Chr2	4959415	4960054
7992at6231	BOKI.BOKI_Chr5	9570518	9571643
7993at6231	BOKI.BOKI_Chr4	6773447	6774464
8005at6231	BOKI.BOKI_Chr6	5907961	5908461
8006at6231	BOKI.BOKI_Chr3	911151	911916
8007at6231	BOKI.BOKI_Chr5	10745118	10746342
8019at6231	BOKI.BOKI_Chr6	5289685	5290567
8033at6231	BOKI.BOKI_Chr5	7766699	7767596
8036at6231	BOKI.BOKI_Chr1	10589280	10591465
8038at6231	BOKI.BOKI_Chr2	6640147	6641202
8040at6231	BOKI.BOKI_Chr1	6027087	6027924
8044at6231	BOKI.BOKI_Chr3	6159467	6161335
8052at6231	BOKI.BOKI_Chr3	4972641	4973274
8055at6231	BOKI.BOKI_Chr1	5801475	5802235
8058at6231	BOKI.BOKI_Chr5	6964398	6965937
8060at6231	BOKI.BOKI_Chr3	5512892	5513495
8061at6231	BOKI.BOKI_Chr1	9758161	9758870
8068at6231	BOKI.BOKI_Chr2	6434434	6435887
8072at6231	BOKI.BOKI_Chr2	7505872	7507882
8073at6231	BOKI.BOKI_Chr4	2927880	2928897
8081at6231	BOKI.BOKI_Chr3	9697420	9699813
8084at6231	BOKI.BOKI_Chr4	9436343	9442375
8086at6231	BOKI.BOKI_Chr1	6215971	6216707
8088at6231	BOKI.BOKI_Chr1	6952219	6953234
8090at6231	BOKI.BOKI_Chr6	4356963	4360528
8093at6231	BOKI.BOKI_Chr2	6325834	6327355
8094at6231	BOKI.BOKI_Chr2	4397750	4399222
8107at6231	BOKI.BOKI_Chr2	5544378	5545269
8116at6231	BOKI.BOKI_Chr2	9624738	9626866
8117at6231	BOKI.BOKI_Chr5	5609915	5610997
8124at6231	BOKI.BOKI_Chr2	3014654	3015946
8128at6231	BOKI.BOKI_Chr6	6006048	6008877
8131at6231	BOKI.BOKI_Chr3	7981244	7984004
8139at6231	BOKI.BOKI_Chr6	10563997	10566552
8146at6231	BOKI.BOKI_Chr5	7267525	7269140
8155at6231	BOKI.BOKI_Chr3	6286318	6286960
8156at6231	BOKI.BOKI_Chr4	11608436	11608989
8183at6231	BOKI.BOKI_Chr5	1160153	1164137
8184at6231	BOKI.BOKI_Chr3	2451984	2453025
8187at6231	BOKI.BOKI_Chr4	3467497	3470217
8190at6231	BOKI.BOKI_Chr2	5762562	5767795
8194at6231	BOKI.BOKI_Chr1	7175414	7176999
8195at6231	BOKI.BOKI_Chr2	1711487	1712881
8207at6231	BOKI.BOKI_Chr3	4829843	4831439
8215at6231	BOKI.BOKI_Chr5	5038011	5039616
8221at6231	BOKI.BOKI_Chr1	4577975	4579051
8225at6231	BOKI.BOKI_Chr1	671090	674055
8228at6231	BOKI.BOKI_Chr5	4163856	4164457
8229at6231	BOKI.BOKI_Chr6	5500327	5500954
8231at6231	BOKI.BOKI_Chr1	4630056	4631802
8234at6231	BOKI.BOKI_Chr6	7261711	7263293
8238at6231	BOKI.BOKI_Chr6	7853094	7853928
8242at6231	BOKI.BOKI_Chr1	11347216	11348581
8246at6231	BOKI.BOKI_Chr3	6621879	6623400
8249at6231	BOKI.BOKI_Chr3	4700831	4702132
8250at6231	BOKI.BOKI_Chr4	9295586	9296652
8258at6231	BOKI.BOKI_Chr5	5560774	5562081
8273at6231	BOKI.BOKI_Chr3	11711007	11717000
8275at6231	BOKI.BOKI_Chr4	5711684	5712459
8280at6231	BOKI.BOKI_Chr5	4884664	4886290
8282at6231	BOKI.BOKI_Chr6	4489622	4491565
8283at6231	BOKI.BOKI_Chr1	5432273	5433658
8295at6231	BOKI.BOKI_Chr4	4823794	4824611
8300at6231	BOKI.BOKI_Chr4	4868908	4871244
8304at6231	BOKI.BOKI_Chr6	7540806	7541628
8309at6231	BOKI.BOKI_Chr6	6153559	6155101
8312at6231	BOKI.BOKI_Chr5	5591958	5593022
8314at6231	BOKI.BOKI_Chr1	5600791	5601644
8316at6231	BOKI.BOKI_Chr4	3913410	3914565
8317at6231	BOKI.BOKI_Chr6	1452646	1455866
8326at6231	BOKI.BOKI_Chr5	6530719	6531350
8328at6231	BOKI.BOKI_Chr1	1986938	1987548
8329at6231	BOKI.BOKI_Chr1	8419880	8423959
8337at6231	BOKI.BOKI_Chr3	11153428	11156164
8340at6231	BOKI.BOKI_Chr4	858786	859726
8342at6231	BOKI.BOKI_Chr1	7525741	7526371
8344at6231	BOKI.BOKI_Chr1	6516243	6517493
8348at6231	BOKI.BOKI_Chr2	7359410	7361148
8361at6231	BOKI.BOKI_Chr4	2556569	2557828
8362at6231	BOKI.BOKI_Chr4	7567113	7568864
8363at6231	BOKI.BOKI_Chr2	7946400	7947291
8379at6231	BOKI.BOKI_Chr3	10651921	10652968
8383at6231	BOKI.BOKI_Chr5	4959843	4960900
8386at6231	BOKI.BOKI_Chr3	4670765	4673053
8392at6231	BOKI.BOKI_Chr1	5901369	5902659
8395at6231	BOKI.BOKI_Chr3	11097072	11097824
8417at6231	BOKI.BOKI_Chr1	6941456	6942832
8422at6231	BOKI.BOKI_Chr4	4846046	4847184
8446at6231	BOKI.BOKI_Chr1	5058908	5059614
8447at6231	BOKI.BOKI_Chr6	2535058	2536720
8448at6231	BOKI.BOKI_Chr1	10496834	10498431
8449at6231	BOKI.BOKI_Chr4	9401798	9402853
8450at6231	BOKI.BOKI_Chr1	11226592	11227819
8452at6231	BOKI.BOKI_Chr4	968465	970704
8453at6231	BOKI.BOKI_Chr4	5223991	5224722
8457at6231	BOKI.BOKI_Chr6	5098189	5099141
8471at6231	BOKI.BOKI_Chr3	21079	22402
8476at6231	BOKI.BOKI_Chr3	5633853	5634436
8482at6231	BOKI.BOKI_Chr1	6727073	6728010
8486at6231	BOKI.BOKI_Chr2	7658244	7661481
8492at6231	BOKI.BOKI_Chr2	6255751	6257287
8502at6231	BOKI.BOKI_Chr2	5969981	5970805
8505at6231	BOKI.BOKI_Chr1	6446634	6447495
8506at6231	BOKI.BOKI_Chr1	4527908	4528841
8517at6231	BOKI.BOKI_Chr1	5370658	5371350
8518at6231	BOKI.BOKI_Chr5	7925404	7926340
8519at6231	BOKI.BOKI_Chr2	3022145	3022880
8545at6231	BOKI.BOKI_Chr2	5972108	5975771
8552at6231	BOKI.BOKI_Chr5	11108598	11113729
8561at6231	BOKI.BOKI_Chr5	7181405	7184234
8569at6231	BOKI.BOKI_Chr6	5512737	5513352
8577at6231	BOKI.BOKI_Chr6	6255790	6256742
8579at6231	BOKI.BOKI_Chr3	5861846	5863975
8588at6231	BOKI.BOKI_Chr4	5568212	5569843
8595at6231	BOKI.BOKI_Chr3	6559468	6560956
8602at6231	BOKI.BOKI_Chr5	784996	786083
8603at6231	BOKI.BOKI_Chr1	8972754	8974088
8604at6231	BOKI.BOKI_Chr1	9636462	9637552
8615at6231	BOKI.BOKI_Chr6	6489561	6490118
8618at6231	BOKI.BOKI_Chr2	6121472	6122837
8619at6231	BOKI.BOKI_Chr2	3273678	3274448
8622at6231	BOKI.BOKI_Chr3	430408	431802
8625at6231	BOKI.BOKI_Chr1	5951179	5951744
8636at6231	BOKI.BOKI_Chr1	4133621	4136839
8643at6231	BOKI.BOKI_Chr5	7391157	7391950
8647at6231	BOKI.BOKI_Chr6	2745273	2746778
8664at6231	BOKI.BOKI_Chr3	11814230	11816144
8675at6231	BOKI.BOKI_Chr4	3900712	3901950
8676at6231	BOKI.BOKI_Chr3	5511435	5512393
8679at6231	BOKI.BOKI_Chr5	5111533	5114194
8687at6231	BOKI.BOKI_Chr2	7226624	7227493
8691at6231	BOKI.BOKI_Chr1	7863598	7866810
8708at6231	BOKI.BOKI_Chr6	6120949	6122262
8712at6231	BOKI.BOKI_Chr1	6032855	6034123
8714at6231	BOKI.BOKI_Chr5	8841949	8842703
8732at6231	BOKI.BOKI_Chr6	8100030	8100628
8736at6231	BOKI.BOKI_Chr6	8155335	8158471
8737at6231	BOKI.BOKI_Chr5	7100012	7101767
8739at6231	BOKI.BOKI_Chr6	4624083	4627740
8742at6231	BOKI.BOKI_Chr2	4421209	4422329
8749at6231	BOKI.BOKI_Chr1	7997025	8001250
8750at6231	BOKI.BOKI_Chr2	11422912	11423675
8755at6231	BOKI.BOKI_Chr2	9152087	9153227
8767at6231	BOKI.BOKI_Chr4	4055841	4057929
8768at6231	BOKI.BOKI_Chr1	5811135	5812893
8776at6231	BOKI.BOKI_Chr1	9989666	9993846
8780at6231	BOKI.BOKI_Chr1	4662300	4662973
8796at6231	BOKI.BOKI_Chr4	5335980	5336589
8799at6231	BOKI.BOKI_Chr4	11272110	11273594
8807at6231	BOKI.BOKI_Chr6	5784184	5787017
8810at6231	BOKI.BOKI_Chr4	6972752	6974994
8817at6231	BOKI.BOKI_Chr3	5000820	5001582
8827at6231	BOKI.BOKI_Chr1	8791770	8792700
8834at6231	BOKI.BOKI_Chr1	9754402	9755997
8837at6231	BOKI.BOKI_Chr1	11278872	11279808
8842at6231	BOKI.BOKI_Chr6	4731417	4735036
8850at6231	BOKI.BOKI_Chr6	5794025	5797169
8855at6231	BOKI.BOKI_Chr2	5184641	5185932
8856at6231	BOKI.BOKI_Chr5	6139246	6141401
8866at6231	BOKI.BOKI_Chr6	11776543	11779180
8869at6231	BOKI.BOKI_Chr2	10631341	10632546
8879at6231	BOKI.BOKI_Chr5	3793873	3795675
8888at6231	BOKI.BOKI_Chr5	5513121	5514557
8889at6231	BOKI.BOKI_Chr2	1454453	1456042
8911at6231	BOKI.BOKI_Chr4	4144082	4145601
8914at6231	BOKI.BOKI_Chr2	5579005	5580665
8918at6231	BOKI.BOKI_Chr6	6767269	6768135
8926at6231	BOKI.BOKI_Chr2	930987	933541
8934at6231	BOKI.BOKI_Chr3	2521577	2523430
8945at6231	BOKI.BOKI_Chr6	5581860	5583005
8946at6231	BOKI.BOKI_Chr6	5132227	5132841
8949at6231	BOKI.BOKI_Chr1	1009335	1010334
8958at6231	BOKI.BOKI_Chr2	3722306	3723841
8969at6231	BOKI.BOKI_Chr2	10354427	10355489
8983at6231	BOKI.BOKI_Chr2	855749	856624
8994at6231	BOKI.BOKI_Chr6	10225423	10229459
9000at6231	BOKI.BOKI_Chr2	4703067	4704937
9003at6231	BOKI.BOKI_Chr5	975905	976982
9014at6231	BOKI.BOKI_Chr1	4671447	4671830
9019at6231	BOKI.BOKI_Chr3	5937374	5938130
9039at6231	BOKI.BOKI_Chr6	8409892	8415147
9041at6231	BOKI.BOKI_Chr6	5518685	5519652
9048at6231	BOKI.BOKI_Chr2	4958213	4958779
9049at6231	BOKI.BOKI_Chr2	4478925	4479287
9051at6231	BOKI.BOKI_Chr4	5738715	5739713
9055at6231	BOKI.BOKI_Chr3	7119026	7121034
9059at6231	BOKI.BOKI_Chr6	2864665	2867415
9060at6231	BOKI.BOKI_Chr1	6184575	6185715
9066at6231	BOKI.BOKI_Chr3	5872395	5873838
9077at6231	BOKI.BOKI_Chr4	10461730	10464575
9081at6231	BOKI.BOKI_Chr1	9756924	9757954
9082at6231	BOKI.BOKI_Chr2	9812460	9813696
9092at6231	BOKI.BOKI_Chr1	5762353	5764482
9097at6231	BOKI.BOKI_Chr2	4757840	4761109
9098at6231	BOKI.BOKI_Chr1	8691821	8692358
9099at6231	BOKI.BOKI_Chr5	5597046	5597844
9120at6231	BOKI.BOKI_Chr1	197676	199476
9126at6231	BOKI.BOKI_Chr1	10333646	10334146
9138at6231	BOKI.BOKI_Chr5	6010376	6013319
9150at6231	BOKI.BOKI_Chr5	6531575	6532200
9164at6231	BOKI.BOKI_Chr3	6216893	6218154
9166at6231	BOKI.BOKI_Chr5	6071628	6072269
9170at6231	BOKI.BOKI_Chr1	11456331	11459466
9173at6231	BOKI.BOKI_Chr5	7127869	7128769
9186at6231	BOKI.BOKI_Chr6	705752	708448
9187at6231	BOKI.BOKI_Chr4	6591773	6592716
9194at6231	BOKI.BOKI_Chr4	3531565	3532570
9200at6231	BOKI.BOKI_Chr4	48896	49548
9208at6231	BOKI.BOKI_Chr2	4439143	4439746
9213at6231	BOKI.BOKI_Chr4	9175074	9177623
9221at6231	BOKI.BOKI_Chr2	9382988	9384693
9229at6231	BOKI.BOKI_Chr1	6164846	6165488
9240at6231	BOKI.BOKI_Chr2	7242397	7244265
9243at6231	BOKI.BOKI_Chr3	8746404	8747272
9244at6231	BOKI.BOKI_Chr2	3553001	3553836
9253at6231	BOKI.BOKI_Chr3	6472436	6474626
9260at6231	BOKI.BOKI_Chr1	7224837	7225615
9262at6231	BOKI.BOKI_Chr1	6284471	6285886
9264at6231	BOKI.BOKI_Chr2	4005468	4006071
9275at6231	BOKI.BOKI_Chr4	4035616	4037877
9278at6231	BOKI.BOKI_Chr4	5840369	5841162
9287at6231	BOKI.BOKI_Chr2	5831092	5832986
9299at6231	BOKI.BOKI_Chr5	7733368	7736147
9300at6231	BOKI.BOKI_Chr1	1726304	1727167
9313at6231	BOKI.BOKI_Chr5	154724	155263
9327at6231	BOKI.BOKI_Chr6	6572062	6579366
9328at6231	BOKI.BOKI_Chr5	90909	91697
9332at6231	BOKI.BOKI_Chr1	6237595	6238228
9333at6231	BOKI.BOKI_Chr1	7988976	7990246
9344at6231	BOKI.BOKI_Chr2	6417646	6418075
9367at6231	BOKI.BOKI_Chr1	746087	746744
9386at6231	BOKI.BOKI_Chr1	7528264	7534145
9387at6231	BOKI.BOKI_Chr2	9441713	9442358
9390at6231	BOKI.BOKI_Chr6	5777273	5778362
9393at6231	BOKI.BOKI_Chr6	6254808	6255668
9403at6231	BOKI.BOKI_Chr2	4422482	4423052
9411at6231	BOKI.BOKI_Chr2	5628795	5629948
9436at6231	BOKI.BOKI_Chr6	5062533	5062903
9440at6231	BOKI.BOKI_Chr1	2495375	2496205
9441at6231	BOKI.BOKI_Chr4	1965659	1966432
9443at6231	BOKI.BOKI_Chr5	4503721	4504366
9447at6231	BOKI.BOKI_Chr1	674689	675779
9448at6231	BOKI.BOKI_Chr6	10716772	10717849
9453at6231	BOKI.BOKI_Chr4	7785304	7785988
9463at6231	BOKI.BOKI_Chr3	6485187	6488110
9466at6231	BOKI.BOKI_Chr4	5714176	5715083
9467at6231	BOKI.BOKI_Chr6	2646211	2647510
9478at6231	BOKI.BOKI_Chr5	629566	631609
9486at6231	BOKI.BOKI_Chr6	6002081	6003110
9489at6231	BOKI.BOKI_Chr4	5425196	5427237
9491at6231	BOKI.BOKI_Chr1	8303288	8303953
9499at6231	BOKI.BOKI_Chr5	10230016	10230844
9500at6231	BOKI.BOKI_Chr5	4780004	4780959
9512at6231	BOKI.BOKI_Chr5	4189028	4192107
9515at6231	BOKI.BOKI_Chr5	8973871	8974568
9516at6231	BOKI.BOKI_Chr2	5488225	5488740
9526at6231	BOKI.BOKI_Chr1	5869838	5870980
9532at6231	BOKI.BOKI_Chr6	6317926	6318267
9534at6231	BOKI.BOKI_Chr2	7684004	7684617
9541at6231	BOKI.BOKI_Chr2	5608835	5609550
9543at6231	BOKI.BOKI_Chr6	8927122	8928537
9547at6231	BOKI.BOKI_Chr1	7524637	7525269
9551at6231	BOKI.BOKI_Chr6	6490345	6491396
9555at6231	BOKI.BOKI_Chr4	4048824	4050838
9557at6231	BOKI.BOKI_Chr6	435016	435839
9559at6231	BOKI.BOKI_Chr1	11259172	11259922
9563at6231	BOKI.BOKI_Chr3	10891893	10893026
9564at6231	BOKI.BOKI_Chr1	5452144	5452937
9574at6231	BOKI.BOKI_Chr3	5560593	5562110
9582at6231	BOKI.BOKI_Chr4	4999047	4999584
9588at6231	BOKI.BOKI_Chr6	314853	315757
9615at6231	BOKI.BOKI_Chr1	5188018	5188784
9618at6231	BOKI.BOKI_Chr3	767254	767842
9630at6231	BOKI.BOKI_Chr1	8197185	8197971
9632at6231	BOKI.BOKI_Chr5	1462450	1466295
9639at6231	BOKI.BOKI_Chr1	11300200	11308881
9640at6231	BOKI.BOKI_Chr6	8098971	8099752
9641at6231	BOKI.BOKI_Chr5	7184927	7187032
9651at6231	BOKI.BOKI_Chr5	5812159	5813005
9662at6231	BOKI.BOKI_Chr5	4839458	4841529
9669at6231	BOKI.BOKI_Chr4	3515911	3516445
9671at6231	BOKI.BOKI_Chr5	1956038	1965437
9672at6231	BOKI.BOKI_Chr4	7282882	7285784
9676at6231	BOKI.BOKI_Chr1	6028045	6028504
9677at6231	BOKI.BOKI_Chr4	5821385	5822016
9681at6231	BOKI.BOKI_Chr1	6125184	6125991
9714at6231	BOKI.BOKI_Chr1	8954186	8955249
9736at6231	BOKI.BOKI_Chr2	7154239	7154824
9739at6231	BOKI.BOKI_Chr6	5719027	5719691
9748at6231	BOKI.BOKI_Chr2	6613844	6614575
9774at6231	BOKI.BOKI_Chr5	7006598	7008127
9788at6231	BOKI.BOKI_Chr2	6643944	6646364
9792at6231	BOKI.BOKI_Chr3	3473566	3474802
9802at6231	BOKI.BOKI_Chr4	566581	567572
9816at6231	BOKI.BOKI_Chr5	4961171	4963214
9828at6231	BOKI.BOKI_Chr2	6701334	6701787
9838at6231	BOKI.BOKI_Chr6	5728951	5729465
9840at6231	BOKI.BOKI_Chr6	4838817	4840193
9847at6231	BOKI.BOKI_Chr3	1884915	1887443
9875at6231	BOKI.BOKI_Chr1	3267817	3274070
9896at6231	BOKI.BOKI_Chr2	3225508	3230649
9898at6231	BOKI.BOKI_Chr4	4256554	4257409
9899at6231	BOKI.BOKI_Chr4	6554298	6554809
9903at6231	BOKI.BOKI_Chr4	5205631	5206056
9915at6231	BOKI.BOKI_Chr2	5966406	5967211
9922at6231	BOKI.BOKI_Chr6	5668678	5669560
9923at6231	BOKI.BOKI_Chr4	1788667	1790213
9936at6231	BOKI.BOKI_Chr4	5906981	5908754
9937at6231	BOKI.BOKI_Chr4	2265930	2266416
9940at6231	BOKI.BOKI_Chr6	10557614	10560539
9946at6231	BOKI.BOKI_Chr2	6566472	6567309
9954at6231	BOKI.BOKI_Chr6	513803	516097
9956at6231	BOKI.BOKI_Chr6	6251556	6251945
9959at6231	BOKI.BOKI_Chr5	6098579	6099116
9967at6231	BOKI.BOKI_Chr5	2579246	2579778
9986at6231	BOKI.BOKI_Chr1	6169096	6169544
9987at6231	BOKI.BOKI_Chr2	6895252	6895644
9999at6231	BOKI.BOKI_Chr6	113958	114272
10010at6231	BOKI.BOKI_Chr2	5793894	5794824
10018at6231	BOKI.BOKI_Chr1	6471861	6472448
10032at6231	BOKI.BOKI_Chr6	423721	424189
10044at6231	BOKI.BOKI_Chr2	10275565	10276508
10045at6231	BOKI.BOKI_Chr4	8266845	8267700
10063at6231	BOKI.BOKI_Chr3	5836922	5837373
10076at6231	BOKI.BOKI_Chr2	10307167	10308018
10081at6231	BOKI.BOKI_Chr1	6807681	6808651
10084at6231	BOKI.BOKI_Chr2	75669	76698
10099at6231	BOKI.BOKI_Chr2	943467	944408
10100at6231	BOKI.BOKI_Chr6	1896499	1898067
10121at6231	BOKI.BOKI_Chr2	8048079	8048640
10127at6231	BOKI.BOKI_Chr1	1682889	1684068
10128at6231	BOKI.BOKI_Chr4	4411610	4412970
10134at6231	BOKI.BOKI_Chr1	10079277	10080494
10139at6231	BOKI.BOKI_Chr3	7540091	7543471
10150at6231	BOKI.BOKI_Chr2	8988474	8989584
10152at6231	BOKI.BOKI_Chr1	10706863	10708394
10161at6231	BOKI.BOKI_Chr3	5605984	5607511
10165at6231	BOKI.BOKI_Chr5	10123203	10124193
10177at6231	BOKI.BOKI_Chr6	11744978	11745611
10180at6231	BOKI.BOKI_Chr4	3411096	3411605
10185at6231	BOKI.BOKI_Chr5	8812909	8813749
10190at6231	BOKI.BOKI_Chr2	5839875	5841006
10222at6231	BOKI.BOKI_Chr1	1498091	1498363
10233at6231	BOKI.BOKI_Chr4	5451606	5451995
10249at6231	BOKI.BOKI_Chr1	4898637	4899320
10251at6231	BOKI.BOKI_Chr4	7797234	7798170
10258at6231	BOKI.BOKI_Chr2	9161627	9161869
10259at6231	BOKI.BOKI_Chr1	4457049	4457440
10260at6231	BOKI.BOKI_Chr4	8265177	8265656
10271at6231	BOKI.BOKI_Chr1	2168048	2168615
10273at6231	BOKI.BOKI_Chr5	5993630	5994445
10278at6231	BOKI.BOKI_Chr4	1794545	1796674
10289at6231	BOKI.BOKI_Chr1	11431457	11432850
10298at6231	BOKI.BOKI_Chr5	6992764	7003707
10313at6231	BOKI.BOKI_Chr6	4598063	4598751
10317at6231	BOKI.BOKI_Chr5	11358683	11360119
10321at6231	BOKI.BOKI_Chr1	5784285	5784554
10340at6231	BOKI.BOKI_Chr6	2243606	2247348
10341at6231	BOKI.BOKI_Chr2	5247652	5250554
10344at6231	BOKI.BOKI_Chr2	6722960	6723251
10350at6231	BOKI.BOKI_Chr1	6028930	6029250
10353at6231	BOKI.BOKI_Chr1	1802316	1805065
10354at6231	BOKI.BOKI_Chr1	4456210	4456812
10356at6231	BOKI.BOKI_Chr4	4427673	4428341
10379at6231	BOKI.BOKI_Chr6	9943675	9944406
10388at6231	BOKI.BOKI_Chr3	5604204	5605510
10389at6231	BOKI.BOKI_Chr1	6126207	6126515
10416at6231	BOKI.BOKI_Chr6	5297607	5298245
10441at6231	BOKI.BOKI_Chr1	7752843	7753351
10449at6231	BOKI.BOKI_Chr2	6274411	6276422
10461at6231	BOKI.BOKI_Chr2	5320803	5322392
10463at6231	BOKI.BOKI_Chr1	8141976	8146449
10473at6231	BOKI.BOKI_Chr6	7046728	7048314
10513at6231	BOKI.BOKI_Chr1	8296013	8296412
10521at6231	BOKI.BOKI_Chr3	8748886	8750198
10522at6231	BOKI.BOKI_Chr3	6768662	6769962
10532at6231	BOKI.BOKI_Chr1	5235058	5236942
10541at6231	BOKI.BOKI_Chr2	5326330	5326791
10545at6231	BOKI.BOKI_Chr4	7167838	7168513
10562at6231	BOKI.BOKI_Chr3	855306	856134
10575at6231	BOKI.BOKI_Chr4	10019369	10019969
10584at6231	BOKI.BOKI_Chr3	2947876	2949319
10611at6231	BOKI.BOKI_Chr1	6658722	6661420
10627at6231	BOKI.BOKI_Chr4	10470480	10473655
10631at6231	BOKI.BOKI_Chr1	8351397	8352159
10661at6231	BOKI.BOKI_Chr1	3377379	3378604
10678at6231	BOKI.BOKI_Chr2	8924370	8925524
10679at6231	BOKI.BOKI_Chr5	4390696	4390950
10686at6231	BOKI.BOKI_Chr5	5577581	5578091
10698at6231	BOKI.BOKI_Chr3	9284956	9285850
10708at6231	BOKI.BOKI_Chr5	2512210	2515246
10709at6231	BOKI.BOKI_Chr5	7842569	7843504
10710at6231	BOKI.BOKI_Chr4	5715283	5715760
10717at6231	BOKI.BOKI_Chr2	11148867	11153697
10735at6231	BOKI.BOKI_Chr3	11665242	11665884
10741at6231	BOKI.BOKI_Chr5	3670528	3671978
10750at6231	BOKI.BOKI_Chr2	4008738	4009978
10755at6231	BOKI.BOKI_Chr3	7185411	7188200
10769at6231	BOKI.BOKI_Chr6	1081878	1087311
10803at6231	BOKI.BOKI_Chr6	5904551	5904834
10848at6231	BOKI.BOKI_Chr1	693383	695420
10864at6231	BOKI.BOKI_Chr6	311227	312145
10897at6231	BOKI.BOKI_Chr2	5517073	5518564
10929at6231	BOKI.BOKI_Chr2	7231535	7232720
10935at6231	BOKI.BOKI_Chr3	3554469	3556140
10958at6231	BOKI.BOKI_Chr5	6562449	6563446
10961at6231	BOKI.BOKI_Chr2	6542641	6547609
11021at6231	BOKI.BOKI_Chr5	5012075	5012625
11034at6231	BOKI.BOKI_Chr5	5781017	5782013
11036at6231	BOKI.BOKI_Chr3	1470863	1474120
11046at6231	BOKI.BOKI_Chr1	5906996	5908481
11066at6231	BOKI.BOKI_Chr1	10050053	10050687
11111at6231	BOKI.BOKI_Chr3	5962550	5964911
11112at6231	BOKI.BOKI_Chr5	4192450	4194875
11124at6231	BOKI.BOKI_Chr4	11556021	11556395
11127at6231	BOKI.BOKI_Chr6	6969364	6971078
11158at6231	BOKI.BOKI_Chr2	2806360	2807955
11173at6231	BOKI.BOKI_Chr1	1341196	1349542
11178at6231	BOKI.BOKI_Chr1	8293942	8294747
11187at6231	BOKI.BOKI_Chr5	5820618	5821365
11189at6231	BOKI.BOKI_Chr5	7023984	7025185
11244at6231	BOKI.BOKI_Chr3	1407201	1410376
11255at6231	BOKI.BOKI_Chr1	6916302	6921361
11259at6231	BOKI.BOKI_Chr6	2634859	2639577
11267at6231	BOKI.BOKI_Chr5	2121348	2122602
11289at6231	BOKI.BOKI_Chr3	11717908	11718865
11301at6231	BOKI.BOKI_Chr6	4661470	4665117
11307at6231	BOKI.BOKI_Chr5	8847105	8849451
11350at6231	BOKI.BOKI_Chr1	3393610	3397459
11372at6231	BOKI.BOKI_Chr1	9715807	9716493
11382at6231	BOKI.BOKI_Chr6	4833799	4834668
11385at6231	BOKI.BOKI_Chr1	5080841	5081440
11388at6231	BOKI.BOKI_Chr6	4627983	4631298
11397at6231	BOKI.BOKI_Chr1	9709498	9710203
11412at6231	BOKI.BOKI_Chr2	2977014	2977271
11490at6231	BOKI.BOKI_Chr1	7937144	7944564
