0at6231	OTIP.IV	4072870	4102829
4at6231	OTIP.III	6616588	6632397
6at6231	OTIP.X	10948037	10959385
7at6231	OTIP.III	5173544	5195006
9at6231	OTIP.III	8168186	8185619
18at6231	OTIP.I	4332046	4344394
19at6231	OTIP.X	10972591	10984609
20at6231	OTIP.II	7033820	7048793
21at6231	OTIP.X	6205783	6223294
22at6231	OTIP.I	4276379	4297601
23at6231	OTIP.III	7169061	7200994
25at6231	OTIP.X	4487916	4498746
28at6231	OTIP.III	9135802	9151254
29at6231	OTIP.IV	10394524	10418265
31at6231	OTIP.X	8681569	8695729
32at6231	OTIP.V	3848580	3857964
35at6231	OTIP.X	4729934	4739019
39at6231	OTIP.V	3448126	3456279
40at6231	OTIP.X	6045889	6055149
43at6231	OTIP.I	5843620	5853430
45at6231	OTIP.III	1763834	1775550
48at6231	OTIP.I	3089552	3093054
49at6231	OTIP.X	1976454	1987365
55at6231	OTIP.III	3690427	3698195
60at6231	OTIP.IV	3954766	3967260
63at6231	OTIP.IV	8943286	8956142
65at6231	OTIP.II	5308383	5315512
67at6231	OTIP.X	6541860	6549329
68at6231	OTIP.I	4061466	4070771
72at6231	OTIP.III	5322603	5328474
74at6231	OTIP.I	6866726	6873856
76at6231	OTIP.I	4870678	4893737
86at6231	OTIP.X	83907	92685
88at6231	OTIP.X	8174006	8181659
90at6231	OTIP.V	8752485	8759044
91at6231	OTIP.IV	3566279	3572931
92at6231	OTIP.III	9521220	9527316
96at6231	OTIP.IV	4499641	4505607
97at6231	OTIP.X	10058774	10067327
100at6231	OTIP.II	2731228	2742514
101at6231	OTIP.V	2963372	2973697
107at6231	OTIP.II	3582403	3589251
112at6231	OTIP.V	10298029	10306850
117at6231	OTIP.I	909232	917334
125at6231	OTIP.X	2948662	2956934
127at6231	OTIP.V	4557524	4563474
131at6231	OTIP.II	1883901	1888209
132at6231	OTIP.III	5282571	5289217
137at6231	OTIP.III	3877945	3886226
139at6231	OTIP.X	7158490	7165709
144at6231	OTIP.V	5711810	5717421
146at6231	OTIP.II	2832926	2838294
147at6231	OTIP.V	9874286	9882956
149at6231	OTIP.II	3887309	3893328
151at6231	OTIP.III	7373143	7383336
152at6231	OTIP.II	4650952	4658736
161at6231	OTIP.II	7617323	7624332
164at6231	OTIP.X	7719303	7727562
165at6231	OTIP.X	7623858	7628903
166at6231	OTIP.III	4873697	4876701
170at6231	OTIP.IV	2229574	2236116
172at6231	OTIP.IV	4151981	4155840
174at6231	OTIP.III	5554370	5560652
175at6231	OTIP.I	6110388	6117898
181at6231	OTIP.II	5624712	5630067
183at6231	OTIP.III	8757993	8767862
184at6231	OTIP.II	6356597	6366223
185at6231	OTIP.III	8296143	8306466
189at6231	OTIP.V	7331133	7338224
190at6231	OTIP.II	6886917	6893283
194at6231	OTIP.IV	4948194	4953621
196at6231	OTIP.III	5608558	5613459
197at6231	OTIP.II	8284771	8291917
198at6231	OTIP.V	3438960	3444474
199at6231	OTIP.III	5773560	5782651
201at6231	OTIP.II	3001338	3008670
204at6231	OTIP.I	7262247	7268442
210at6231	OTIP.III	326064	336650
211at6231	OTIP.III	8925004	8938064
216at6231	OTIP.I	6700267	6711987
217at6231	OTIP.X	4805001	4812390
219at6231	OTIP.II	3562148	3565942
223at6231	OTIP.III	7529653	7536970
225at6231	OTIP.IV	2813529	2816789
229at6231	OTIP.I	6215872	6221080
232at6231	OTIP.V	4586623	4592634
233at6231	OTIP.IV	3356152	3360211
238at6231	OTIP.I	7510975	7517998
241at6231	OTIP.I	3496168	3500297
243at6231	OTIP.IV	7131952	7136106
252at6231	OTIP.X	3666180	3671637
255at6231	OTIP.III	7051125	7055522
257at6231	OTIP.II	4725952	4729019
265at6231	OTIP.III	3638073	3642357
267at6231	OTIP.III	5514173	5519303
270at6231	OTIP.X	5850453	5855199
271at6231	OTIP.I	6915387	6920464
277at6231	OTIP.I	2831510	2836197
279at6231	OTIP.III	4225267	4231167
286at6231	OTIP.X	2778450	2785483
287at6231	OTIP.X	2849324	2854662
288at6231	OTIP.I	2904586	2909559
293at6231	OTIP.III	6948371	6952449
294at6231	OTIP.I	5728349	5733818
299at6231	OTIP.IV	9533579	9540854
300at6231	OTIP.III	4821033	4824790
301at6231	OTIP.IV	4028684	4032990
302at6231	OTIP.II	6999390	7003937
311at6231	OTIP.V	4614887	4618689
318at6231	OTIP.I	6476857	6480515
319at6231	OTIP.II	6856036	6863662
322at6231	OTIP.V	10436768	10445962
323at6231	OTIP.IV	4463152	4468087
327at6231	OTIP.I	8053223	8063483
333at6231	OTIP.I	3782314	3787129
334at6231	OTIP.III	8038221	8046217
344at6231	OTIP.IV	3927968	3933182
345at6231	OTIP.III	3184553	3190428
346at6231	OTIP.I	7273142	7278019
347at6231	OTIP.V	10525241	10535897
348at6231	OTIP.IV	4986223	4990906
350at6231	OTIP.IV	3006311	3009285
359at6231	OTIP.I	744324	749074
364at6231	OTIP.IV	3664938	3670545
366at6231	OTIP.I	7346992	7352748
369at6231	OTIP.IV	4126231	4130489
373at6231	OTIP.III	5382832	5386232
375at6231	OTIP.V	5244637	5251107
378at6231	OTIP.V	8428644	8433771
382at6231	OTIP.II	6351730	6356182
384at6231	OTIP.II	2180398	2185893
390at6231	OTIP.II	8663246	8673253
393at6231	OTIP.I	2922124	2925628
394at6231	OTIP.V	3687500	3691591
401at6231	OTIP.X	9571883	9576803
402at6231	OTIP.V	10537686	10546373
403at6231	OTIP.V	8479072	8487873
405at6231	OTIP.II	4890608	4895647
407at6231	OTIP.I	6730079	6735510
411at6231	OTIP.I	1607300	1613070
416at6231	OTIP.X	4925515	4932120
421at6231	OTIP.X	6680629	6685475
423at6231	OTIP.III	6552778	6557192
425at6231	OTIP.IV	1257103	1271821
428at6231	OTIP.III	5875985	5889971
430at6231	OTIP.I	4826733	4834653
432at6231	OTIP.X	6364788	6370121
433at6231	OTIP.III	4042842	4048719
435at6231	OTIP.III	7239716	7246144
436at6231	OTIP.X	3912527	3919485
438at6231	OTIP.V	5491644	5496601
442at6231	OTIP.X	3771852	3776066
446at6231	OTIP.II	8568498	8574609
451at6231	OTIP.III	895403	899802
452at6231	OTIP.I	1013040	1016733
454at6231	OTIP.X	4388431	4396408
455at6231	OTIP.X	8899866	8905006
458at6231	OTIP.X	4376669	4382800
459at6231	OTIP.IV	1479292	1484059
461at6231	OTIP.III	3418081	3422238
462at6231	OTIP.I	3190295	3194933
473at6231	OTIP.X	8226362	8231272
479at6231	OTIP.V	3330216	3335158
482at6231	OTIP.I	7085778	7089559
484at6231	OTIP.I	6525574	6531202
487at6231	OTIP.X	8920432	8925633
488at6231	OTIP.I	4402327	4411404
489at6231	OTIP.I	4082617	4085636
493at6231	OTIP.X	6451504	6457473
494at6231	OTIP.II	5683171	5686466
495at6231	OTIP.IV	6723343	6731083
498at6231	OTIP.X	5790825	5795144
499at6231	OTIP.X	5039441	5046253
501at6231	OTIP.II	8601468	8610036
503at6231	OTIP.I	1977823	1985206
509at6231	OTIP.I	3435013	3437974
514at6231	OTIP.IV	2430706	2433854
516at6231	OTIP.V	7129146	7131786
518at6231	OTIP.III	9338105	9352618
522at6231	OTIP.I	2575014	2581831
523at6231	OTIP.I	7933687	7938362
525at6231	OTIP.II	4870646	4874203
527at6231	OTIP.III	1592320	1598261
529at6231	OTIP.III	3428478	3431676
531at6231	OTIP.I	1398731	1404601
532at6231	OTIP.I	5741013	5745358
534at6231	OTIP.II	4190319	4195820
536at6231	OTIP.II	7364847	7369612
537at6231	OTIP.II	5069856	5073980
538at6231	OTIP.I	6320471	6324632
543at6231	OTIP.IV	2214702	2217044
544at6231	OTIP.X	9967487	9976102
545at6231	OTIP.X	4503625	4507394
546at6231	OTIP.II	7443552	7449879
547at6231	OTIP.X	5625425	5629570
548at6231	OTIP.I	2237176	2242263
551at6231	OTIP.II	5437068	5441660
559at6231	OTIP.III	3570256	3575947
562at6231	OTIP.I	7115394	7120552
563at6231	OTIP.X	6341757	6350490
568at6231	OTIP.X	3578020	3585449
569at6231	OTIP.I	973863	984037
570at6231	OTIP.IV	3723440	3727344
572at6231	OTIP.II	7096316	7103396
575at6231	OTIP.V	8370085	8377778
581at6231	OTIP.I	4921040	4924349
585at6231	OTIP.II	7122357	7125325
590at6231	OTIP.I	7217222	7220739
593at6231	OTIP.II	3706906	3710997
594at6231	OTIP.I	3657231	3660345
596at6231	OTIP.X	7196818	7199126
597at6231	OTIP.I	3212587	3216424
600at6231	OTIP.X	7893698	7896952
603at6231	OTIP.III	3559139	3562182
604at6231	OTIP.II	7151011	7153426
605at6231	OTIP.III	5735005	5739095
606at6231	OTIP.IV	11018355	11023617
609at6231	OTIP.II	6130335	6136515
612at6231	OTIP.IV	10283383	10291293
613at6231	OTIP.I	5553347	5558034
620at6231	OTIP.III	7511573	7516670
625at6231	OTIP.X	114969	124521
627at6231	OTIP.II	8017686	8023951
629at6231	OTIP.III	19687	25606
631at6231	OTIP.I	4909890	4914074
632at6231	OTIP.III	4483982	4490251
634at6231	OTIP.IV	5244612	5248140
635at6231	OTIP.IV	5220261	5224776
638at6231	OTIP.IV	3102056	3113781
639at6231	OTIP.III	3764556	3773248
641at6231	OTIP.IV	397333	404736
642at6231	OTIP.X	5818457	5823424
644at6231	OTIP.III	2769361	2777299
645at6231	OTIP.II	6821640	6828121
646at6231	OTIP.I	7797870	7802089
650at6231	OTIP.II	521570	526737
651at6231	OTIP.V	8355089	8362382
655at6231	OTIP.II	8711697	8715721
657at6231	OTIP.II	6760418	6765745
659at6231	OTIP.IV	3142792	3145867
662at6231	OTIP.IV	2469153	2473118
665at6231	OTIP.I	3614772	3618892
670at6231	OTIP.I	5403458	5408673
675at6231	OTIP.I	2728518	2731352
683at6231	OTIP.X	6082013	6085675
687at6231	OTIP.III	5716341	5719295
693at6231	OTIP.IV	3442173	3445158
700at6231	OTIP.III	3383501	3386249
701at6231	OTIP.X	10355321	10358987
702at6231	OTIP.II	5940815	5953596
704at6231	OTIP.V	888933	893143
708at6231	OTIP.X	9604185	9608643
710at6231	OTIP.II	3760523	3764015
712at6231	OTIP.IV	9916709	9920612
714at6231	OTIP.V	8529740	8534203
716at6231	OTIP.III	6290391	6293390
718at6231	OTIP.V	9914858	9919902
721at6231	OTIP.I	3923128	3927828
722at6231	OTIP.III	6647926	6654803
724at6231	OTIP.III	6108282	6112932
725at6231	OTIP.V	4489385	4491869
726at6231	OTIP.III	8423721	8428428
728at6231	OTIP.IV	2574578	2577348
734at6231	OTIP.III	8658699	8662837
735at6231	OTIP.V	10482165	10485896
736at6231	OTIP.II	3372256	3375993
737at6231	OTIP.III	5602352	5608110
740at6231	OTIP.IV	224187	231439
741at6231	OTIP.III	7460539	7465813
743at6231	OTIP.V	2378607	2385515
746at6231	OTIP.II	7842723	7848553
747at6231	OTIP.III	3523686	3529697
751at6231	OTIP.II	6369090	6374592
753at6231	OTIP.II	5746211	5749699
754at6231	OTIP.II	7890894	7895942
755at6231	OTIP.X	2115242	2124593
759at6231	OTIP.IV	6891363	6895533
762at6231	OTIP.X	6766008	6770237
764at6231	OTIP.X	7390058	7393811
765at6231	OTIP.II	5086076	5089115
772at6231	OTIP.II	6280078	6285033
774at6231	OTIP.II	6321265	6324288
777at6231	OTIP.I	3569311	3573427
780at6231	OTIP.II	8444923	8450490
781at6231	OTIP.X	6240689	6246077
782at6231	OTIP.III	6642795	6647009
785at6231	OTIP.III	3247763	3253131
786at6231	OTIP.IV	3938082	3943800
787at6231	OTIP.II	2548427	2553025
788at6231	OTIP.X	6517244	6522572
790at6231	OTIP.X	3785205	3788228
792at6231	OTIP.III	9027964	9032783
794at6231	OTIP.II	2654161	2658958
798at6231	OTIP.I	1454174	1458146
800at6231	OTIP.II	5936993	5940562
801at6231	OTIP.V	6283986	6288935
802at6231	OTIP.V	9302381	9306019
803at6231	OTIP.III	414636	421066
810at6231	OTIP.II	5100428	5105489
813at6231	OTIP.II	3946362	3950782
814at6231	OTIP.V	5541295	5544480
815at6231	OTIP.III	6826000	6833961
816at6231	OTIP.V	3361771	3367455
817at6231	OTIP.II	4328644	4331196
818at6231	OTIP.II	6713377	6721934
821at6231	OTIP.III	4557722	4560533
825at6231	OTIP.II	1258581	1262128
826at6231	OTIP.III	2694216	2698345
829at6231	OTIP.III	3682413	3685120
831at6231	OTIP.III	1570536	1578998
833at6231	OTIP.V	8657752	8664574
837at6231	OTIP.X	7085422	7089044
838at6231	OTIP.III	3161948	3164748
842at6231	OTIP.III	223941	230213
844at6231	OTIP.IV	4338700	4346901
845at6231	OTIP.X	9459302	9470448
846at6231	OTIP.I	3264945	3268029
849at6231	OTIP.I	3605747	3608953
850at6231	OTIP.III	2597706	2600961
851at6231	OTIP.X	9657393	9662283
853at6231	OTIP.I	515645	520427
857at6231	OTIP.X	2802559	2806643
860at6231	OTIP.III	4707523	4712919
862at6231	OTIP.II	7636581	7639166
863at6231	OTIP.V	4209535	4212254
865at6231	OTIP.X	6670343	6675956
869at6231	OTIP.III	6221957	6232751
872at6231	OTIP.I	6874098	6876945
875at6231	OTIP.IV	3805895	3808618
876at6231	OTIP.V	10228147	10232597
879at6231	OTIP.V	1226414	1231847
881at6231	OTIP.I	222681	229498
885at6231	OTIP.X	8826031	8830926
887at6231	OTIP.V	3472663	3476828
890at6231	OTIP.X	10675327	10679980
894at6231	OTIP.X	7901824	7906696
895at6231	OTIP.IV	5276736	5280021
899at6231	OTIP.I	4812487	4815707
900at6231	OTIP.III	8046851	8049832
901at6231	OTIP.II	3911344	3918613
902at6231	OTIP.X	4905086	4910351
903at6231	OTIP.IV	9524961	9533381
904at6231	OTIP.X	3030107	3031960
908at6231	OTIP.I	5975476	5985806
912at6231	OTIP.X	5047033	5050806
914at6231	OTIP.II	4625982	4629405
915at6231	OTIP.I	7460469	7463253
916at6231	OTIP.II	4034789	4042367
917at6231	OTIP.X	8359971	8363944
918at6231	OTIP.I	3439347	3442135
920at6231	OTIP.II	5089768	5092467
921at6231	OTIP.IV	3271727	3274750
922at6231	OTIP.IV	2696761	2699605
925at6231	OTIP.III	6078557	6082183
933at6231	OTIP.V	6932829	6935651
934at6231	OTIP.IV	4258504	4265189
937at6231	OTIP.I	481445	486494
939at6231	OTIP.II	1167115	1177774
941at6231	OTIP.II	4290777	4294435
943at6231	OTIP.IV	166550	169878
944at6231	OTIP.V	10631865	10639914
950at6231	OTIP.V	5288603	5292110
951at6231	OTIP.III	7716394	7720386
952at6231	OTIP.V	6434425	6436682
957at6231	OTIP.II	558163	562557
958at6231	OTIP.II	7155228	7162136
960at6231	OTIP.III	3289271	3292552
961at6231	OTIP.V	9542121	9546036
962at6231	OTIP.I	5318084	5323644
963at6231	OTIP.III	3321407	3326444
964at6231	OTIP.I	2335523	2340744
965at6231	OTIP.X	4169676	4173719
968at6231	OTIP.II	6880510	6884887
969at6231	OTIP.I	5624898	5628419
975at6231	OTIP.V	6709794	6714776
982at6231	OTIP.V	689036	695452
984at6231	OTIP.V	379011	382850
987at6231	OTIP.III	9436324	9440143
989at6231	OTIP.II	4589005	4592770
990at6231	OTIP.I	7584915	7587761
993at6231	OTIP.X	8546525	8552713
994at6231	OTIP.X	242601	247731
995at6231	OTIP.X	8519067	8534187
997at6231	OTIP.II	7561560	7565100
998at6231	OTIP.X	1734455	1739898
1003at6231	OTIP.II	1074197	1080637
1008at6231	OTIP.II	5066467	5069668
1013at6231	OTIP.V	5973311	5977642
1014at6231	OTIP.X	4596779	4600644
1016at6231	OTIP.II	4937336	4941311
1017at6231	OTIP.III	3037874	3041286
1018at6231	OTIP.V	8991387	8994696
1019at6231	OTIP.IV	3393995	3400235
1022at6231	OTIP.IV	3948839	3951562
1024at6231	OTIP.II	5298531	5301168
1030at6231	OTIP.X	4220963	4225826
1032at6231	OTIP.III	1116925	1123392
1033at6231	OTIP.III	8493799	8499774
1034at6231	OTIP.III	9549421	9564367
1035at6231	OTIP.IV	6850961	6853437
1037at6231	OTIP.IV	3985187	3987896
1038at6231	OTIP.I	2613300	2617072
1040at6231	OTIP.II	7240376	7245792
1042at6231	OTIP.X	3024617	3027798
1045at6231	OTIP.I	5713554	5717202
1047at6231	OTIP.III	9235680	9239347
1053at6231	OTIP.I	4644323	4649409
1055at6231	OTIP.III	4497282	4501209
1056at6231	OTIP.I	2618864	2624792
1057at6231	OTIP.IV	6589626	6596524
1066at6231	OTIP.V	9005892	9010959
1067at6231	OTIP.I	5280903	5286015
1072at6231	OTIP.IV	3868736	3871406
1073at6231	OTIP.II	5843929	5848409
1075at6231	OTIP.X	7928809	7931788
1076at6231	OTIP.I	2093559	2098151
1078at6231	OTIP.X	5556184	5564058
1082at6231	OTIP.II	1763623	1769037
1083at6231	OTIP.X	10223547	10230104
1086at6231	OTIP.IV	5526387	5530146
1087at6231	OTIP.I	3804981	3808984
1088at6231	OTIP.II	5880581	5886209
1093at6231	OTIP.II	7825356	7830337
1099at6231	OTIP.III	5251579	5256091
1101at6231	OTIP.I	5944545	5947598
1104at6231	OTIP.II	3143376	3146756
1105at6231	OTIP.III	7301704	7305488
1113at6231	OTIP.I	5462957	5467857
1115at6231	OTIP.III	6237520	6240379
1118at6231	OTIP.III	4080854	4083678
1121at6231	OTIP.X	3276769	3281953
1122at6231	OTIP.IV	1247849	1252941
1123at6231	OTIP.V	9754493	9757262
1125at6231	OTIP.X	11087334	11092291
1129at6231	OTIP.III	8406939	8410966
1131at6231	OTIP.III	9370971	9375117
1133at6231	OTIP.V	5138863	5141540
1134at6231	OTIP.I	1650931	1654800
1135at6231	OTIP.X	9878849	9881991
1136at6231	OTIP.V	4320645	4323433
1138at6231	OTIP.I	5310811	5315483
1140at6231	OTIP.IV	214177	217781
1142at6231	OTIP.I	689717	694351
1144at6231	OTIP.III	3514510	3516703
1147at6231	OTIP.I	6053929	6059365
1148at6231	OTIP.III	8608139	8614318
1150at6231	OTIP.I	4323292	4328429
1152at6231	OTIP.III	5852662	5855864
1153at6231	OTIP.X	5519344	5523295
1155at6231	OTIP.I	5701575	5705178
1156at6231	OTIP.III	5119597	5121971
1157at6231	OTIP.III	2512298	2515940
1158at6231	OTIP.II	7029402	7033728
1159at6231	OTIP.III	3493640	3495810
1160at6231	OTIP.I	8179522	8181815
1161at6231	OTIP.II	5596571	5598779
1169at6231	OTIP.III	4075164	4077893
1173at6231	OTIP.II	3698565	3701821
1174at6231	OTIP.I	418177	425238
1175at6231	OTIP.V	8879306	8881995
1177at6231	OTIP.III	3024312	3025904
1179at6231	OTIP.I	5247133	5252084
1180at6231	OTIP.X	4120929	4125387
1181at6231	OTIP.X	765189	770247
1182at6231	OTIP.V	5185351	5191130
1183at6231	OTIP.V	4914176	4916570
1187at6231	OTIP.X	2928504	2931939
1193at6231	OTIP.III	5489275	5491938
1194at6231	OTIP.I	6489426	6491887
1196at6231	OTIP.I	6070545	6073944
1199at6231	OTIP.II	2782053	2786255
1200at6231	OTIP.II	665577	668750
1202at6231	OTIP.III	5996450	5998664
1205at6231	OTIP.IV	10465287	10472523
1207at6231	OTIP.III	6925239	6928061
1211at6231	OTIP.I	5447955	5450802
1212at6231	OTIP.III	2377022	2379010
1215at6231	OTIP.X	4776690	4781973
1219at6231	OTIP.IV	292652	298844
1222at6231	OTIP.X	7429210	7435296
1223at6231	OTIP.IV	7381007	7383384
1228at6231	OTIP.X	2372416	2374974
1230at6231	OTIP.IV	4297355	4300431
1233at6231	OTIP.V	10586125	10593265
1235at6231	OTIP.IV	3450761	3459792
1247at6231	OTIP.II	2205499	2209817
1250at6231	OTIP.X	4952005	4954751
1252at6231	OTIP.I	3354477	3357199
1255at6231	OTIP.III	6666985	6671194
1262at6231	OTIP.V	10396087	10400583
1263at6231	OTIP.I	1675522	1678942
1264at6231	OTIP.I	4981956	4985358
1266at6231	OTIP.IV	6750363	6753906
1270at6231	OTIP.I	1555437	1567782
1272at6231	OTIP.III	5004261	5005954
1273at6231	OTIP.X	10776420	10778925
1275at6231	OTIP.I	8050069	8052994
1278at6231	OTIP.II	3738959	3741058
1279at6231	OTIP.X	6393777	6396654
1281at6231	OTIP.V	8434862	8436920
1285at6231	OTIP.X	7185326	7189275
1288at6231	OTIP.I	4302096	4305341
1293at6231	OTIP.I	8368237	8372379
1294at6231	OTIP.V	8592930	8597988
1295at6231	OTIP.I	7291255	7296384
1301at6231	OTIP.I	6546820	6549052
1304at6231	OTIP.I	3322506	3326740
1313at6231	OTIP.I	3097485	3100314
1314at6231	OTIP.II	4925909	4929745
1316at6231	OTIP.III	73071	76025
1317at6231	OTIP.X	10044320	10050034
1318at6231	OTIP.II	4613226	4615447
1320at6231	OTIP.X	6032981	6035422
1322at6231	OTIP.I	4586607	4589010
1326at6231	OTIP.IV	4162438	4165144
1327at6231	OTIP.III	2057444	2065701
1328at6231	OTIP.III	3390306	3393350
1329at6231	OTIP.I	5939189	5944046
1331at6231	OTIP.II	7258907	7265330
1344at6231	OTIP.II	6241090	6243660
1346at6231	OTIP.X	5405351	5409516
1349at6231	OTIP.V	2766255	2770141
1350at6231	OTIP.II	7778626	7783821
1352at6231	OTIP.III	5018056	5020624
1355at6231	OTIP.III	3703008	3705168
1358at6231	OTIP.II	8688677	8691996
1360at6231	OTIP.II	8085890	8094407
1361at6231	OTIP.I	7165994	7168394
1362at6231	OTIP.X	4847135	4852818
1366at6231	OTIP.IV	9418462	9420829
1369at6231	OTIP.V	4534078	4536505
1373at6231	OTIP.I	2592063	2594846
1374at6231	OTIP.II	6143849	6146087
1375at6231	OTIP.I	3582441	3585166
1376at6231	OTIP.X	4744356	4752763
1377at6231	OTIP.II	2623134	2624934
1378at6231	OTIP.III	3820006	3822708
1381at6231	OTIP.X	10573006	10575737
1383at6231	OTIP.I	8857024	8860587
1384at6231	OTIP.II	8531589	8542918
1387at6231	OTIP.III	5310431	5312981
1389at6231	OTIP.I	5414602	5417797
1395at6231	OTIP.II	7415992	7418224
1400at6231	OTIP.X	2463230	2466636
1401at6231	OTIP.I	4383296	4386121
1404at6231	OTIP.IV	3412239	3414597
1405at6231	OTIP.I	8816651	8819617
1407at6231	OTIP.V	4820371	4822333
1409at6231	OTIP.IV	3302548	3308588
1411at6231	OTIP.IV	6454622	6457992
1412at6231	OTIP.IV	1326937	1334023
1413at6231	OTIP.I	8835080	8839356
1416at6231	OTIP.III	2647169	2649647
1417at6231	OTIP.I	6679139	6681804
1427at6231	OTIP.I	712406	715343
1430at6231	OTIP.X	3555176	3560306
1432at6231	OTIP.V	10389439	10393319
1434at6231	OTIP.III	3915338	3920229
1437at6231	OTIP.V	6356137	6360293
1438at6231	OTIP.I	1938855	1939868
1441at6231	OTIP.III	2967151	2973175
1444at6231	OTIP.II	7081622	7085595
1449at6231	OTIP.III	3279815	3282249
1450at6231	OTIP.X	4144815	4149995
1452at6231	OTIP.I	265772	276638
1453at6231	OTIP.I	2819247	2822197
1454at6231	OTIP.III	9317118	9320723
1457at6231	OTIP.V	2996248	3000540
1459at6231	OTIP.X	2446973	2458498
1463at6231	OTIP.X	4813607	4815782
1466at6231	OTIP.I	3331608	3334044
1471at6231	OTIP.X	8580900	8586006
1473at6231	OTIP.I	4479134	4482188
1477at6231	OTIP.V	6683447	6687553
1478at6231	OTIP.X	8165150	8168886
1482at6231	OTIP.III	5786902	5789746
1484at6231	OTIP.I	4694792	4697203
1489at6231	OTIP.I	6439754	6445264
1490at6231	OTIP.X	7250787	7254938
1491at6231	OTIP.IV	934879	940392
1492at6231	OTIP.I	7484504	7487563
1495at6231	OTIP.V	9798652	9802226
1498at6231	OTIP.IV	7472170	7477049
1499at6231	OTIP.I	6291416	6303544
1501at6231	OTIP.V	43210	48162
1504at6231	OTIP.III	3018641	3022638
1506at6231	OTIP.II	7686565	7691583
1509at6231	OTIP.IV	6808374	6812324
1511at6231	OTIP.V	10779087	10786256
1514at6231	OTIP.IV	10274881	10277253
1517at6231	OTIP.X	525622	529558
1518at6231	OTIP.I	1342300	1344518
1519at6231	OTIP.V	8304631	8312982
1533at6231	OTIP.IV	63333	66063
1535at6231	OTIP.X	5125528	5130206
1537at6231	OTIP.III	9579513	9589648
1538at6231	OTIP.II	8957704	8963606
1541at6231	OTIP.X	7827285	7831121
1543at6231	OTIP.II	4805508	4808241
1546at6231	OTIP.V	7408368	7410803
1548at6231	OTIP.III	7736296	7744534
1549at6231	OTIP.IV	6867639	6871805
1551at6231	OTIP.III	4787140	4790090
1552at6231	OTIP.I	2638869	2646470
1556at6231	OTIP.I	3280642	3282734
1561at6231	OTIP.V	9746444	9751760
1566at6231	OTIP.V	4385703	4387501
1571at6231	OTIP.II	4503352	4505698
1572at6231	OTIP.III	1965407	1970928
1575at6231	OTIP.I	3334707	3336713
1576at6231	OTIP.V	6255439	6260207
1587at6231	OTIP.X	793839	805741
1590at6231	OTIP.V	6291235	6294443
1592at6231	OTIP.V	6401799	6403878
1594at6231	OTIP.X	8786061	8789180
1596at6231	OTIP.I	2585307	2588214
1598at6231	OTIP.V	543478	548366
1601at6231	OTIP.IV	5304575	5308327
1602at6231	OTIP.IV	4531961	4534820
1603at6231	OTIP.X	4673488	4676728
1604at6231	OTIP.X	9847927	9850132
1605at6231	OTIP.X	5513285	5518826
1606at6231	OTIP.I	3286503	3292792
1608at6231	OTIP.II	3933764	3935757
1611at6231	OTIP.V	5855678	5860489
1613at6231	OTIP.II	7596581	7602205
1616at6231	OTIP.V	287113	292548
1617at6231	OTIP.II	3576835	3578758
1620at6231	OTIP.I	1491069	1495048
1635at6231	OTIP.III	9129795	9135446
1636at6231	OTIP.X	4437048	4442039
1637at6231	OTIP.II	4635455	4637990
1638at6231	OTIP.IV	4134721	4137137
1639at6231	OTIP.IV	7021546	7024242
1641at6231	OTIP.II	5578894	5581772
1642at6231	OTIP.IV	175197	178397
1643at6231	OTIP.III	4265406	4269181
1645at6231	OTIP.I	7768634	7772410
1646at6231	OTIP.V	4292587	4295088
1647at6231	OTIP.II	6436096	6440235
1649at6231	OTIP.I	2161662	2165354
1653at6231	OTIP.I	6676601	6678413
1656at6231	OTIP.III	7426675	7431048
1663at6231	OTIP.X	10351229	10355212
1666at6231	OTIP.V	4811478	4814502
1669at6231	OTIP.X	5197053	5199287
1670at6231	OTIP.X	5434007	5436005
1671at6231	OTIP.X	4889994	4892217
1673at6231	OTIP.I	7021634	7025000
1676at6231	OTIP.II	5572317	5575855
1682at6231	OTIP.I	2484112	2487677
1683at6231	OTIP.III	4594861	4598809
1686at6231	OTIP.III	9214169	9217967
1687at6231	OTIP.IV	373312	376628
1691at6231	OTIP.X	2475232	2477541
1695at6231	OTIP.X	4341913	4348984
1698at6231	OTIP.II	8771110	8772681
1699at6231	OTIP.III	7890110	7904663
1701at6231	OTIP.I	4684761	4687532
1702at6231	OTIP.I	997790	1002162
1704at6231	OTIP.II	7682684	7685836
1705at6231	OTIP.X	4062859	4065318
1706at6231	OTIP.II	4548888	4551479
1708at6231	OTIP.I	6075336	6079626
1712at6231	OTIP.II	5592186	5594280
1713at6231	OTIP.III	4772051	4774017
1715at6231	OTIP.III	7348281	7350909
1724at6231	OTIP.III	9383019	9385619
1739at6231	OTIP.IV	4978956	4980961
1743at6231	OTIP.V	9618425	9625711
1750at6231	OTIP.IV	3080124	3082704
1754at6231	OTIP.I	1764059	1772451
1757at6231	OTIP.I	4507972	4510555
1759at6231	OTIP.II	1194487	1206548
1760at6231	OTIP.X	9360565	9363457
1761at6231	OTIP.II	7329231	7333288
1762at6231	OTIP.X	8966939	8969564
1770at6231	OTIP.X	9720065	9726165
1771at6231	OTIP.IV	4400889	4403023
1778at6231	OTIP.I	5354549	5361207
1780at6231	OTIP.II	4694068	4697645
1785at6231	OTIP.III	6428357	6431280
1792at6231	OTIP.III	5060753	5064421
1794at6231	OTIP.II	4919703	4922452
1796at6231	OTIP.V	6277071	6282045
1797at6231	OTIP.V	8438086	8440272
1801at6231	OTIP.IV	3698944	3702887
1816at6231	OTIP.X	6918611	6920939
1817at6231	OTIP.V	6639359	6641740
1821at6231	OTIP.V	8746429	8749431
1822at6231	OTIP.X	5000045	5001552
1823at6231	OTIP.III	8250621	8254622
1827at6231	OTIP.X	3654308	3656232
1831at6231	OTIP.I	5651957	5656241
1835at6231	OTIP.X	4106685	4108687
1837at6231	OTIP.I	4513694	4516739
1838at6231	OTIP.V	276667	283442
1847at6231	OTIP.IV	141152	147690
1849at6231	OTIP.III	2798381	2800410
1852at6231	OTIP.III	9174818	9179381
1856at6231	OTIP.I	7547519	7550289
1857at6231	OTIP.III	9241370	9246615
1865at6231	OTIP.X	9345319	9352714
1868at6231	OTIP.III	4782017	4783632
1871at6231	OTIP.I	2537515	2541600
1872at6231	OTIP.III	2964635	2966558
1873at6231	OTIP.X	3318196	3320428
1877at6231	OTIP.III	3517685	3519398
1884at6231	OTIP.X	7238220	7249242
1885at6231	OTIP.X	6980101	6981891
1887at6231	OTIP.III	6453336	6455828
1890at6231	OTIP.X	4357698	4361383
1894at6231	OTIP.IV	6021948	6024298
1895at6231	OTIP.IV	3001010	3003059
1898at6231	OTIP.III	7214623	7218884
1899at6231	OTIP.I	7326561	7330130
1900at6231	OTIP.V	5284782	5286211
1914at6231	OTIP.II	5776739	5781143
1915at6231	OTIP.III	5904013	5906628
1918at6231	OTIP.IV	205965	208478
1921at6231	OTIP.III	6361167	6362925
1927at6231	OTIP.V	7095125	7100430
1931at6231	OTIP.I	8405491	8413284
1942at6231	OTIP.II	2799418	2803624
1952at6231	OTIP.III	4997964	4999895
1956at6231	OTIP.X	1888796	1891508
1963at6231	OTIP.III	4257074	4259615
1964at6231	OTIP.X	7736190	7739389
1966at6231	OTIP.X	8104348	8106888
1967at6231	OTIP.I	5394157	5396137
1968at6231	OTIP.III	4592692	4594573
1971at6231	OTIP.I	5023771	5025914
1974at6231	OTIP.X	3488111	3490242
1978at6231	OTIP.I	3389188	3391602
1979at6231	OTIP.I	7473062	7474991
1980at6231	OTIP.I	6359459	6361638
1991at6231	OTIP.V	7177237	7179080
1998at6231	OTIP.III	7395656	7398224
2000at6231	OTIP.III	7392202	7394411
2008at6231	OTIP.V	8413734	8416199
2012at6231	OTIP.I	4169135	4172836
2014at6231	OTIP.II	6851388	6855061
2018at6231	OTIP.X	4419865	4422287
2019at6231	OTIP.II	1512658	1515589
2021at6231	OTIP.V	427956	432416
2022at6231	OTIP.X	3295627	3297360
2023at6231	OTIP.I	207092	210157
2026at6231	OTIP.IV	3688092	3690290
2028at6231	OTIP.II	1083556	1099876
2032at6231	OTIP.I	6601951	6610658
2035at6231	OTIP.I	5526423	5529468
2037at6231	OTIP.X	6334247	6336359
2041at6231	OTIP.I	5217748	5219758
2042at6231	OTIP.II	3818800	3823051
2052at6231	OTIP.III	6141910	6145385
2058at6231	OTIP.III	3887947	3890028
2064at6231	OTIP.I	7550422	7552546
2072at6231	OTIP.I	7383537	7385232
2073at6231	OTIP.I	5521403	5524081
2075at6231	OTIP.X	4839442	4842482
2077at6231	OTIP.IV	4733961	4736478
2080at6231	OTIP.II	7392721	7395404
2081at6231	OTIP.I	8524723	8531125
2085at6231	OTIP.V	4626355	4628071
2089at6231	OTIP.II	5411315	5414827
2092at6231	OTIP.I	6026515	6032029
2093at6231	OTIP.V	533959	537132
2096at6231	OTIP.III	3519596	3521604
2099at6231	OTIP.III	6869346	6872458
2100at6231	OTIP.X	2203754	2206758
2102at6231	OTIP.IV	10893362	10900198
2103at6231	OTIP.II	1695855	1701250
2104at6231	OTIP.II	4028621	4030779
2105at6231	OTIP.III	2727786	2730828
2107at6231	OTIP.III	3496007	3497494
2112at6231	OTIP.X	8989251	8993881
2115at6231	OTIP.X	7849742	7851863
2118at6231	OTIP.V	5013664	5015963
2119at6231	OTIP.X	3177346	3179208
2120at6231	OTIP.III	5796319	5798048
2125at6231	OTIP.V	8635622	8638144
2126at6231	OTIP.IV	3578590	3580443
2128at6231	OTIP.X	5982709	5986699
2131at6231	OTIP.V	521137	524398
2132at6231	OTIP.X	5025542	5028297
2133at6231	OTIP.II	765937	768850
2137at6231	OTIP.X	8854374	8860244
2152at6231	OTIP.X	9037480	9039686
2159at6231	OTIP.V	5513179	5517763
2160at6231	OTIP.IV	4171545	4173472
2163at6231	OTIP.II	1965467	1973594
2164at6231	OTIP.II	713047	719945
2170at6231	OTIP.III	3438640	3442775
2173at6231	OTIP.II	4432071	4434041
2178at6231	OTIP.III	8740164	8742738
2181at6231	OTIP.IV	10279527	10282258
2182at6231	OTIP.IV	7886346	7889653
2185at6231	OTIP.X	4131010	4133234
2187at6231	OTIP.I	763830	767997
2198at6231	OTIP.III	8945049	8948149
2201at6231	OTIP.III	5643884	5646161
2202at6231	OTIP.IV	305573	309659
2204at6231	OTIP.IV	712084	720333
2206at6231	OTIP.V	537927	541820
2208at6231	OTIP.X	7022348	7026722
2209at6231	OTIP.III	6327325	6330102
2211at6231	OTIP.IV	4574560	4577210
2213at6231	OTIP.I	5586722	5589028
2220at6231	OTIP.V	6425471	6427639
2226at6231	OTIP.III	2606557	2608441
2228at6231	OTIP.I	5179388	5182367
2229at6231	OTIP.I	6467071	6468611
2232at6231	OTIP.I	2660896	2663658
2233at6231	OTIP.IV	4770352	4773065
2236at6231	OTIP.IV	5708323	5710286
2238at6231	OTIP.I	8765930	8773720
2240at6231	OTIP.I	3715978	3718531
2247at6231	OTIP.V	7373691	7375912
2249at6231	OTIP.II	6099553	6102307
2255at6231	OTIP.I	2476228	2482274
2257at6231	OTIP.III	906985	912016
2263at6231	OTIP.IV	4507412	4509154
2267at6231	OTIP.I	4691330	4694187
2268at6231	OTIP.II	4576170	4585434
2270at6231	OTIP.IV	6887901	6891153
2274at6231	OTIP.X	10963593	10965699
2277at6231	OTIP.II	1424003	1425278
2281at6231	OTIP.II	285306	288696
2286at6231	OTIP.III	1391252	1395221
2287at6231	OTIP.III	8730774	8736287
2294at6231	OTIP.I	4495174	4496721
2295at6231	OTIP.V	9837799	9841280
2297at6231	OTIP.II	2314170	2316939
2299at6231	OTIP.I	1990770	1995465
2301at6231	OTIP.II	670370	676084
2302at6231	OTIP.V	6032086	6038482
2304at6231	OTIP.III	6509799	6512249
2306at6231	OTIP.V	7039333	7041843
2308at6231	OTIP.V	5226065	5228475
2311at6231	OTIP.I	2777731	2780666
2312at6231	OTIP.III	3182634	3184144
2316at6231	OTIP.II	1757809	1761168
2319at6231	OTIP.I	6651283	6653532
2321at6231	OTIP.X	4918540	4921880
2327at6231	OTIP.V	909924	912127
2329at6231	OTIP.III	6468374	6470212
2332at6231	OTIP.I	3702337	3704904
2339at6231	OTIP.I	4806367	4809282
2341at6231	OTIP.V	9103438	9110921
2342at6231	OTIP.I	1957960	1962333
2345at6231	OTIP.X	7279327	7280999
2351at6231	OTIP.I	3549622	3553016
2353at6231	OTIP.I	5409825	5412433
2356at6231	OTIP.V	4667313	4669554
2357at6231	OTIP.I	7249879	7255362
2358at6231	OTIP.V	10097740	10103961
2367at6231	OTIP.III	6905858	6908005
2368at6231	OTIP.X	6004770	6006706
2369at6231	OTIP.V	1855060	1859129
2370at6231	OTIP.V	4849860	4851892
2378at6231	OTIP.IV	2895113	2899994
2380at6231	OTIP.III	3122643	3125841
2383at6231	OTIP.II	77703	81927
2384at6231	OTIP.III	3165321	3167092
2387at6231	OTIP.II	7550451	7553276
2390at6231	OTIP.I	7680947	7683032
2393at6231	OTIP.IV	4070445	4072102
2401at6231	OTIP.III	1222324	1226068
2403at6231	OTIP.V	7351468	7352931
2408at6231	OTIP.II	3237242	3241379
2409at6231	OTIP.I	8300240	8302740
2410at6231	OTIP.I	3591582	3593366
2411at6231	OTIP.IV	6948684	6951198
2415at6231	OTIP.I	7005053	7009510
2418at6231	OTIP.I	8277292	8279175
2419at6231	OTIP.III	2788029	2789856
2420at6231	OTIP.II	2427185	2430408
2422at6231	OTIP.I	4310638	4313011
2423at6231	OTIP.III	5502654	5504698
2424at6231	OTIP.III	7815972	7822531
2426at6231	OTIP.III	2992415	2994424
2427at6231	OTIP.V	5438140	5440143
2430at6231	OTIP.I	5834356	5836042
2431at6231	OTIP.X	8268705	8273535
2436at6231	OTIP.III	9033960	9040438
2437at6231	OTIP.II	631187	634252
2441at6231	OTIP.II	125312	127803
2449at6231	OTIP.V	9763899	9767114
2454at6231	OTIP.IV	3077312	3079932
2455at6231	OTIP.X	2164350	2167503
2458at6231	OTIP.III	3169923	3170949
2460at6231	OTIP.X	9079142	9085761
2464at6231	OTIP.X	2913890	2917775
2467at6231	OTIP.V	5703605	5706366
2469at6231	OTIP.II	7899116	7902567
2471at6231	OTIP.I	2841729	2848790
2473at6231	OTIP.I	4777607	4780117
2474at6231	OTIP.X	3684789	3686911
2475at6231	OTIP.X	8703253	8711687
2476at6231	OTIP.X	4686361	4688028
2478at6231	OTIP.III	3805308	3807035
2480at6231	OTIP.V	7318964	7321252
2487at6231	OTIP.II	5284658	5287472
2494at6231	OTIP.I	7748985	7751586
2495at6231	OTIP.III	4869882	4871705
2498at6231	OTIP.I	3338949	3341248
2502at6231	OTIP.II	2042558	2049279
2515at6231	OTIP.III	9117224	9120600
2516at6231	OTIP.III	4415383	4420026
2523at6231	OTIP.IV	9933266	9935891
2524at6231	OTIP.I	7306747	7313105
2527at6231	OTIP.IV	4214497	4216274
2531at6231	OTIP.III	5826191	5828897
2538at6231	OTIP.I	2194900	2211130
2539at6231	OTIP.IV	5516874	5521362
2544at6231	OTIP.X	9843244	9846931
2545at6231	OTIP.III	4086161	4088615
2547at6231	OTIP.X	4511375	4514149
2550at6231	OTIP.X	10835312	10839884
2551at6231	OTIP.II	3658141	3659726
2554at6231	OTIP.V	795134	798491
2557at6231	OTIP.II	3022295	3024639
2562at6231	OTIP.X	11055130	11058478
2565at6231	OTIP.I	1587769	1590938
2568at6231	OTIP.X	7283915	7288308
2569at6231	OTIP.V	5805358	5807326
2573at6231	OTIP.III	6125224	6126852
2574at6231	OTIP.X	6442320	6445271
2577at6231	OTIP.IV	2593222	2595457
2581at6231	OTIP.X	8675889	8678387
2582at6231	OTIP.III	8333037	8337565
2595at6231	OTIP.III	4430370	4435637
2600at6231	OTIP.IV	4818394	4821181
2601at6231	OTIP.IV	2511449	2513794
2605at6231	OTIP.X	4114612	4116647
2607at6231	OTIP.III	6519763	6522434
2611at6231	OTIP.III	3212367	3217845
2614at6231	OTIP.II	3638148	3640042
2618at6231	OTIP.I	5184912	5187546
2622at6231	OTIP.IV	2927475	2929488
2627at6231	OTIP.II	3031615	3034702
2628at6231	OTIP.V	6731405	6733286
2629at6231	OTIP.I	5087124	5089373
2634at6231	OTIP.V	8693438	8695273
2635at6231	OTIP.III	4283340	4285027
2639at6231	OTIP.III	5586444	5588816
2643at6231	OTIP.II	7913931	7917516
2649at6231	OTIP.II	6235420	6239727
2650at6231	OTIP.V	9514018	9518876
2652at6231	OTIP.I	5434249	5435791
2653at6231	OTIP.V	6269673	6271295
2660at6231	OTIP.V	6680917	6682731
2661at6231	OTIP.X	7082260	7084424
2667at6231	OTIP.I	61956	63962
2678at6231	OTIP.III	4332604	4334791
2687at6231	OTIP.V	5432732	5434575
2689at6231	OTIP.V	6388157	6391901
2690at6231	OTIP.IV	2974224	2977509
2707at6231	OTIP.IV	1853141	1856960
2710at6231	OTIP.V	4948708	4950992
2712at6231	OTIP.II	6577246	6580055
2725at6231	OTIP.III	3334739	3336353
2732at6231	OTIP.III	4327398	4328939
2754at6231	OTIP.I	3719882	3722674
2756at6231	OTIP.I	5208764	5210786
2757at6231	OTIP.I	344515	349757
2760at6231	OTIP.I	40135	42396
2761at6231	OTIP.II	1284210	1286704
2764at6231	OTIP.I	7739063	7742699
2769at6231	OTIP.III	682499	684731
2772at6231	OTIP.IV	3683311	3685149
2773at6231	OTIP.X	3423144	3424857
2774at6231	OTIP.V	5902347	5906600
2778at6231	OTIP.I	1641484	1644965
2782at6231	OTIP.V	9217682	9219273
2786at6231	OTIP.III	8323661	8326497
2792at6231	OTIP.III	8897846	8902020
2795at6231	OTIP.I	5954720	5956516
2800at6231	OTIP.IV	4681646	4683689
2802at6231	OTIP.III	5993603	5995775
2805at6231	OTIP.IV	4137672	4140626
2811at6231	OTIP.IV	3237508	3239485
2815at6231	OTIP.I	5135691	5151086
2817at6231	OTIP.III	2740466	2742372
2821at6231	OTIP.X	8052549	8055874
2830at6231	OTIP.III	3892558	3893754
2833at6231	OTIP.X	5855470	5857355
2844at6231	OTIP.X	3737294	3740686
2845at6231	OTIP.III	6459132	6460326
2847at6231	OTIP.X	5450117	5456689
2848at6231	OTIP.IV	4160038	4162172
2858at6231	OTIP.II	4383662	4385453
2859at6231	OTIP.X	8423164	8430414
2862at6231	OTIP.II	384137	386473
2865at6231	OTIP.III	3831712	3833809
2873at6231	OTIP.III	3378020	3379697
2875at6231	OTIP.X	8969869	8972333
2877at6231	OTIP.II	5167134	5170116
2885at6231	OTIP.IV	8159931	8163252
2889at6231	OTIP.I	4511726	4513604
2890at6231	OTIP.IV	3152635	3155064
2891at6231	OTIP.I	7466291	7469742
2893at6231	OTIP.I	8694968	8699992
2900at6231	OTIP.IV	4514571	4516083
2906at6231	OTIP.V	3064667	3066345
2918at6231	OTIP.X	7619374	7621336
2931at6231	OTIP.X	8322046	8327174
2933at6231	OTIP.IV	3377283	3379576
2942at6231	OTIP.V	5978333	5981017
2943at6231	OTIP.IV	5295596	5297184
2948at6231	OTIP.I	3846005	3849039
2950at6231	OTIP.X	4765757	4767466
2951at6231	OTIP.I	3651605	3654031
2952at6231	OTIP.X	6235575	6240478
2956at6231	OTIP.V	8391627	8399611
2957at6231	OTIP.III	1162614	1166255
2959at6231	OTIP.II	376916	381310
2961at6231	OTIP.X	4757203	4759093
2962at6231	OTIP.V	10454204	10456706
2965at6231	OTIP.I	1568080	1574624
2966at6231	OTIP.I	4524640	4527311
2968at6231	OTIP.V	9241468	9247260
2969at6231	OTIP.II	3936163	3940514
2970at6231	OTIP.IV	3243281	3248698
2972at6231	OTIP.X	8848092	8850536
2982at6231	OTIP.V	5298594	5300215
2989at6231	OTIP.III	1563809	1565969
2990at6231	OTIP.V	7385343	7388299
2991at6231	OTIP.III	5044370	5046187
2992at6231	OTIP.X	2862918	2865267
2997at6231	OTIP.III	6687023	6689119
2999at6231	OTIP.I	6989015	6992476
3008at6231	OTIP.X	1908979	1910888
3010at6231	OTIP.X	4153250	4155148
3012at6231	OTIP.I	6147722	6151657
3014at6231	OTIP.IV	2495553	2499635
3024at6231	OTIP.V	7165580	7167294
3031at6231	OTIP.III	9269774	9271743
3035at6231	OTIP.III	5345889	5347767
3037at6231	OTIP.X	3267396	3268929
3039at6231	OTIP.I	4076624	4078998
3040at6231	OTIP.IV	10453222	10455020
3045at6231	OTIP.V	4118809	4122239
3047at6231	OTIP.II	3569937	3571984
3051at6231	OTIP.III	3365283	3366125
3058at6231	OTIP.I	5481227	5483077
3059at6231	OTIP.II	2263825	2265425
3060at6231	OTIP.III	4817602	4819103
3063at6231	OTIP.III	9331995	9334818
3064at6231	OTIP.III	6689322	6695599
3070at6231	OTIP.I	7897974	7899610
3074at6231	OTIP.X	10158002	10159409
3077at6231	OTIP.IV	6234006	6235824
3084at6231	OTIP.III	6674688	6676346
3085at6231	OTIP.IV	4984218	4985990
3086at6231	OTIP.I	5578753	5582134
3088at6231	OTIP.V	4249034	4251007
3089at6231	OTIP.X	11039025	11040319
3091at6231	OTIP.X	3682652	3684337
3097at6231	OTIP.V	9996384	10010089
3103at6231	OTIP.X	4118270	4120374
3108at6231	OTIP.II	5503188	5505137
3112at6231	OTIP.III	8633021	8635799
3122at6231	OTIP.X	3600404	3602535
3125at6231	OTIP.I	5478506	5480378
3128at6231	OTIP.V	1468463	1476499
3129at6231	OTIP.II	3369661	3371629
3153at6231	OTIP.IV	1521620	1524490
3156at6231	OTIP.II	4205557	4208104
3157at6231	OTIP.I	4583452	4585682
3158at6231	OTIP.X	9246605	9248836
3167at6231	OTIP.II	3654510	3657521
3171at6231	OTIP.IV	2377837	2378834
3176at6231	OTIP.IV	8472446	8476678
3182at6231	OTIP.II	5736288	5739936
3183at6231	OTIP.X	10313382	10315725
3191at6231	OTIP.X	3193975	3196047
3193at6231	OTIP.III	6761984	6763369
3196at6231	OTIP.I	5190240	5196053
3205at6231	OTIP.II	4643355	4644694
3209at6231	OTIP.IV	577760	586173
3211at6231	OTIP.II	4137379	4139107
3214at6231	OTIP.II	6844907	6848135
3215at6231	OTIP.II	2507022	2509528
3218at6231	OTIP.IV	4679946	4681489
3219at6231	OTIP.I	1420196	1428711
3223at6231	OTIP.V	10773436	10775272
3225at6231	OTIP.X	9757813	9763003
3226at6231	OTIP.II	4855456	4856957
3230at6231	OTIP.V	5292309	5294243
3231at6231	OTIP.III	6640276	6641846
3232at6231	OTIP.III	2575387	2576515
3233at6231	OTIP.I	1055171	1057512
3235at6231	OTIP.I	4057309	4060406
3237at6231	OTIP.IV	6734394	6736684
3239at6231	OTIP.III	4298397	4301311
3251at6231	OTIP.II	3028086	3031041
3254at6231	OTIP.III	9156051	9158858
3259at6231	OTIP.I	8206151	8209575
3260at6231	OTIP.I	2420250	2422232
3275at6231	OTIP.III	8277695	8279249
3276at6231	OTIP.X	4112315	4114021
3288at6231	OTIP.V	8988621	8990869
3291at6231	OTIP.II	421202	423793
3292at6231	OTIP.II	1406500	1408410
3293at6231	OTIP.I	5594114	5597438
3295at6231	OTIP.I	4994543	4998827
3300at6231	OTIP.IV	2616381	2618020
3302at6231	OTIP.I	111951	114689
3304at6231	OTIP.I	4537808	4539711
3305at6231	OTIP.II	84241	87091
3308at6231	OTIP.II	7023347	7026328
3312at6231	OTIP.II	5170639	5173148
3317at6231	OTIP.II	2026612	2033386
3321at6231	OTIP.III	9405228	9407459
3324at6231	OTIP.X	8767360	8769686
3325at6231	OTIP.II	4697911	4699448
3326at6231	OTIP.I	5215574	5217247
3330at6231	OTIP.X	4247976	4251454
3331at6231	OTIP.I	3623624	3625915
3335at6231	OTIP.I	725213	728414
3340at6231	OTIP.II	4766560	4768336
3344at6231	OTIP.X	10910677	10912982
3345at6231	OTIP.X	3560663	3563577
3347at6231	OTIP.V	5798868	5804784
3349at6231	OTIP.X	11169665	11171042
3350at6231	OTIP.III	184795	186661
3360at6231	OTIP.IV	4977354	4978739
3365at6231	OTIP.II	1547431	1554156
3366at6231	OTIP.III	8345677	8350984
3369at6231	OTIP.I	8024995	8027473
3373at6231	OTIP.IV	3967581	3969313
3376at6231	OTIP.I	8512905	8518515
3377at6231	OTIP.III	6776237	6778041
3378at6231	OTIP.I	971067	973132
3379at6231	OTIP.I	1002633	1006895
3381at6231	OTIP.I	1579281	1582168
3386at6231	OTIP.V	529265	532607
3388at6231	OTIP.V	6840759	6842813
3393at6231	OTIP.II	5008140	5010885
3396at6231	OTIP.III	3107140	3108556
3398at6231	OTIP.X	2600995	2602620
3400at6231	OTIP.III	9328997	9331295
3401at6231	OTIP.II	1522013	1524958
3404at6231	OTIP.X	4012865	4015743
3408at6231	OTIP.V	5844845	5846492
3411at6231	OTIP.I	5064497	5070346
3412at6231	OTIP.II	6339525	6342398
3414at6231	OTIP.III	7884274	7889369
3417at6231	OTIP.V	9194628	9197080
3419at6231	OTIP.III	5153754	5155942
3420at6231	OTIP.I	3310367	3311657
3422at6231	OTIP.III	4407999	4412314
3433at6231	OTIP.I	6813263	6818345
3434at6231	OTIP.V	6203066	6204966
3442at6231	OTIP.X	7599009	7601783
3444at6231	OTIP.III	7230660	7232411
3445at6231	OTIP.IV	4572242	4573874
3450at6231	OTIP.I	8356358	8359154
3452at6231	OTIP.III	6713194	6716594
3458at6231	OTIP.I	3427026	3431260
3464at6231	OTIP.X	1870696	1873057
3466at6231	OTIP.III	6661130	6662712
3468at6231	OTIP.III	7201693	7204270
3472at6231	OTIP.X	3587256	3590206
3473at6231	OTIP.II	8721272	8724090
3474at6231	OTIP.V	9667055	9669514
3476at6231	OTIP.I	1534277	1538090
3480at6231	OTIP.III	4060341	4063374
3486at6231	OTIP.X	9986577	9989394
3487at6231	OTIP.I	1267109	1269924
3490at6231	OTIP.X	3202622	3204217
3493at6231	OTIP.X	4829415	4830816
3496at6231	OTIP.II	4260420	4261955
3500at6231	OTIP.IV	426896	429370
3504at6231	OTIP.V	4951093	4953972
3506at6231	OTIP.III	2365927	2368528
3509at6231	OTIP.I	3216850	3218242
3516at6231	OTIP.I	7221947	7224102
3520at6231	OTIP.III	3871630	3873165
3523at6231	OTIP.V	8889183	8891901
3524at6231	OTIP.X	4369883	4371132
3528at6231	OTIP.II	8272822	8277627
3529at6231	OTIP.I	3223815	3225196
3531at6231	OTIP.X	6758464	6761402
3534at6231	OTIP.III	7413110	7416950
3542at6231	OTIP.III	1725516	1727897
3547at6231	OTIP.II	4174897	4178075
3548at6231	OTIP.I	138395	144358
3550at6231	OTIP.X	7517647	7520478
3552at6231	OTIP.III	5627842	5629335
3558at6231	OTIP.I	2628159	2631338
3561at6231	OTIP.X	8890133	8894979
3570at6231	OTIP.IV	5747337	5749028
3574at6231	OTIP.X	6326598	6328871
3578at6231	OTIP.I	5117780	5119740
3581at6231	OTIP.III	7236966	7238774
3582at6231	OTIP.III	3588782	3590487
3583at6231	OTIP.X	407598	409873
3584at6231	OTIP.II	469004	471242
3585at6231	OTIP.I	7491070	7493487
3587at6231	OTIP.IV	5791666	5795857
3593at6231	OTIP.IV	3117393	3120306
3594at6231	OTIP.II	8726810	8731681
3596at6231	OTIP.I	2116949	2121527
3601at6231	OTIP.III	6740650	6743679
3607at6231	OTIP.I	7336501	7338117
3609at6231	OTIP.I	1750531	1757935
3612at6231	OTIP.I	5957056	5958800
3618at6231	OTIP.I	6311239	6315396
3629at6231	OTIP.X	3761818	3763856
3630at6231	OTIP.X	5539608	5542070
3635at6231	OTIP.II	3175633	3178180
3637at6231	OTIP.I	3947239	3949201
3638at6231	OTIP.IV	2243562	2245578
3640at6231	OTIP.X	8454513	8456061
3642at6231	OTIP.II	101126	105063
3644at6231	OTIP.I	769160	775637
3653at6231	OTIP.I	6332302	6336321
3654at6231	OTIP.III	3778432	3790618
3659at6231	OTIP.V	9177900	9179532
3660at6231	OTIP.I	645041	647275
3666at6231	OTIP.X	10439907	10442303
3667at6231	OTIP.III	9451967	9454319
3669at6231	OTIP.I	32236	35374
3676at6231	OTIP.I	6181939	6185619
3678at6231	OTIP.I	2181108	2182279
3679at6231	OTIP.X	6413044	6415247
3688at6231	OTIP.IV	3834210	3840299
3693at6231	OTIP.X	6698770	6701031
3696at6231	OTIP.IV	3685733	3686563
3698at6231	OTIP.V	433142	434707
3699at6231	OTIP.I	5529839	5534552
3701at6231	OTIP.III	6919243	6922802
3712at6231	OTIP.I	5507556	5509480
3718at6231	OTIP.II	3217101	3221358
3719at6231	OTIP.IV	1040396	1041865
3723at6231	OTIP.IV	9987049	9989931
3727at6231	OTIP.I	4462124	4463783
3732at6231	OTIP.V	10664515	10666891
3741at6231	OTIP.IV	3798821	3800405
3746at6231	OTIP.X	3826132	3827802
3748at6231	OTIP.II	6972118	6974033
3754at6231	OTIP.X	3352363	3354844
3758at6231	OTIP.III	5351713	5353966
3760at6231	OTIP.III	5631338	5636315
3763at6231	OTIP.III	9475554	9478405
3769at6231	OTIP.III	5765572	5769779
3771at6231	OTIP.V	6468394	6469909
3774at6231	OTIP.III	3332287	3333980
3776at6231	OTIP.III	3701057	3702511
3780at6231	OTIP.III	9430072	9433283
3781at6231	OTIP.III	8875313	8878145
3793at6231	OTIP.I	2780896	2782902
3794at6231	OTIP.I	7477385	7479750
3798at6231	OTIP.X	10917412	10919506
3802at6231	OTIP.II	4468273	4471220
3816at6231	OTIP.I	5363325	5365710
3818at6231	OTIP.V	5060011	5061839
3821at6231	OTIP.II	2010528	2015536
3827at6231	OTIP.I	2822791	2824732
3828at6231	OTIP.IV	3292678	3294478
3830at6231	OTIP.I	4138829	4140351
3835at6231	OTIP.IV	3502565	3504304
3836at6231	OTIP.III	5799250	5800688
3839at6231	OTIP.V	10179669	10181403
3842at6231	OTIP.III	8942744	8944583
3843at6231	OTIP.II	7546052	7549096
3845at6231	OTIP.X	4291716	4293635
3850at6231	OTIP.X	7505480	7509195
3852at6231	OTIP.I	3130316	3131880
3853at6231	OTIP.I	2791631	2793220
3857at6231	OTIP.II	5920149	5922765
3863at6231	OTIP.I	4907419	4909103
3869at6231	OTIP.I	8023317	8024706
3871at6231	OTIP.V	4256819	4258761
3878at6231	OTIP.V	10470944	10472800
3879at6231	OTIP.I	7688719	7691176
3880at6231	OTIP.I	8475284	8477323
3885at6231	OTIP.III	4693980	4701797
3891at6231	OTIP.IV	2742492	2745111
3892at6231	OTIP.II	5017358	5018863
3894at6231	OTIP.I	1638949	1641164
3901at6231	OTIP.III	3104436	3105744
3903at6231	OTIP.I	5604585	5609466
3907at6231	OTIP.I	3723349	3727122
3915at6231	OTIP.II	4323719	4325366
3919at6231	OTIP.III	9447758	9450528
3927at6231	OTIP.V	4553894	4556381
3929at6231	OTIP.III	4804867	4806373
3930at6231	OTIP.II	5675951	5680450
3931at6231	OTIP.III	5296871	5299121
3939at6231	OTIP.III	3659676	3660990
3947at6231	OTIP.X	4127428	4129880
3951at6231	OTIP.II	2445934	2452403
3952at6231	OTIP.II	1327966	1329742
3954at6231	OTIP.IV	4512615	4514469
3957at6231	OTIP.III	6413008	6418294
3960at6231	OTIP.III	139620	141663
3962at6231	OTIP.IV	4526736	4528713
3963at6231	OTIP.II	5143316	5145196
3968at6231	OTIP.III	7683481	7687851
3969at6231	OTIP.X	5812905	5814871
3970at6231	OTIP.I	6286678	6288087
3971at6231	OTIP.II	4255481	4256896
3976at6231	OTIP.I	6251472	6253232
3987at6231	OTIP.V	8613597	8615244
3989at6231	OTIP.X	3799338	3801973
3990at6231	OTIP.X	6932368	6933618
3992at6231	OTIP.III	9195326	9197361
3993at6231	OTIP.V	5036432	5043160
3995at6231	OTIP.I	1716947	1728002
4001at6231	OTIP.II	5012391	5017321
4002at6231	OTIP.III	5698098	5699486
4003at6231	OTIP.IV	5363560	5366111
4008at6231	OTIP.II	1212228	1220672
4013at6231	OTIP.IV	3679973	3681321
4026at6231	OTIP.II	1127831	1129894
4028at6231	OTIP.II	4229756	4231266
4039at6231	OTIP.X	4354297	4355977
4040at6231	OTIP.X	5947851	5949412
4046at6231	OTIP.III	4360282	4361582
4050at6231	OTIP.III	8306803	8310307
4054at6231	OTIP.I	1575193	1576912
4055at6231	OTIP.X	318536	320470
4059at6231	OTIP.III	5313307	5314948
4061at6231	OTIP.III	6438854	6440974
4063at6231	OTIP.I	4761362	4762717
4069at6231	OTIP.X	9563917	9565528
4071at6231	OTIP.III	2155208	2163875
4072at6231	OTIP.II	7720888	7722982
4075at6231	OTIP.IV	3611150	3612400
4076at6231	OTIP.IV	5781875	5784931
4088at6231	OTIP.III	9497328	9499843
4089at6231	OTIP.IV	4635764	4640074
4093at6231	OTIP.V	9697484	9699645
4094at6231	OTIP.X	6892558	6893945
4098at6231	OTIP.I	8500165	8503314
4104at6231	OTIP.III	148961	151203
4106at6231	OTIP.I	7754943	7757100
4108at6231	OTIP.I	6808224	6809546
4112at6231	OTIP.IV	4212194	4214313
4120at6231	OTIP.III	7297424	7299840
4125at6231	OTIP.III	9416431	9418733
4128at6231	OTIP.II	7643073	7648998
4130at6231	OTIP.III	7488160	7489455
4132at6231	OTIP.I	5453830	5455363
4137at6231	OTIP.II	5021993	5025273
4141at6231	OTIP.II	4471421	4473564
4147at6231	OTIP.II	8870809	8872715
4150at6231	OTIP.IV	4609411	4611233
4151at6231	OTIP.I	304687	307957
4153at6231	OTIP.III	3395707	3406059
4155at6231	OTIP.V	5848650	5855306
4161at6231	OTIP.IV	2935549	2936775
4166at6231	OTIP.I	3620217	3621379
4168at6231	OTIP.I	3829459	3830744
4173at6231	OTIP.I	2600768	2605637
4176at6231	OTIP.IV	6376307	6378829
4178at6231	OTIP.X	4873300	4874480
4181at6231	OTIP.III	3835154	3839886
4182at6231	OTIP.I	7428552	7430207
4183at6231	OTIP.III	9057050	9060273
4192at6231	OTIP.II	5848509	5851172
4197at6231	OTIP.IV	4674862	4678165
4202at6231	OTIP.I	4535793	4537324
4208at6231	OTIP.I	6910034	6911193
4211at6231	OTIP.III	3285729	3287459
4213at6231	OTIP.I	6329184	6330464
4225at6231	OTIP.II	3621228	3626675
4226at6231	OTIP.I	4463978	4468850
4230at6231	OTIP.III	3259756	3261369
4231at6231	OTIP.II	7608311	7610566
4237at6231	OTIP.II	4257107	4258461
4238at6231	OTIP.V	4411092	4412524
4242at6231	OTIP.IV	3058639	3060284
4246at6231	OTIP.I	3112184	3114768
4248at6231	OTIP.IV	3872688	3876394
4258at6231	OTIP.I	7075771	7082564
4265at6231	OTIP.X	6817846	6819284
4269at6231	OTIP.IV	4312767	4314079
4272at6231	OTIP.IV	4205366	4206597
4275at6231	OTIP.X	1805382	1807378
4277at6231	OTIP.V	9886458	9888051
4282at6231	OTIP.X	3505850	3507402
4285at6231	OTIP.III	3607607	3610260
4289at6231	OTIP.IV	3791278	3792399
4293at6231	OTIP.III	4718443	4720289
4296at6231	OTIP.II	4677729	4679365
4301at6231	OTIP.I	5207350	5208578
4303at6231	OTIP.IV	6499922	6501572
4307at6231	OTIP.V	4075556	4079423
4310at6231	OTIP.I	7504376	7507587
4318at6231	OTIP.X	10934941	10936364
4320at6231	OTIP.IV	2659909	2661458
4331at6231	OTIP.I	4459065	4460534
4337at6231	OTIP.II	5556632	5557839
4338at6231	OTIP.V	6657785	6658914
4340at6231	OTIP.V	9089398	9094249
4345at6231	OTIP.II	1618455	1621630
4355at6231	OTIP.X	7265027	7266670
4357at6231	OTIP.X	10472278	10474543
4359at6231	OTIP.I	2211794	2214883
4364at6231	OTIP.III	9247501	9252216
4368at6231	OTIP.IV	8771874	8774149
4389at6231	OTIP.IV	9425674	9427836
4404at6231	OTIP.III	7252655	7255585
4405at6231	OTIP.II	8923762	8930824
4407at6231	OTIP.II	8200644	8203826
4412at6231	OTIP.II	4622860	4624410
4415at6231	OTIP.III	9047663	9049935
4417at6231	OTIP.I	4133140	4134743
4422at6231	OTIP.III	4192385	4193571
4424at6231	OTIP.I	8639182	8640676
4427at6231	OTIP.X	3033328	3034994
4428at6231	OTIP.IV	1322417	1323670
4430at6231	OTIP.IV	2540517	2541682
4435at6231	OTIP.V	5831928	5833672
4436at6231	OTIP.III	4561307	4564617
4444at6231	OTIP.IV	6003148	6004488
4454at6231	OTIP.II	6541950	6543743
4457at6231	OTIP.V	392151	400079
4458at6231	OTIP.III	630877	632867
4461at6231	OTIP.I	1668957	1670730
4465at6231	OTIP.X	10890562	10896277
4468at6231	OTIP.I	7362610	7364403
4469at6231	OTIP.III	7138109	7139858
4483at6231	OTIP.X	5661104	5664339
4487at6231	OTIP.II	4394835	4398368
4489at6231	OTIP.I	6010161	6017618
4492at6231	OTIP.III	788956	790580
4496at6231	OTIP.X	5390383	5392222
4498at6231	OTIP.X	4244002	4246514
4499at6231	OTIP.I	2104700	2108046
4504at6231	OTIP.X	2376518	2378389
4509at6231	OTIP.II	4511613	4514191
4512at6231	OTIP.I	8641120	8643380
4516at6231	OTIP.I	7737371	7738563
4519at6231	OTIP.I	6209284	6211318
4521at6231	OTIP.II	2907100	2927844
4525at6231	OTIP.III	5167821	5169620
4526at6231	OTIP.V	81079	83740
4532at6231	OTIP.II	4531397	4534023
4536at6231	OTIP.III	3328585	3332050
4539at6231	OTIP.III	5838659	5842050
4540at6231	OTIP.II	7905925	7908763
4542at6231	OTIP.V	4479085	4481149
4548at6231	OTIP.III	900820	902023
4549at6231	OTIP.X	10587483	10589082
4551at6231	OTIP.IV	3658847	3660133
4559at6231	OTIP.I	8273904	8275474
4561at6231	OTIP.X	6512212	6515191
4572at6231	OTIP.IV	2449140	2452555
4578at6231	OTIP.IV	4715386	4717679
4579at6231	OTIP.V	8298987	8300372
4580at6231	OTIP.III	7791497	7801164
4581at6231	OTIP.II	4988022	4990916
4585at6231	OTIP.X	5423207	5424863
4586at6231	OTIP.I	8591318	8595330
4588at6231	OTIP.I	5259293	5261055
4590at6231	OTIP.III	3657445	3658559
4593at6231	OTIP.II	2213053	2214533
4594at6231	OTIP.II	7817748	7820424
4597at6231	OTIP.X	7355837	7357283
4598at6231	OTIP.I	6020879	6022920
4600at6231	OTIP.V	5392350	5394180
4602at6231	OTIP.I	459197	463756
4607at6231	OTIP.V	4091336	4092789
4611at6231	OTIP.I	3684349	3686695
4612at6231	OTIP.II	35695	37834
4621at6231	OTIP.II	1363884	1367277
4622at6231	OTIP.III	9105070	9110717
4623at6231	OTIP.III	7607296	7610982
4635at6231	OTIP.III	8871449	8874488
4639at6231	OTIP.IV	4721027	4722392
4642at6231	OTIP.X	3300221	3302484
4650at6231	OTIP.V	3506447	3508610
4661at6231	OTIP.X	1951054	1952667
4669at6231	OTIP.X	3890211	3894102
4673at6231	OTIP.IV	9682566	9684876
4675at6231	OTIP.III	4898648	4900990
4679at6231	OTIP.III	9288136	9290727
4680at6231	OTIP.II	2570727	2572894
4692at6231	OTIP.I	123734	126080
4702at6231	OTIP.I	1591101	1592475
4703at6231	OTIP.III	8457370	8459668
4719at6231	OTIP.X	3078782	3089555
4722at6231	OTIP.II	4313738	4314763
4723at6231	OTIP.II	4126053	4127144
4726at6231	OTIP.III	6106384	6107597
4731at6231	OTIP.III	8388820	8391181
4735at6231	OTIP.I	4578883	4581563
4739at6231	OTIP.III	6421810	6424107
4746at6231	OTIP.I	3007363	3009736
4747at6231	OTIP.III	4884654	4886567
4750at6231	OTIP.I	7600842	7602380
4752at6231	OTIP.II	4301777	4307059
4754at6231	OTIP.X	9390570	9392672
4757at6231	OTIP.III	4263267	4265055
4759at6231	OTIP.III	2716900	2721144
4760at6231	OTIP.III	3675834	3677502
4763at6231	OTIP.I	8550156	8552744
4766at6231	OTIP.I	8338622	8343004
4771at6231	OTIP.II	2215074	2216360
4775at6231	OTIP.V	4844933	4847237
4776at6231	OTIP.IV	5506516	5508342
4777at6231	OTIP.I	6831616	6834274
4779at6231	OTIP.X	5952019	5952907
4786at6231	OTIP.II	4585626	4588861
4793at6231	OTIP.X	2494368	2498190
4794at6231	OTIP.III	902401	906535
4797at6231	OTIP.V	3114787	3116706
4798at6231	OTIP.V	9695581	9697189
4799at6231	OTIP.II	3447745	3450625
4801at6231	OTIP.IV	3430753	3432674
4802at6231	OTIP.I	3824782	3826218
4804at6231	OTIP.I	5657046	5659118
4806at6231	OTIP.III	3886447	3887611
4811at6231	OTIP.I	5119965	5121365
4814at6231	OTIP.IV	3166715	3168442
4815at6231	OTIP.X	8490539	8495399
4816at6231	OTIP.II	7209336	7214076
4825at6231	OTIP.III	2874065	2881250
4826at6231	OTIP.I	7417307	7418916
4834at6231	OTIP.I	1903635	1905282
4839at6231	OTIP.II	5164131	5166825
4848at6231	OTIP.III	7383358	7384974
4856at6231	OTIP.I	1007044	1008926
4859at6231	OTIP.III	3685438	3686724
4861at6231	OTIP.II	4128804	4132003
4863at6231	OTIP.I	613396	615683
4869at6231	OTIP.I	7062030	7066552
4871at6231	OTIP.X	1675332	1681984
4873at6231	OTIP.II	181087	182755
4877at6231	OTIP.I	1114054	1122359
4879at6231	OTIP.X	6934310	6936185
4881at6231	OTIP.III	8228832	8234902
4883at6231	OTIP.V	4509804	4511226
4887at6231	OTIP.I	5457556	5461038
4894at6231	OTIP.X	4775503	4776367
4895at6231	OTIP.II	6382012	6386939
4900at6231	OTIP.II	7399128	7400589
4903at6231	OTIP.II	3464842	3469235
4905at6231	OTIP.X	3419530	3422563
4906at6231	OTIP.X	3425483	3428536
4910at6231	OTIP.X	3297767	3299100
4913at6231	OTIP.II	52471	55420
4918at6231	OTIP.II	4638996	4642574
4919at6231	OTIP.I	4135094	4136311
4925at6231	OTIP.III	3652294	3653391
4930at6231	OTIP.I	4162493	4164203
4932at6231	OTIP.IV	4146812	4147868
4940at6231	OTIP.III	42126	45192
4942at6231	OTIP.III	5146119	5151017
4950at6231	OTIP.V	7159570	7164642
4951at6231	OTIP.III	1623885	1625485
4961at6231	OTIP.II	2790463	2793021
4968at6231	OTIP.II	356485	358702
4973at6231	OTIP.X	10490462	10495343
4977at6231	OTIP.V	10660788	10662308
4978at6231	OTIP.III	3327278	3328333
4982at6231	OTIP.II	5740195	5742631
4983at6231	OTIP.X	772263	777823
4985at6231	OTIP.III	7688019	7690990
4988at6231	OTIP.IV	3830518	3833877
4991at6231	OTIP.X	6610895	6613495
4992at6231	OTIP.II	4922742	4924926
4993at6231	OTIP.I	4581839	4583274
4998at6231	OTIP.I	1658069	1659593
5001at6231	OTIP.II	4733446	4736577
5009at6231	OTIP.IV	4719489	4720552
5011at6231	OTIP.X	7258393	7261929
5013at6231	OTIP.I	1660555	1663749
5016at6231	OTIP.X	10556077	10559277
5017at6231	OTIP.IV	356539	361589
5019at6231	OTIP.X	4881506	4883616
5021at6231	OTIP.X	3036057	3037706
5038at6231	OTIP.III	8460756	8462901
5044at6231	OTIP.III	5713486	5714855
5045at6231	OTIP.X	5655399	5658145
5047at6231	OTIP.X	9312644	9314035
5057at6231	OTIP.V	5683625	5684657
5061at6231	OTIP.V	5280079	5281298
5062at6231	OTIP.III	8864618	8868027
5067at6231	OTIP.X	4226045	4227173
5070at6231	OTIP.I	825799	830853
5071at6231	OTIP.V	4662476	4665491
5074at6231	OTIP.III	8604105	8607954
5082at6231	OTIP.I	8608110	8609272
5083at6231	OTIP.III	4663714	4667481
5087at6231	OTIP.III	862488	864864
5088at6231	OTIP.I	5286430	5288556
5090at6231	OTIP.I	6671426	6673043
5091at6231	OTIP.III	2048666	2050235
5096at6231	OTIP.II	4616473	4618195
5103at6231	OTIP.IV	4909241	4910219
5113at6231	OTIP.V	3914607	3916297
5115at6231	OTIP.IV	172579	174336
5117at6231	OTIP.III	6263351	6271397
5127at6231	OTIP.IV	2317279	2318460
5131at6231	OTIP.III	3455634	3457241
5132at6231	OTIP.X	6577000	6578373
5135at6231	OTIP.III	3079444	3080772
5136at6231	OTIP.II	6863954	6865566
5142at6231	OTIP.I	1501957	1504322
5147at6231	OTIP.II	5443122	5444183
5156at6231	OTIP.III	7061770	7064057
5158at6231	OTIP.V	10699656	10700832
5165at6231	OTIP.V	4455679	4457978
5179at6231	OTIP.II	3162176	3163355
5188at6231	OTIP.X	4936605	4937775
5189at6231	OTIP.III	8844363	8846241
5190at6231	OTIP.IV	3420788	3421400
5191at6231	OTIP.III	122387	123804
5197at6231	OTIP.I	7731613	7734252
5198at6231	OTIP.III	3238724	3241278
5199at6231	OTIP.I	7938833	7940131
5202at6231	OTIP.I	7752181	7754691
5207at6231	OTIP.II	63343	69282
5208at6231	OTIP.V	4251143	4252772
5220at6231	OTIP.IV	309876	312601
5229at6231	OTIP.III	2662498	2664117
5240at6231	OTIP.I	4715214	4719622
5249at6231	OTIP.II	3505103	3506931
5251at6231	OTIP.III	5814861	5817029
5256at6231	OTIP.I	7382289	7383397
5261at6231	OTIP.IV	3629923	3632647
5263at6231	OTIP.IV	6005998	6007135
5268at6231	OTIP.I	1636516	1637675
5269at6231	OTIP.IV	2963092	2964295
5275at6231	OTIP.I	3728304	3729966
5276at6231	OTIP.II	502461	512355
5280at6231	OTIP.I	8428108	8438898
5283at6231	OTIP.II	7574556	7575635
5285at6231	OTIP.II	3986840	3988213
5289at6231	OTIP.V	4265314	4266379
5290at6231	OTIP.II	634695	636323
5291at6231	OTIP.III	3808144	3809659
5295at6231	OTIP.II	7698091	7699247
5297at6231	OTIP.IV	4468899	4470144
5298at6231	OTIP.X	11085118	11086293
5299at6231	OTIP.I	4475924	4478655
5305at6231	OTIP.III	5660098	5663137
5309at6231	OTIP.III	9012447	9014366
5311at6231	OTIP.I	8465869	8467699
5314at6231	OTIP.III	5499525	5500941
5318at6231	OTIP.IV	10831661	10834521
5319at6231	OTIP.X	10897436	10899159
5324at6231	OTIP.X	7426278	7427918
5330at6231	OTIP.I	8401677	8404979
5331at6231	OTIP.III	5020928	5024357
5334at6231	OTIP.III	4838179	4839562
5340at6231	OTIP.III	8072659	8075123
5342at6231	OTIP.IV	4905171	4906334
5344at6231	OTIP.X	5170313	5171314
5347at6231	OTIP.II	98472	100939
5351at6231	OTIP.II	1102202	1103573
5357at6231	OTIP.II	7373997	7378525
5363at6231	OTIP.X	7092789	7094040
5364at6231	OTIP.I	5561787	5563788
5365at6231	OTIP.I	153360	157851
5371at6231	OTIP.V	10602240	10605710
5373at6231	OTIP.X	10131025	10132914
5379at6231	OTIP.I	387101	390031
5386at6231	OTIP.I	6367295	6370067
5387at6231	OTIP.III	9567087	9571320
5392at6231	OTIP.IV	3275733	3277923
5398at6231	OTIP.X	9049290	9050775
5406at6231	OTIP.II	5228464	5229883
5408at6231	OTIP.IV	6007540	6008827
5415at6231	OTIP.II	1302397	1308007
5420at6231	OTIP.III	3072921	3073867
5434at6231	OTIP.V	7179353	7180505
5440at6231	OTIP.II	1338012	1339678
5441at6231	OTIP.V	1834000	1840713
5449at6231	OTIP.IV	10532826	10539671
5451at6231	OTIP.I	5804838	5807345
5452at6231	OTIP.II	6452461	6455338
5458at6231	OTIP.III	4203086	4204522
5465at6231	OTIP.IV	5711940	5714264
5466at6231	OTIP.I	6253645	6257496
5469at6231	OTIP.V	10088858	10097021
5470at6231	OTIP.I	7560999	7566170
5472at6231	OTIP.V	10063384	10064451
5480at6231	OTIP.V	6895068	6896232
5481at6231	OTIP.I	8177763	8178986
5482at6231	OTIP.II	7418630	7420969
5484at6231	OTIP.I	7746425	7747645
5487at6231	OTIP.V	3497715	3499158
5488at6231	OTIP.V	5368591	5370222
5490at6231	OTIP.III	9472226	9474991
5499at6231	OTIP.IV	2572609	2574361
5500at6231	OTIP.III	6763404	6764481
5501at6231	OTIP.III	3943188	3944723
5502at6231	OTIP.V	6981127	6989430
5505at6231	OTIP.I	1387895	1391516
5508at6231	OTIP.X	10790300	10796655
5510at6231	OTIP.X	8222740	8223955
5513at6231	OTIP.V	2974350	2983518
5514at6231	OTIP.I	1971476	1977633
5517at6231	OTIP.III	3489763	3491462
5521at6231	OTIP.I	5513684	5518849
5522at6231	OTIP.X	4198346	4199737
5526at6231	OTIP.IV	4542414	4544070
5535at6231	OTIP.III	4819170	4820660
5541at6231	OTIP.III	8255201	8260074
5542at6231	OTIP.I	127409	134764
5545at6231	OTIP.II	4435265	4436466
5548at6231	OTIP.V	756325	758670
5556at6231	OTIP.II	7924791	7926961
5566at6231	OTIP.I	4759871	4761140
5569at6231	OTIP.II	2400294	2401340
5572at6231	OTIP.IV	3758094	3759145
5574at6231	OTIP.II	6148926	6151779
5578at6231	OTIP.II	7304713	7305918
5579at6231	OTIP.I	5152154	5153724
5581at6231	OTIP.I	6556779	6558082
5594at6231	OTIP.V	4122349	4129302
5597at6231	OTIP.I	7072176	7073879
5598at6231	OTIP.III	2810405	2812130
5600at6231	OTIP.II	8337303	8339431
5607at6231	OTIP.III	4688339	4693233
5608at6231	OTIP.I	946783	952945
5611at6231	OTIP.I	3690678	3691546
5614at6231	OTIP.IV	1471790	1474140
5616at6231	OTIP.II	2892661	2893593
5621at6231	OTIP.I	4780815	4782248
5626at6231	OTIP.III	852756	861462
5634at6231	OTIP.V	9528353	9530834
5643at6231	OTIP.V	2802546	2807726
5647at6231	OTIP.V	5169464	5170486
5652at6231	OTIP.I	3457787	3466143
5655at6231	OTIP.I	4193712	4197066
5660at6231	OTIP.X	9026618	9029121
5671at6231	OTIP.III	3850013	3851511
5676at6231	OTIP.I	5985972	5987515
5682at6231	OTIP.II	2568627	2570556
5685at6231	OTIP.X	7973298	7974750
5693at6231	OTIP.IV	3326030	3326937
5703at6231	OTIP.I	4053470	4056193
5705at6231	OTIP.I	4842556	4845264
5707at6231	OTIP.III	6133671	6134633
5714at6231	OTIP.I	2588993	2590944
5715at6231	OTIP.I	3384882	3387939
5717at6231	OTIP.I	5265991	5267692
5718at6231	OTIP.IV	697371	703702
5726at6231	OTIP.II	1779085	1782676
5733at6231	OTIP.X	5673013	5674588
5739at6231	OTIP.II	2888630	2892006
5740at6231	OTIP.I	6282324	6283183
5741at6231	OTIP.III	1487501	1490067
5748at6231	OTIP.V	3845251	3846267
5750at6231	OTIP.II	4768559	4769655
5752at6231	OTIP.V	405185	408019
5754at6231	OTIP.V	10351963	10355638
5755at6231	OTIP.V	6325594	6329447
5761at6231	OTIP.I	5723144	5724284
5767at6231	OTIP.I	8364099	8366058
5769at6231	OTIP.III	3302616	3304057
5770at6231	OTIP.I	4757139	4758745
5771at6231	OTIP.X	4338466	4341256
5773at6231	OTIP.I	8212948	8213907
5779at6231	OTIP.II	5886343	5888015
5785at6231	OTIP.I	1450404	1452503
5787at6231	OTIP.IV	11009752	11011836
5789at6231	OTIP.I	4457956	4458916
5793at6231	OTIP.II	7743163	7744783
5799at6231	OTIP.II	8113117	8114290
5800at6231	OTIP.I	8291614	8294462
5805at6231	OTIP.IV	2637824	2638839
5806at6231	OTIP.II	5290262	5292051
5807at6231	OTIP.IV	3522331	3524496
5811at6231	OTIP.I	5267855	5269015
5812at6231	OTIP.X	4155251	4156925
5813at6231	OTIP.III	1952601	1954047
5822at6231	OTIP.II	7381553	7383900
5827at6231	OTIP.III	5687788	5688988
5833at6231	OTIP.II	775062	775986
5834at6231	OTIP.III	7060188	7061630
5839at6231	OTIP.II	3662112	3663524
5842at6231	OTIP.III	1602391	1607280
5844at6231	OTIP.IV	1608076	1610122
5849at6231	OTIP.V	6594316	6595702
5854at6231	OTIP.IV	2957663	2960627
5855at6231	OTIP.IV	1238975	1241216
5856at6231	OTIP.IV	314520	316671
5858at6231	OTIP.V	4089334	4090912
5862at6231	OTIP.II	3045482	3047423
5864at6231	OTIP.I	5279418	5280792
5868at6231	OTIP.I	4211930	4212804
5869at6231	OTIP.IV	4006586	4007529
5872at6231	OTIP.V	8763254	8765318
5875at6231	OTIP.X	9006979	9008642
5879at6231	OTIP.V	6655326	6656446
5882at6231	OTIP.III	3859036	3860236
5885at6231	OTIP.II	5743511	5745333
5888at6231	OTIP.III	4301482	4303010
5891at6231	OTIP.III	7469061	7470745
5892at6231	OTIP.II	6001123	6002939
5895at6231	OTIP.I	6339434	6340463
5901at6231	OTIP.I	2098546	2101284
5902at6231	OTIP.X	7729946	7734656
5909at6231	OTIP.V	5421314	5422374
5913at6231	OTIP.II	7342318	7343566
5915at6231	OTIP.III	9291325	9292533
5919at6231	OTIP.II	4253895	4255194
5923at6231	OTIP.V	10327513	10329309
5925at6231	OTIP.I	7343048	7344561
5928at6231	OTIP.II	8496701	8498459
5930at6231	OTIP.III	9593380	9594771
5935at6231	OTIP.X	3361720	3363897
5945at6231	OTIP.III	2800784	2803906
5947at6231	OTIP.II	5688595	5690830
5952at6231	OTIP.I	4737871	4739162
5957at6231	OTIP.I	7591348	7592782
5962at6231	OTIP.III	7366788	7367856
5965at6231	OTIP.II	5705722	5706911
5974at6231	OTIP.V	10619297	10622948
5977at6231	OTIP.III	2894209	2895473
5978at6231	OTIP.I	7120762	7122944
5979at6231	OTIP.II	1919516	1929462
5988at6231	OTIP.X	6469291	6473255
5996at6231	OTIP.X	5030570	5033536
5997at6231	OTIP.V	9743914	9746354
5999at6231	OTIP.X	462447	464933
6012at6231	OTIP.X	10503789	10504849
6021at6231	OTIP.II	7104055	7105184
6022at6231	OTIP.III	6410559	6411446
6023at6231	OTIP.I	8630535	8633189
6028at6231	OTIP.III	8750179	8753861
6031at6231	OTIP.III	3746504	3747522
6032at6231	OTIP.IV	10159551	10161650
6036at6231	OTIP.IV	3843712	3845181
6037at6231	OTIP.II	94999	98371
6041at6231	OTIP.I	7380906	7381891
6046at6231	OTIP.IV	10529714	10531597
6052at6231	OTIP.II	367064	369810
6057at6231	OTIP.IV	2549607	2550524
6060at6231	OTIP.III	5693754	5697046
6065at6231	OTIP.I	6062532	6064668
6080at6231	OTIP.III	725585	727767
6081at6231	OTIP.IV	5778064	5779880
6082at6231	OTIP.IV	275871	276864
6083at6231	OTIP.II	6509368	6510653
6102at6231	OTIP.X	3573191	3574301
6103at6231	OTIP.IV	209337	211321
6104at6231	OTIP.X	7704140	7705815
6105at6231	OTIP.IV	3169326	3170168
6106at6231	OTIP.III	2734355	2735446
6111at6231	OTIP.I	3564518	3566373
6115at6231	OTIP.II	2589985	2593878
6122at6231	OTIP.III	3042029	3042943
6127at6231	OTIP.V	1128857	1136342
6132at6231	OTIP.IV	4848851	4849662
6134at6231	OTIP.V	7204214	7205133
6137at6231	OTIP.II	5905307	5910460
6138at6231	OTIP.I	5372907	5375712
6146at6231	OTIP.II	4741183	4742412
6148at6231	OTIP.IV	4883905	4885407
6156at6231	OTIP.III	749283	752562
6167at6231	OTIP.I	1682908	1684431
6168at6231	OTIP.III	7146375	7149146
6172at6231	OTIP.III	2692169	2693155
6176at6231	OTIP.IV	2840029	2841366
6182at6231	OTIP.IV	4775518	4776390
6192at6231	OTIP.IV	4460128	4463060
6193at6231	OTIP.I	5401557	5403242
6195at6231	OTIP.IV	2306435	2307522
6197at6231	OTIP.X	4097781	4100031
6202at6231	OTIP.II	1828024	1834415
6207at6231	OTIP.I	8483330	8484152
6209at6231	OTIP.X	2686246	2687539
6210at6231	OTIP.I	8028315	8032691
6214at6231	OTIP.I	2944523	2946866
6218at6231	OTIP.V	5353718	5355158
6222at6231	OTIP.IV	219372	222744
6224at6231	OTIP.I	6939407	6941897
6234at6231	OTIP.IV	4155959	4159316
6237at6231	OTIP.I	2064336	2066610
6240at6231	OTIP.I	3182455	3183339
6246at6231	OTIP.I	8422996	8425612
6250at6231	OTIP.II	6103005	6104003
6254at6231	OTIP.II	3376131	3378957
6265at6231	OTIP.X	9358884	9360292
6268at6231	OTIP.IV	4929336	4935139
6269at6231	OTIP.III	5412669	5413706
6270at6231	OTIP.I	3637287	3638329
6282at6231	OTIP.III	3689575	3690250
6299at6231	OTIP.I	6374703	6378210
6300at6231	OTIP.V	4424201	4425416
6302at6231	OTIP.III	7994264	7995616
6303at6231	OTIP.X	10634166	10635165
6305at6231	OTIP.II	565761	567625
6309at6231	OTIP.III	1250748	1252265
6310at6231	OTIP.III	2744692	2745545
6311at6231	OTIP.II	6778509	6780397
6318at6231	OTIP.III	6797596	6801590
6328at6231	OTIP.II	6557653	6560608
6333at6231	OTIP.V	3928868	3930759
6338at6231	OTIP.III	9187820	9192053
6348at6231	OTIP.V	4725380	4726641
6350at6231	OTIP.I	3857575	3861693
6359at6231	OTIP.IV	5198029	5199161
6360at6231	OTIP.I	3911410	3913985
6364at6231	OTIP.I	6139788	6145642
6366at6231	OTIP.III	3741353	3742678
6374at6231	OTIP.IV	4267489	4268424
6379at6231	OTIP.II	3799506	3801252
6387at6231	OTIP.X	8463435	8465460
6415at6231	OTIP.III	6432250	6434616
6418at6231	OTIP.III	2105826	2110694
6423at6231	OTIP.X	3439862	3446133
6427at6231	OTIP.II	8724271	8725787
6434at6231	OTIP.IV	4265954	4267348
6438at6231	OTIP.V	3130478	3135155
6439at6231	OTIP.X	11171137	11174745
6440at6231	OTIP.I	7917326	7918954
6448at6231	OTIP.I	2061342	2062601
6451at6231	OTIP.II	7238423	7240207
6462at6231	OTIP.III	6136873	6138404
6476at6231	OTIP.I	8214627	8216974
6479at6231	OTIP.V	9441074	9443130
6481at6231	OTIP.V	4295274	4296738
6482at6231	OTIP.II	7200139	7202583
6487at6231	OTIP.II	5233854	5234788
6496at6231	OTIP.I	8595548	8598148
6503at6231	OTIP.V	8600876	8602369
6507at6231	OTIP.III	6182789	6184039
6514at6231	OTIP.X	4408111	4409866
6523at6231	OTIP.V	30846	33411
6532at6231	OTIP.II	3462058	3464714
6538at6231	OTIP.III	5160383	5162801
6551at6231	OTIP.III	2326628	2331963
6553at6231	OTIP.III	4057088	4058910
6557at6231	OTIP.II	1277298	1279634
6566at6231	OTIP.III	4599002	4601518
6569at6231	OTIP.III	7441781	7443162
6570at6231	OTIP.V	4203224	4206122
6571at6231	OTIP.III	38903	41375
6590at6231	OTIP.I	8149978	8151715
6594at6231	OTIP.V	714319	718709
6597at6231	OTIP.I	4989385	4990522
6599at6231	OTIP.III	8939068	8941753
6600at6231	OTIP.III	5760637	5763139
6610at6231	OTIP.III	293327	294252
6614at6231	OTIP.II	4506551	4507812
6628at6231	OTIP.III	2814330	2815489
6630at6231	OTIP.III	8903169	8905078
6634at6231	OTIP.V	9702821	9704788
6635at6231	OTIP.IV	4397286	4398207
6637at6231	OTIP.V	6099856	6101120
6642at6231	OTIP.I	4142625	4144539
6643at6231	OTIP.II	3106942	3112397
6649at6231	OTIP.II	4773352	4774444
6652at6231	OTIP.II	3793185	3793975
6653at6231	OTIP.V	7180887	7181973
6662at6231	OTIP.V	3743744	3746358
6666at6231	OTIP.I	1391726	1393216
6671at6231	OTIP.IV	2662227	2663497
6673at6231	OTIP.I	8570264	8571682
6675at6231	OTIP.I	4689315	4690405
6678at6231	OTIP.I	5016698	5017756
6679at6231	OTIP.III	3105937	3106841
6683at6231	OTIP.V	8945428	8947054
6686at6231	OTIP.I	3759708	3761541
6687at6231	OTIP.X	3028210	3029789
6689at6231	OTIP.II	4486101	4487144
6693at6231	OTIP.X	8863099	8871041
6703at6231	OTIP.I	6877180	6878881
6704at6231	OTIP.IV	2951720	2953409
6706at6231	OTIP.I	8850381	8853159
6707at6231	OTIP.III	5289634	5290591
6708at6231	OTIP.IV	4408249	4409010
6709at6231	OTIP.II	1761337	1763350
6711at6231	OTIP.IV	2929628	2930596
6716at6231	OTIP.X	10309561	10310767
6723at6231	OTIP.V	3839304	3840426
6725at6231	OTIP.X	5485974	5487073
6736at6231	OTIP.IV	566945	568034
6740at6231	OTIP.IV	3994324	3997479
6743at6231	OTIP.V	6404561	6405438
6745at6231	OTIP.X	2414522	2415939
6747at6231	OTIP.I	6102592	6103907
6752at6231	OTIP.II	4247858	4251117
6753at6231	OTIP.V	6271441	6272269
6756at6231	OTIP.IV	5071393	5073526
6757at6231	OTIP.X	9712831	9714049
6764at6231	OTIP.III	4583789	4584846
6765at6231	OTIP.III	80623	81973
6766at6231	OTIP.II	7820878	7823657
6768at6231	OTIP.I	4673796	4675151
6772at6231	OTIP.III	6773155	6774435
6777at6231	OTIP.X	4188893	4191273
6778at6231	OTIP.II	2363729	2367638
6783at6231	OTIP.V	5260637	5261922
6794at6231	OTIP.III	5813639	5814634
6806at6231	OTIP.X	10202237	10203120
6812at6231	OTIP.III	1180276	1181844
6813at6231	OTIP.III	8756387	8757469
6815at6231	OTIP.I	5826247	5827409
6816at6231	OTIP.V	3660454	3665772
6826at6231	OTIP.II	7928284	7934865
6827at6231	OTIP.I	985702	993917
6830at6231	OTIP.III	6823320	6824419
6833at6231	OTIP.X	8397512	8399463
6835at6231	OTIP.III	2698605	2700039
6843at6231	OTIP.II	3951823	3952530
6846at6231	OTIP.X	4772245	4773787
6848at6231	OTIP.III	6319214	6319652
6851at6231	OTIP.II	3663596	3664567
6857at6231	OTIP.IV	242231	245366
6860at6231	OTIP.III	4420772	4421539
6861at6231	OTIP.V	10084612	10085693
6862at6231	OTIP.III	2577092	2578111
6875at6231	OTIP.I	5708797	5710443
6876at6231	OTIP.IV	6463717	6465630
6877at6231	OTIP.III	3867530	3871506
6879at6231	OTIP.V	1200315	1203761
6880at6231	OTIP.I	2522557	2523285
6888at6231	OTIP.IV	6871863	6872918
6896at6231	OTIP.III	5024390	5025930
6898at6231	OTIP.II	262389	263676
6900at6231	OTIP.IV	2930728	2932318
6902at6231	OTIP.V	4790406	4792267
6907at6231	OTIP.X	10563014	10566304
6910at6231	OTIP.II	4153908	4155356
6914at6231	OTIP.IV	4001592	4002506
6917at6231	OTIP.II	5964107	5964962
6919at6231	OTIP.II	5775108	5776573
6921at6231	OTIP.V	10019121	10021087
6924at6231	OTIP.V	3592039	3594377
6932at6231	OTIP.IV	3313192	3317572
6935at6231	OTIP.II	3696341	3698259
6937at6231	OTIP.I	7341606	7342870
6938at6231	OTIP.II	862313	863699
6942at6231	OTIP.IV	4497343	4498252
6943at6231	OTIP.IV	4910419	4911256
6945at6231	OTIP.V	10594409	10595884
6946at6231	OTIP.I	8469781	8473387
6949at6231	OTIP.III	7268511	7270421
6960at6231	OTIP.IV	5882735	5884265
6967at6231	OTIP.III	7042936	7044050
6977at6231	OTIP.I	1515970	1517165
6979at6231	OTIP.V	7355052	7356856
6984at6231	OTIP.III	6655012	6656297
6986at6231	OTIP.III	7149265	7151990
6989at6231	OTIP.I	3235451	3238670
6991at6231	OTIP.I	8012286	8018600
6994at6231	OTIP.III	5165913	5167004
6998at6231	OTIP.II	4684976	4686439
7002at6231	OTIP.I	1222680	1223468
7003at6231	OTIP.V	9835360	9836898
7004at6231	OTIP.I	5381589	5382436
7005at6231	OTIP.I	1592985	1593702
7007at6231	OTIP.I	7123458	7127299
7008at6231	OTIP.III	3422380	3422980
7009at6231	OTIP.I	3817938	3818750
7010at6231	OTIP.II	6580333	6582166
7012at6231	OTIP.II	6968956	6970499
7020at6231	OTIP.II	4322023	4323025
7026at6231	OTIP.II	3902545	3904359
7029at6231	OTIP.IV	353419	355608
7033at6231	OTIP.X	7048199	7049637
7045at6231	OTIP.III	2888275	2889256
7046at6231	OTIP.III	1082479	1083701
7056at6231	OTIP.X	3983751	3984863
7061at6231	OTIP.II	7236418	7238051
7063at6231	OTIP.III	3180798	3182422
7068at6231	OTIP.I	3749120	3750162
7071at6231	OTIP.II	5752490	5755292
7076at6231	OTIP.IV	1985512	1989986
7082at6231	OTIP.III	2122435	2125382
7086at6231	OTIP.IV	3419714	3420700
7089at6231	OTIP.I	7316595	7317337
7092at6231	OTIP.I	5717448	5720691
7094at6231	OTIP.V	9063249	9065075
7106at6231	OTIP.III	370452	374821
7108at6231	OTIP.IV	5552489	5558763
7109at6231	OTIP.II	8505672	8508863
7110at6231	OTIP.V	7032558	7033329
7116at6231	OTIP.V	9491415	9492137
7119at6231	OTIP.I	4540545	4541853
7123at6231	OTIP.I	6336502	6337406
7125at6231	OTIP.IV	3187263	3188227
7127at6231	OTIP.V	753980	755522
7130at6231	OTIP.IV	2968179	2969248
7146at6231	OTIP.I	6591887	6593122
7148at6231	OTIP.I	507188	510396
7151at6231	OTIP.III	6507659	6509424
7157at6231	OTIP.I	7913133	7914060
7161at6231	OTIP.X	2506457	2507817
7163at6231	OTIP.V	3909383	3913158
7169at6231	OTIP.III	5434213	5435012
7170at6231	OTIP.X	10873402	10874821
7172at6231	OTIP.I	7708398	7710375
7175at6231	OTIP.III	2082092	2083627
7182at6231	OTIP.X	8534482	8545174
7183at6231	OTIP.II	8931134	8933519
7187at6231	OTIP.X	7486042	7488352
7196at6231	OTIP.IV	3802865	3804345
7197at6231	OTIP.I	8290510	8291483
7201at6231	OTIP.V	3404739	3407827
7202at6231	OTIP.IV	3660645	3661321
7205at6231	OTIP.IV	4195060	4195896
7210at6231	OTIP.II	5634054	5635535
7212at6231	OTIP.X	3632502	3633854
7213at6231	OTIP.IV	4283922	4284883
7216at6231	OTIP.III	377447	378607
7220at6231	OTIP.IV	1227452	1234819
7223at6231	OTIP.II	7340504	7341826
7224at6231	OTIP.IV	709229	711149
7225at6231	OTIP.III	3052064	3052905
7230at6231	OTIP.V	10073316	10074328
7232at6231	OTIP.I	8545604	8546623
7246at6231	OTIP.IV	3074825	3077077
7250at6231	OTIP.V	6876996	6878609
7251at6231	OTIP.II	7480078	7480849
7252at6231	OTIP.V	6101467	6104995
7258at6231	OTIP.I	5679292	5681579
7260at6231	OTIP.I	7930054	7932358
7264at6231	OTIP.IV	4066342	4067141
7265at6231	OTIP.III	8948964	8949636
7266at6231	OTIP.III	9543511	9545371
7269at6231	OTIP.V	6701944	6702796
7275at6231	OTIP.II	915365	916583
7278at6231	OTIP.I	1510231	1511610
7279at6231	OTIP.V	8995628	8997407
7280at6231	OTIP.I	7415985	7416866
7285at6231	OTIP.II	6086845	6089627
7286at6231	OTIP.III	7745268	7747220
7287at6231	OTIP.II	8529065	8529843
7288at6231	OTIP.I	5409079	5409760
7292at6231	OTIP.I	5158566	5159642
7293at6231	OTIP.III	4842682	4849700
7299at6231	OTIP.I	6427203	6435792
7301at6231	OTIP.X	10147740	10154156
7302at6231	OTIP.X	6372167	6373555
7305at6231	OTIP.I	36343	37401
7311at6231	OTIP.II	3742449	3743438
7318at6231	OTIP.X	9292702	9294352
7319at6231	OTIP.I	6675219	6676526
7322at6231	OTIP.III	8834465	8836949
7325at6231	OTIP.X	8079100	8080222
7327at6231	OTIP.V	9742240	9743400
7328at6231	OTIP.X	5133693	5134488
7330at6231	OTIP.III	7443536	7444558
7340at6231	OTIP.X	9143835	9145225
7345at6231	OTIP.I	6250151	6251147
7347at6231	OTIP.V	10420018	10420797
7351at6231	OTIP.I	872088	873504
7352at6231	OTIP.I	5175137	5175878
7363at6231	OTIP.III	7209812	7210672
7367at6231	OTIP.I	6338387	6339205
7371at6231	OTIP.III	6802103	6802897
7381at6231	OTIP.III	7995772	7997803
7384at6231	OTIP.II	4042728	4044209
7385at6231	OTIP.I	3765921	3767215
7393at6231	OTIP.IV	1860278	1863591
7401at6231	OTIP.IV	2694643	2695451
7402at6231	OTIP.I	5264988	5265792
7416at6231	OTIP.I	894455	897769
7418at6231	OTIP.I	3093307	3095476
7422at6231	OTIP.III	866245	873606
7423at6231	OTIP.X	3265694	3267107
7430at6231	OTIP.I	1736561	1738048
7447at6231	OTIP.IV	3612576	3614226
7449at6231	OTIP.X	10280847	10282182
7460at6231	OTIP.IV	3414941	3416406
7473at6231	OTIP.II	7694925	7695460
7475at6231	OTIP.II	3660095	3661787
7476at6231	OTIP.I	7210583	7211424
7478at6231	OTIP.V	6687746	6688612
7480at6231	OTIP.II	617581	619299
7481at6231	OTIP.V	9501819	9504004
7486at6231	OTIP.I	4185736	4190866
7492at6231	OTIP.I	5495834	5499557
7500at6231	OTIP.IV	4511811	4512473
7507at6231	OTIP.X	8024401	8025391
7511at6231	OTIP.V	6863880	6865500
7519at6231	OTIP.X	2738520	2741591
7520at6231	OTIP.IV	11074407	11075409
7524at6231	OTIP.II	5232444	5233091
7525at6231	OTIP.I	4918362	4919332
7526at6231	OTIP.IV	5740514	5742674
7528at6231	OTIP.I	694519	695454
7540at6231	OTIP.X	10451621	10455541
7546at6231	OTIP.I	1733777	1734760
7555at6231	OTIP.I	3822488	3823419
7557at6231	OTIP.III	4018186	4019505
7558at6231	OTIP.I	3233016	3233667
7560at6231	OTIP.IV	1509205	1518927
7561at6231	OTIP.X	9746692	9747955
7565at6231	OTIP.III	3562483	3563304
7566at6231	OTIP.V	6041462	6043422
7573at6231	OTIP.I	5183368	5184049
7586at6231	OTIP.V	4028068	4029962
7591at6231	OTIP.I	2183882	2184735
7601at6231	OTIP.X	6931029	6931716
7606at6231	OTIP.X	7529264	7531478
7615at6231	OTIP.I	6080302	6082955
7617at6231	OTIP.X	8090845	8095309
7626at6231	OTIP.I	3937500	3943516
7627at6231	OTIP.I	2571816	2573487
7628at6231	OTIP.II	7093561	7096114
7633at6231	OTIP.V	6799629	6800484
7637at6231	OTIP.II	1310917	1315690
7651at6231	OTIP.II	1369048	1370017
7662at6231	OTIP.IV	4279114	4283151
7663at6231	OTIP.I	4741703	4742905
7664at6231	OTIP.IV	4851087	4851741
7665at6231	OTIP.IV	3800615	3801258
7669at6231	OTIP.III	3257382	3259683
7670at6231	OTIP.V	6220817	6221745
7674at6231	OTIP.IV	303349	304601
7678at6231	OTIP.III	5756279	5757705
7681at6231	OTIP.I	7071105	7072083
7689at6231	OTIP.V	7343569	7344418
7696at6231	OTIP.IV	3146489	3147743
7697at6231	OTIP.III	7544130	7547627
7698at6231	OTIP.IV	1035421	1037838
7701at6231	OTIP.V	4890863	4892948
7702at6231	OTIP.II	3178726	3179638
7703at6231	OTIP.III	8383732	8385094
7706at6231	OTIP.V	9460372	9461618
7707at6231	OTIP.I	8372447	8374882
7713at6231	OTIP.X	9306577	9309072
7716at6231	OTIP.III	5164731	5165362
7720at6231	OTIP.III	2881423	2882481
7729at6231	OTIP.IV	2942511	2943268
7738at6231	OTIP.I	8043868	8045353
7752at6231	OTIP.X	10747943	10749620
7761at6231	OTIP.III	4859953	4863711
7763at6231	OTIP.V	10596214	10597317
7764at6231	OTIP.III	7368933	7370127
7788at6231	OTIP.I	1009092	1010813
7795at6231	OTIP.I	4229842	4231383
7800at6231	OTIP.II	4770378	4773052
7806at6231	OTIP.II	7189638	7192186
7810at6231	OTIP.X	4601640	4602489
7811at6231	OTIP.V	6957061	6959134
7814at6231	OTIP.I	5748886	5750067
7824at6231	OTIP.II	867328	871974
7825at6231	OTIP.II	4684215	4684823
7829at6231	OTIP.II	6524474	6525378
7830at6231	OTIP.V	10289474	10291859
7839at6231	OTIP.II	3807331	3808066
7845at6231	OTIP.V	10079355	10081856
7847at6231	OTIP.X	3547473	3548153
7849at6231	OTIP.I	6212421	6213500
7851at6231	OTIP.I	8136505	8139853
7866at6231	OTIP.I	7677208	7680760
7884at6231	OTIP.I	2524073	2526135
7889at6231	OTIP.III	5000167	5000765
7891at6231	OTIP.V	10064626	10065517
7895at6231	OTIP.IV	9941695	9943538
7899at6231	OTIP.X	8756829	8758103
7900at6231	OTIP.III	6774685	6776121
7912at6231	OTIP.IV	774879	775794
7913at6231	OTIP.III	3256629	3257238
7921at6231	OTIP.III	8511279	8513158
7926at6231	OTIP.III	2273115	2275194
7927at6231	OTIP.III	4852178	4855320
7943at6231	OTIP.I	7495550	7497095
7954at6231	OTIP.III	5172485	5173286
7955at6231	OTIP.II	647600	649618
7956at6231	OTIP.V	6642871	6643677
7961at6231	OTIP.II	5145570	5146372
7970at6231	OTIP.X	6713845	6714838
7975at6231	OTIP.IV	3061973	3070432
7983at6231	OTIP.IV	5508613	5510739
7987at6231	OTIP.II	554186	556659
7991at6231	OTIP.III	4365741	4366577
7992at6231	OTIP.IV	1528045	1529466
7993at6231	OTIP.III	5240793	5241551
8002at6231	OTIP.I	6903542	6904156
8005at6231	OTIP.I	3701161	3701880
8006at6231	OTIP.III	1621396	1623720
8007at6231	OTIP.V	6816539	6817176
8009at6231	OTIP.III	2374660	2376764
8019at6231	OTIP.III	5158297	5158929
8020at6231	OTIP.V	3871509	3872204
8021at6231	OTIP.III	641340	642479
8025at6231	OTIP.II	8716078	8717543
8033at6231	OTIP.V	2245118	2245993
8036at6231	OTIP.I	5745720	5746664
8037at6231	OTIP.III	1050274	1053075
8040at6231	OTIP.I	3654251	3655253
8044at6231	OTIP.X	6298071	6299875
8052at6231	OTIP.III	8503101	8504230
8055at6231	OTIP.I	7745549	7746349
8058at6231	OTIP.I	2767583	2769847
8060at6231	OTIP.V	4080099	4080928
8068at6231	OTIP.II	615641	617389
8072at6231	OTIP.II	8334429	8337202
8073at6231	OTIP.IV	4633811	4635656
8081at6231	OTIP.II	7174836	7178036
8084at6231	OTIP.IV	3192906	3196564
8086at6231	OTIP.X	3477581	3479525
8087at6231	OTIP.I	8557654	8560631
8088at6231	OTIP.I	1545322	1546602
8090at6231	OTIP.V	5861575	5864586
8093at6231	OTIP.II	7612470	7614278
8094at6231	OTIP.I	3953563	3955192
8097at6231	OTIP.II	5282717	5284420
8107at6231	OTIP.IV	3554502	3562976
8110at6231	OTIP.I	6154075	6155159
8116at6231	OTIP.II	6268757	6273366
8117at6231	OTIP.X	10993603	10995304
8121at6231	OTIP.I	6092756	6094139
8124at6231	OTIP.II	2578401	2580046
8128at6231	OTIP.V	7007663	7008934
8130at6231	OTIP.III	7306429	7308686
8131at6231	OTIP.III	4271640	4274178
8132at6231	OTIP.X	7765157	7769257
8139at6231	OTIP.V	9377042	9378118
8153at6231	OTIP.III	4735957	4737653
8155at6231	OTIP.III	5250455	5251132
8156at6231	OTIP.V	10050425	10051016
8183at6231	OTIP.X	5360831	5361799
8184at6231	OTIP.III	230316	231241
8187at6231	OTIP.IV	9960658	9961367
8190at6231	OTIP.II	3180176	3182756
8194at6231	OTIP.I	4527548	4529834
8195at6231	OTIP.I	6954200	6956178
8207at6231	OTIP.X	3212689	3213883
8215at6231	OTIP.X	4352574	4353314
8219at6231	OTIP.V	8602699	8604244
8221at6231	OTIP.IV	775994	782702
8225at6231	OTIP.I	5212564	5213765
8228at6231	OTIP.III	3822853	3823409
8229at6231	OTIP.III	5848260	5848935
8231at6231	OTIP.I	4220129	4221420
8234at6231	OTIP.V	633439	635860
8238at6231	OTIP.V	10606593	10607860
8246at6231	OTIP.III	8537919	8545349
8249at6231	OTIP.III	3176496	3177849
8250at6231	OTIP.IV	3140405	3141231
8258at6231	OTIP.X	10433979	10436286
8273at6231	OTIP.III	9304378	9316477
8275at6231	OTIP.IV	7676159	7676806
8280at6231	OTIP.I	233319	240739
8282at6231	OTIP.V	10066145	10068623
8283at6231	OTIP.I	4783484	4784506
8288at6231	OTIP.IV	1846532	1849185
8294at6231	OTIP.II	4434206	4435078
8295at6231	OTIP.II	5147102	5147942
8300at6231	OTIP.IV	3703053	3703612
8301at6231	OTIP.V	7376138	7377843
8304at6231	OTIP.V	6282980	6283682
8309at6231	OTIP.V	5717657	5719175
8312at6231	OTIP.II	8451595	8458245
8314at6231	OTIP.III	4085168	4086075
8316at6231	OTIP.III	4641588	4642678
8317at6231	OTIP.II	6197206	6198200
8328at6231	OTIP.I	2766351	2766795
8329at6231	OTIP.I	4037951	4038493
8337at6231	OTIP.III	5031096	5033166
8340at6231	OTIP.IV	5423747	5425614
8342at6231	OTIP.I	5132182	5132944
8344at6231	OTIP.IV	4736957	4738264
8348at6231	OTIP.II	306815	310106
8361at6231	OTIP.IV	190422	190960
8363at6231	OTIP.V	4409982	4410636
8377at6231	OTIP.X	8111316	8112691
8379at6231	OTIP.III	3139733	3141505
8383at6231	OTIP.IV	3379788	3380883
8386at6231	OTIP.III	8644401	8647510
8392at6231	OTIP.I	662768	664062
8395at6231	OTIP.III	7466484	7468051
8399at6231	OTIP.II	8867403	8868562
8408at6231	OTIP.IV	4880090	4880619
8417at6231	OTIP.I	3809726	3811337
8422at6231	OTIP.IV	8964164	8965121
8433at6231	OTIP.II	6366633	6367432
8446at6231	OTIP.I	3719197	3719821
8447at6231	OTIP.III	9067717	9068806
8448at6231	OTIP.I	8279417	8280038
8449at6231	OTIP.IV	3977903	3978593
8450at6231	OTIP.IV	10182669	10183313
8452at6231	OTIP.IV	4805072	4805892
8453at6231	OTIP.IV	9936972	9938382
8456at6231	OTIP.X	222948	224443
8457at6231	OTIP.III	4172013	4172846
8467at6231	OTIP.X	3479769	3480960
8471at6231	OTIP.I	2251051	2252806
8473at6231	OTIP.II	3297881	3298870
8476at6231	OTIP.III	2806465	2807118
8478at6231	OTIP.V	2243273	2243903
8480at6231	OTIP.I	5712802	5713422
8482at6231	OTIP.I	7748125	7748845
8486at6231	OTIP.II	240043	242120
8491at6231	OTIP.IV	8937974	8939088
8492at6231	OTIP.II	7589144	7591168
8494at6231	OTIP.X	4036752	4045759
8506at6231	OTIP.I	2528911	2530579
8508at6231	OTIP.X	6462450	6463468
8511at6231	OTIP.IV	10505430	10508715
8517at6231	OTIP.III	2372118	2372616
8518at6231	OTIP.V	8833919	8834528
8519at6231	OTIP.III	5462236	5462840
8522at6231	OTIP.III	5763445	5764302
8545at6231	OTIP.IV	10646948	10650796
8552at6231	OTIP.X	8603842	8604825
8561at6231	OTIP.X	9139281	9142034
8565at6231	OTIP.V	3776856	3777777
8569at6231	OTIP.V	3714187	3714724
8577at6231	OTIP.V	9459739	9460293
8579at6231	OTIP.III	7078092	7080816
8581at6231	OTIP.V	9284603	9286165
8588at6231	OTIP.IV	8139266	8141208
8595at6231	OTIP.III	5893245	5897208
8601at6231	OTIP.V	4706642	4707462
8603at6231	OTIP.I	8612475	8615642
8604at6231	OTIP.X	10040371	10043876
8614at6231	OTIP.I	5199701	5201309
8615at6231	OTIP.V	6699894	6700561
8618at6231	OTIP.II	5278415	5279616
8622at6231	OTIP.III	4524194	4524938
8636at6231	OTIP.I	3633208	3636521
8639at6231	OTIP.II	827410	834889
8643at6231	OTIP.I	6972359	6973049
8647at6231	OTIP.V	3619922	3620644
8664at6231	OTIP.X	8010938	8012541
8669at6231	OTIP.IV	9548771	9549772
8675at6231	OTIP.IV	2669775	2674383
8676at6231	OTIP.X	4295005	4295895
8679at6231	OTIP.III	3969687	3972106
8687at6231	OTIP.III	3497673	3499371
8691at6231	OTIP.I	193075	196654
8692at6231	OTIP.V	5398201	5399318
8700at6231	OTIP.I	6631458	6637355
8708at6231	OTIP.V	10331545	10333062
8712at6231	OTIP.I	6819499	6820696
8714at6231	OTIP.III	6941665	6944083
8732at6231	OTIP.V	9057172	9058775
8736at6231	OTIP.V	3624473	3625578
8737at6231	OTIP.X	5848299	5849917
8739at6231	OTIP.II	2804570	2808208
8742at6231	OTIP.III	291358	292004
8746at6231	OTIP.X	2557444	2558285
8749at6231	OTIP.I	8575911	8577442
8750at6231	OTIP.IV	3947830	3948623
8753at6231	OTIP.III	3545763	3546862
8755at6231	OTIP.II	4012874	4013378
8767at6231	OTIP.IV	5531419	5533620
8774at6231	OTIP.I	3326799	3330672
8776at6231	OTIP.I	4896269	4901877
8777at6231	OTIP.I	5477885	5478397
8780at6231	OTIP.I	8333269	8336860
8781at6231	OTIP.II	7938546	7940760
8796at6231	OTIP.IV	4468159	4468743
8799at6231	OTIP.IV	2266417	2268017
8802at6231	OTIP.IV	4132915	4134319
8807at6231	OTIP.V	6062667	6066391
8810at6231	OTIP.IV	10551022	10553285
8817at6231	OTIP.III	6071614	6072381
8827at6231	OTIP.IV	4004541	4005125
8834at6231	OTIP.I	2260942	2262037
8837at6231	OTIP.I	4153529	4154074
8842at6231	OTIP.V	5535719	5539096
8850at6231	OTIP.V	9687023	9689624
8855at6231	OTIP.II	1034953	1037535
8856at6231	OTIP.V	9492674	9494854
8862at6231	OTIP.I	5098904	5102145
8866at6231	OTIP.V	882827	887333
8869at6231	OTIP.II	5577214	5578548
8878at6231	OTIP.III	5456770	5457745
8879at6231	OTIP.X	8379618	8384574
8888at6231	OTIP.X	10604244	10605090
8889at6231	OTIP.II	3647839	3648833
8897at6231	OTIP.III	8004729	8020134
8902at6231	OTIP.V	6815846	6816397
8914at6231	OTIP.I	108865	111605
8917at6231	OTIP.I	3404527	3407582
8926at6231	OTIP.II	122615	124957
8934at6231	OTIP.III	5035522	5036230
8946at6231	OTIP.III	9356060	9356591
8949at6231	OTIP.I	1393724	1394282
8958at6231	OTIP.II	7309267	7310697
8969at6231	OTIP.II	6612251	6613001
8983at6231	OTIP.II	5344425	5344950
8994at6231	OTIP.V	6911786	6914024
9000at6231	OTIP.II	304423	306354
9003at6231	OTIP.V	6401050	6401613
9005at6231	OTIP.III	6495213	6497349
9014at6231	OTIP.I	1818841	1819359
9019at6231	OTIP.V	450758	451672
9039at6231	OTIP.V	6725748	6730664
9040at6231	OTIP.X	5545595	5548185
9041at6231	OTIP.II	73258	75923
9042at6231	OTIP.IV	3053037	3054051
9048at6231	OTIP.II	8824320	8826002
9049at6231	OTIP.III	8020367	8021455
9051at6231	OTIP.IV	9567086	9568420
9055at6231	OTIP.X	6421464	6423528
9059at6231	OTIP.V	493736	495807
9060at6231	OTIP.I	58353	60497
9066at6231	OTIP.III	9409174	9411704
9072at6231	OTIP.IV	3604531	3605871
9077at6231	OTIP.III	5260055	5261565
9079at6231	OTIP.X	4695479	4696891
9081at6231	OTIP.I	7236055	7236848
9082at6231	OTIP.II	976919	978049
9092at6231	OTIP.I	3958259	3964961
9097at6231	OTIP.II	3808535	3809221
9098at6231	OTIP.III	4005814	4006408
9118at6231	OTIP.III	3046409	3047050
9120at6231	OTIP.I	2561002	2562266
9125at6231	OTIP.IV	3172127	3173454
9126at6231	OTIP.III	6008720	6009309
9150at6231	OTIP.III	9392785	9393398
9163at6231	OTIP.II	8684840	8685345
9164at6231	OTIP.III	8776617	8778127
9170at6231	OTIP.III	3910902	3913861
9173at6231	OTIP.V	7249913	7250332
9183at6231	OTIP.X	4996418	4997526
9186at6231	OTIP.V	4671464	4672198
9187at6231	OTIP.IV	2707604	2708405
9188at6231	OTIP.X	4310759	4326401
9192at6231	OTIP.V	4172302	4173514
9200at6231	OTIP.IV	3663409	3663911
9206at6231	OTIP.I	7209919	7210486
9213at6231	OTIP.I	3211087	3212142
9221at6231	OTIP.IV	3641252	3642546
9229at6231	OTIP.I	2541871	2542500
9236at6231	OTIP.III	5391417	5398310
9240at6231	OTIP.IV	5485941	5489705
9243at6231	OTIP.III	8594531	8603510
9244at6231	OTIP.III	8858274	8859246
9253at6231	OTIP.III	2362809	2364040
9257at6231	OTIP.IV	3020192	3021645
9260at6231	OTIP.I	7432914	7433392
9262at6231	OTIP.I	6649706	6650185
9264at6231	OTIP.II	90974	91787
9270at6231	OTIP.IV	3188395	3189543
9275at6231	OTIP.IV	10115241	10117428
9277at6231	OTIP.X	7066178	7073309
9278at6231	OTIP.IV	153411	154823
9279at6231	OTIP.IV	4544137	4545055
9280at6231	OTIP.IV	2423851	2425346
9287at6231	OTIP.III	7326619	7330701
9289at6231	OTIP.X	5052365	5053090
9299at6231	OTIP.X	2498572	2501536
9300at6231	OTIP.X	8928563	8929007
9321at6231	OTIP.II	128114	134193
9327at6231	OTIP.V	5924224	5927812
9328at6231	OTIP.III	4405502	4407915
9329at6231	OTIP.III	3655342	3657372
9332at6231	OTIP.III	4774175	4774713
9333at6231	OTIP.I	4762856	4763689
9335at6231	OTIP.I	6545176	6546175
9339at6231	OTIP.III	4684108	4685665
9343at6231	OTIP.I	5469117	5470142
9354at6231	OTIP.III	6151713	6153503
9367at6231	OTIP.I	8469172	8469616
9386at6231	OTIP.I	4791454	4796129
9387at6231	OTIP.II	1038385	1038743
9390at6231	OTIP.V	265512	267108
9393at6231	OTIP.V	5262383	5263478
9403at6231	OTIP.III	292246	292737
9408at6231	OTIP.III	4306333	4310648
9411at6231	OTIP.II	7195968	7197205
9425at6231	OTIP.I	8234048	8255229
9436at6231	OTIP.V	8494619	8497558
9440at6231	OTIP.I	6637816	6638751
9441at6231	OTIP.III	3890208	3890748
9447at6231	OTIP.I	5214602	5215376
9448at6231	OTIP.V	4296927	4297699
9451at6231	OTIP.III	7099408	7102740
9453at6231	OTIP.IV	3728965	3730624
9463at6231	OTIP.X	4138424	4139161
9466at6231	OTIP.IV	10999786	11000806
9467at6231	OTIP.V	3324074	3329006
9478at6231	OTIP.II	5505252	5506045
9486at6231	OTIP.III	8857064	8858232
9489at6231	OTIP.IV	3408503	3410090
9491at6231	OTIP.I	3202300	3202778
9494at6231	OTIP.I	2892146	2893003
9499at6231	OTIP.X	5538008	5538999
9500at6231	OTIP.III	4316333	4319691
9504at6231	OTIP.III	3017776	3018614
9512at6231	OTIP.III	9402632	9404266
9515at6231	OTIP.III	4023645	4024079
9516at6231	OTIP.II	7178468	7181366
9526at6231	OTIP.I	7588022	7589126
9528at6231	OTIP.III	382268	387961
9532at6231	OTIP.V	10072354	10072770
9534at6231	OTIP.III	2078628	2081821
9541at6231	OTIP.IV	3867597	3868085
9543at6231	OTIP.III	9427223	9428767
9547at6231	OTIP.V	6180961	6182179
9548at6231	OTIP.III	5708146	5708659
9551at6231	OTIP.V	5436094	5437271
9555at6231	OTIP.IV	2875595	2877752
9559at6231	OTIP.I	3343203	3343697
9563at6231	OTIP.III	6839327	6840199
9564at6231	OTIP.I	8426275	8426975
9574at6231	OTIP.III	4034902	4037911
9579at6231	OTIP.II	6985128	6985653
9582at6231	OTIP.II	3213854	3214304
9588at6231	OTIP.V	6859516	6860133
9611at6231	OTIP.III	5039952	5042292
9613at6231	OTIP.X	9788912	9789571
9614at6231	OTIP.V	6965587	6966398
9615at6231	OTIP.I	5197881	5198432
9618at6231	OTIP.III	4771221	4771676
9627at6231	OTIP.II	3653735	3654467
9630at6231	OTIP.I	353555	355017
9632at6231	OTIP.II	7756861	7761159
9639at6231	OTIP.I	4356340	4367212
9641at6231	OTIP.X	10727771	10728202
9649at6231	OTIP.III	6074223	6074818
9657at6231	OTIP.II	6274117	6275274
9662at6231	OTIP.X	8962526	8965102
9669at6231	OTIP.IV	199183	200739
9671at6231	OTIP.X	9704778	9710256
9672at6231	OTIP.IV	10295758	10298342
9676at6231	OTIP.I	3650923	3651371
9681at6231	OTIP.I	7069848	7070650
9682at6231	OTIP.III	3905499	3906253
9693at6231	OTIP.I	3234191	3234671
9714at6231	OTIP.I	1735238	1735766
9717at6231	OTIP.III	7235453	7236562
9719at6231	OTIP.I	4510868	4511523
9736at6231	OTIP.II	2588417	2589224
9739at6231	OTIP.V	6689816	6690534
9748at6231	OTIP.III	9394524	9395063
9774at6231	OTIP.X	8943385	8945077
9788at6231	OTIP.V	6178479	6178911
9792at6231	OTIP.III	9173024	9174368
9802at6231	OTIP.IV	3664141	3664577
9816at6231	OTIP.X	8712586	8713736
9828at6231	OTIP.IV	3945302	3945832
9838at6231	OTIP.V	7377868	7380168
9840at6231	OTIP.X	3836759	3839105
9847at6231	OTIP.III	5356904	5359673
9850at6231	OTIP.V	8948349	8950188
9875at6231	OTIP.V	6115463	6124985
9896at6231	OTIP.II	1104246	1113284
9898at6231	OTIP.III	7790109	7790640
9899at6231	OTIP.II	4683564	4684037
9903at6231	OTIP.IV	8470772	8471492
9915at6231	OTIP.II	978854	979515
9922at6231	OTIP.V	8882853	8883410
9923at6231	OTIP.IV	3998455	3999473
9936at6231	OTIP.IV	5074310	5074948
9937at6231	OTIP.IV	2783199	2783583
9946at6231	OTIP.II	7378793	7380063
9951at6231	OTIP.I	7313415	7315271
9952at6231	OTIP.IV	10595832	10599076
9954at6231	OTIP.IV	2785603	2787593
9956at6231	OTIP.II	3579133	3581734
9959at6231	OTIP.X	5070706	5071100
9968at6231	OTIP.III	4776006	4776510
9976at6231	OTIP.I	3538972	3543179
9986at6231	OTIP.X	4229331	4229996
9998at6231	OTIP.V	6837745	6840332
9999at6231	OTIP.III	9393885	9394394
10010at6231	OTIP.II	7326010	7328254
10011at6231	OTIP.X	10378320	10379473
10018at6231	OTIP.I	38763	39549
10025at6231	OTIP.I	7910717	7913054
10032at6231	OTIP.V	8947792	8948324
10059at6231	OTIP.III	2680052	2680829
10063at6231	OTIP.III	5697469	5697957
10068at6231	OTIP.X	8192729	8196210
10081at6231	OTIP.I	2849387	2849874
10084at6231	OTIP.II	2546249	2547583
10099at6231	OTIP.III	9542120	9542932
10100at6231	OTIP.V	4188915	4189515
10117at6231	OTIP.II	590344	593378
10126at6231	OTIP.V	7207127	7207721
10127at6231	OTIP.I	3908269	3909161
10128at6231	OTIP.IV	1235170	1236904
10139at6231	OTIP.III	9509580	9513431
10150at6231	OTIP.II	5342739	5343696
10152at6231	OTIP.I	4483732	4491036
10161at6231	OTIP.III	32936	34600
10165at6231	OTIP.X	4418150	4419027
10173at6231	OTIP.II	1691649	1692905
10177at6231	OTIP.V	6504432	6505699
10180at6231	OTIP.IV	5302138	5302709
10185at6231	OTIP.II	4853992	4854395
10190at6231	OTIP.I	7743022	7745071
10196at6231	OTIP.IV	2459795	2464515
10197at6231	OTIP.I	7367227	7370196
10222at6231	OTIP.I	7345709	7346463
10233at6231	OTIP.II	4930280	4930722
10251at6231	OTIP.V	7380469	7380944
10259at6231	OTIP.I	6337800	6338232
10271at6231	OTIP.I	3823567	3824660
10273at6231	OTIP.IV	3168571	3169291
10279at6231	OTIP.I	4530141	4531317
10289at6231	OTIP.I	8281104	8283555
10307at6231	OTIP.III	5899141	5901253
10313at6231	OTIP.V	6207474	6208294
10323at6231	OTIP.III	6633288	6633703
10325at6231	OTIP.III	4021238	4023596
10340at6231	OTIP.V	7326522	7330242
10341at6231	OTIP.I	2171323	2174741
10354at6231	OTIP.III	7321833	7322904
10356at6231	OTIP.IV	1242389	1243076
10373at6231	OTIP.IV	371083	371510
10388at6231	OTIP.III	264504	265982
10416at6231	OTIP.V	4477255	4478985
10441at6231	OTIP.I	2482942	2483341
10448at6231	OTIP.II	3848012	3849517
10449at6231	OTIP.II	6639986	6641246
10450at6231	OTIP.V	3601838	3603945
10461at6231	OTIP.II	5426911	5429031
10463at6231	OTIP.I	7605869	7609681
10498at6231	OTIP.I	6959392	6961733
10510at6231	OTIP.I	995915	997484
10522at6231	OTIP.III	8339718	8340800
10532at6231	OTIP.I	1794044	1797270
10534at6231	OTIP.I	6289439	6291049
10545at6231	OTIP.III	6070276	6070880
10550at6231	OTIP.III	2805512	2806225
10562at6231	OTIP.III	9459696	9462428
10575at6231	OTIP.I	5128549	5129749
10584at6231	OTIP.III	3491808	3492474
10615at6231	OTIP.I	7555803	7559846
10625at6231	OTIP.IV	7014485	7015176
10627at6231	OTIP.IV	3603511	3604272
10631at6231	OTIP.I	4144812	4146105
10640at6231	OTIP.I	6653687	6654945
10655at6231	OTIP.I	2090442	2093462
10661at6231	OTIP.I	1929870	1932931
10665at6231	OTIP.I	6650483	6651110
10678at6231	OTIP.II	776184	778114
10686at6231	OTIP.X	2942162	2942943
10698at6231	OTIP.III	8295369	8296009
10699at6231	OTIP.I	3139681	3140981
10705at6231	OTIP.III	544467	552207
10710at6231	OTIP.IV	1632818	1634524
10717at6231	OTIP.II	6615364	6616062
10732at6231	OTIP.X	9249088	9256272
10735at6231	OTIP.V	3201114	3201976
10741at6231	OTIP.II	3415874	3417364
10750at6231	OTIP.II	2573926	2574615
10755at6231	OTIP.III	9060630	9062958
10757at6231	OTIP.I	2940297	2944306
10769at6231	OTIP.IV	3537427	3539145
10777at6231	OTIP.X	7401143	7402179
10780at6231	OTIP.V	3717843	3720912
10821at6231	OTIP.V	5388111	5389124
10822at6231	OTIP.X	8124924	8126823
10848at6231	OTIP.I	5724389	5725050
10853at6231	OTIP.III	8963919	8983132
10864at6231	OTIP.V	2501534	2504894
10883at6231	OTIP.III	9564869	9566042
10897at6231	OTIP.II	5703077	5705560
10898at6231	OTIP.I	5172209	5172831
10907at6231	OTIP.I	2566134	2567134
10928at6231	OTIP.I	7458672	7459953
10929at6231	OTIP.IV	3294723	3295962
10935at6231	OTIP.III	1745365	1747264
10953at6231	OTIP.I	4469139	4470773
10958at6231	OTIP.III	8343260	8345296
10961at6231	OTIP.II	5092659	5097158
10987at6231	OTIP.II	6981919	6985095
11007at6231	OTIP.V	5981334	5982176
11036at6231	OTIP.III	5792364	5793737
11066at6231	OTIP.I	4079101	4079584
11086at6231	OTIP.V	8865595	8869015
11111at6231	OTIP.III	8114295	8117691
11112at6231	OTIP.III	6811172	6814103
11144at6231	OTIP.II	8028981	8031198
11158at6231	OTIP.III	5530073	5537147
11173at6231	OTIP.I	167471	171756
11178at6231	OTIP.I	5504662	5506327
11179at6231	OTIP.III	2586347	2590833
11183at6231	OTIP.V	10448384	10453562
11187at6231	OTIP.X	9097825	9098595
11189at6231	OTIP.I	159485	161401
11191at6231	OTIP.II	8628004	8631067
11192at6231	OTIP.III	7351015	7360297
11201at6231	OTIP.II	7077976	7078744
11227at6231	OTIP.I	7802271	7803170
11229at6231	OTIP.III	4672522	4677704
11244at6231	OTIP.III	7472363	7475183
11250at6231	OTIP.X	3856690	3858013
11255at6231	OTIP.I	3838367	3845623
11259at6231	OTIP.V	8423068	8427732
11267at6231	OTIP.X	11155843	11156338
11295at6231	OTIP.I	6593192	6597470
11303at6231	OTIP.IV	2932556	2933072
11307at6231	OTIP.X	8213326	8216983
11327at6231	OTIP.III	8069487	8071470
11344at6231	OTIP.II	5063621	5065270
11350at6231	OTIP.I	6726239	6729631
11363at6231	OTIP.I	7454233	7457832
11372at6231	OTIP.I	4046103	4046864
11382at6231	OTIP.V	9437022	9438350
11385at6231	OTIP.I	937247	938715
11388at6231	OTIP.V	4530550	4533861
11397at6231	OTIP.I	4044137	4044732
11417at6231	OTIP.IV	301761	303132
11440at6231	OTIP.III	8880238	8881266
11490at6231	OTIP.I	3627723	3630290
