4at6231	SRAT.LN609529.1	5170980	5184968
6at6231	SRAT.LN609528.1	7214894	7232202
7at6231	SRAT.LN609529.1	9497955	9514969
9at6231	SRAT.LN609529.1	4130438	4144098
18at6231	SRAT.LN609528.1	11290800	11300999
19at6231	SRAT.LN609528.1	4434404	4443784
22at6231	SRAT.LN609528.1	7496422	7521001
23at6231	SRAT.LN609528.1	5850844	5872775
28at6231	SRAT.LN609529.1	10065021	10072087
32at6231	SRAT.LN609528.1	6881185	6888465
35at6231	SRAT.LN609528.1	3602368	3610185
39at6231	SRAT.LN609529.1	13828632	13835053
40at6231	SRAT.LN609528.1	2208949	2215817
43at6231	SRAT.LN609529.1	7480239	7487144
48at6231	SRAT.LN609528.1	8686538	8693722
55at6231	SRAT.LN609529.1	1373645	1380083
65at6231	SRAT.LN609528.1	6973219	6979925
68at6231	SRAT.LN609528.1	9730843	9736669
72at6231	SRAT.LN609528.1	8376606	8381728
74at6231	SRAT.LN609529.1	7271171	7276908
76at6231	SRAT.LN609529.1	8658632	8675377
91at6231	SRAT.LN609529.1	5978812	5984172
96at6231	SRAT.LN609530.1	3195466	3200559
97at6231	SRAT.LN609529.1	11985038	11991450
100at6231	SRAT.LN609530.1	4569329	4581887
101at6231	SRAT.LN609529.1	14119636	14124967
112at6231	SRAT.LN609528.1	3975613	3981165
117at6231	SRAT.LN609528.1	8834406	8840915
119at6231	SRAT.LN609529.1	8566452	8571484
121at6231	SRAT.LN609528.1	10394884	10401132
125at6231	SRAT.LN609528.1	2814276	2819903
127at6231	SRAT.LN609529.1	10705309	10714914
132at6231	SRAT.LN609528.1	8454500	8460101
137at6231	SRAT.LN609529.1	4186449	4191369
139at6231	SRAT.LN609530.1	3369860	3377709
144at6231	SRAT.LN609528.1	4664808	4669467
147at6231	SRAT.LN609528.1	323933	329422
151at6231	SRAT.LN609529.1	649972	655668
166at6231	SRAT.LN609528.1	8913100	8917858
172at6231	SRAT.LN609529.1	1762529	1766781
175at6231	SRAT.LN609529.1	6704418	6711269
184at6231	SRAT.LN609529.1	15175746	15180134
185at6231	SRAT.LN609529.1	884278	888083
189at6231	SRAT.LN609528.1	3316244	3322815
196at6231	SRAT.LN609529.1	8058078	8061863
197at6231	SRAT.LN609530.1	32289	36474
198at6231	SRAT.LN609529.1	12233781	12237828
199at6231	SRAT.LN609529.1	1110098	1117859
201at6231	SRAT.LN609529.1	320976	331799
204at6231	SRAT.LN609529.1	9343649	9348460
210at6231	SRAT.LN609529.1	9332667	9339706
211at6231	SRAT.LN609529.1	8159925	8165919
216at6231	SRAT.LN609529.1	1628426	1640790
217at6231	SRAT.LN609529.1	15338970	15345766
225at6231	SRAT.LN609530.1	2265631	2270693
232at6231	SRAT.LN609529.1	13781760	13785818
233at6231	SRAT.LN609529.1	5831586	5834820
238at6231	SRAT.LN609529.1	2874063	2878343
241at6231	SRAT.LN609528.1	10863372	10866796
243at6231	SRAT.LN609530.1	4020540	4023995
255at6231	SRAT.LN609529.1	8579135	8582755
257at6231	SRAT.LN609529.1	10042640	10045881
265at6231	SRAT.LN609528.1	9910614	9913943
267at6231	SRAT.LN609528.1	6814493	6819025
270at6231	SRAT.LN609529.1	13005564	13009266
271at6231	SRAT.LN609529.1	9260312	9264639
277at6231	SRAT.LN609529.1	15886938	15891248
279at6231	SRAT.LN609528.1	10252125	10256687
288at6231	SRAT.LN609529.1	4682864	4691387
293at6231	SRAT.LN609529.1	1688277	1693553
294at6231	SRAT.LN609529.1	8150631	8153989
299at6231	SRAT.LN609529.1	5488279	5491739
300at6231	SRAT.LN609529.1	258666	262146
301at6231	SRAT.LN609528.1	11170206	11173307
311at6231	SRAT.LN609529.1	14520241	14523605
318at6231	SRAT.LN609528.1	8305834	8309498
319at6231	SRAT.LN609528.1	897746	903003
322at6231	SRAT.LN609528.1	7896726	7901503
327at6231	SRAT.LN609528.1	7422121	7424978
334at6231	SRAT.LN609529.1	2605358	2611355
345at6231	SRAT.LN609528.1	7455749	7460275
346at6231	SRAT.LN609529.1	2703801	2707283
347at6231	SRAT.LN609528.1	2112226	2117702
348at6231	SRAT.LN609530.1	3782505	3786426
350at6231	SRAT.LN609529.1	7756887	7760344
359at6231	SRAT.LN609529.1	4401069	4404969
364at6231	SRAT.LN609528.1	6876805	6878915
366at6231	SRAT.LN609528.1	10881182	10885850
373at6231	SRAT.LN609529.1	5509982	5512972
375at6231	SRAT.LN609528.1	1598032	1606266
378at6231	SRAT.LN609528.1	4636128	4640753
394at6231	SRAT.LN609528.1	2880447	2882956
401at6231	SRAT.LN609528.1	673597	676813
402at6231	SRAT.LN609529.1	10911565	10915592
405at6231	SRAT.LN609529.1	12595560	12599164
411at6231	SRAT.LN609529.1	8135065	8137965
416at6231	SRAT.LN609528.1	46661	51665
420at6231	SRAT.LN609528.1	8320242	8324129
422at6231	SRAT.LN609528.1	9061616	9065472
423at6231	SRAT.LN609529.1	1306552	1309656
425at6231	SRAT.LN609530.1	3103671	3107298
428at6231	SRAT.LN609529.1	2409984	2423487
430at6231	SRAT.LN609529.1	4603093	4606899
433at6231	SRAT.LN609529.1	3306081	3311155
435at6231	SRAT.LN609529.1	3110321	3113474
436at6231	SRAT.LN609529.1	10732291	10735157
438at6231	SRAT.LN609528.1	8025615	8029501
439at6231	SRAT.LN609528.1	4373675	4376515
446at6231	SRAT.LN609530.1	4170486	4173511
450at6231	SRAT.LN609530.1	1935184	1939007
451at6231	SRAT.LN609529.1	5562145	5565536
452at6231	SRAT.LN609530.1	4616049	4619753
455at6231	SRAT.LN609528.1	1884832	1888812
458at6231	SRAT.LN609528.1	2332237	2336366
459at6231	SRAT.LN609529.1	10942367	10945728
461at6231	SRAT.LN609529.1	5271172	5274828
462at6231	SRAT.LN609528.1	11132527	11136769
473at6231	SRAT.LN609528.1	4088202	4092441
484at6231	SRAT.LN609529.1	10049526	10058134
488at6231	SRAT.LN609528.1	6080781	6085646
489at6231	SRAT.LN609528.1	10175430	10178247
494at6231	SRAT.LN609529.1	10601243	10604157
498at6231	SRAT.LN609529.1	12894443	12899099
503at6231	SRAT.LN609528.1	9005471	9008953
518at6231	SRAT.LN609529.1	9389811	9396105
522at6231	SRAT.LN609529.1	7344212	7349233
523at6231	SRAT.LN609529.1	7303726	7308251
529at6231	SRAT.LN609528.1	9917142	9919577
531at6231	SRAT.LN609528.1	9390915	9394024
532at6231	SRAT.LN609529.1	403500	406778
534at6231	SRAT.LN609530.1	2168855	2176029
536at6231	SRAT.LN609530.1	762488	765345
543at6231	SRAT.LN609529.1	1871893	1876246
544at6231	SRAT.LN609528.1	5361344	5368567
545at6231	SRAT.LN609530.1	387550	390486
546at6231	SRAT.LN609528.1	8051970	8054474
548at6231	SRAT.LN609529.1	6097205	6099800
551at6231	SRAT.LN609528.1	222829	225423
559at6231	SRAT.LN609529.1	6735199	6738852
562at6231	SRAT.LN609529.1	5800601	5805263
569at6231	SRAT.LN609528.1	848735	854104
572at6231	SRAT.LN609529.1	16409687	16412491
575at6231	SRAT.LN609528.1	7808812	7812772
581at6231	SRAT.LN609529.1	7195184	7198995
590at6231	SRAT.LN609529.1	3647234	3652069
594at6231	SRAT.LN609530.1	3929201	3931959
596at6231	SRAT.LN609529.1	5440152	5442206
597at6231	SRAT.LN609529.1	7150073	7153285
600at6231	SRAT.LN609530.1	3380245	3383109
612at6231	SRAT.LN609529.1	11783457	11786366
613at6231	SRAT.LN609528.1	5939930	5944961
620at6231	SRAT.LN609529.1	4653646	4656546
627at6231	SRAT.LN609528.1	9923329	9925838
629at6231	SRAT.LN609529.1	2798815	2802333
631at6231	SRAT.LN609529.1	10181211	10184382
632at6231	SRAT.LN609529.1	8558177	8560985
634at6231	SRAT.LN609529.1	7687462	7690318
635at6231	SRAT.LN609529.1	8959608	8962059
639at6231	SRAT.LN609528.1	6482486	6490650
641at6231	SRAT.LN609530.1	294178	298024
642at6231	SRAT.LN609528.1	6276081	6281190
644at6231	SRAT.LN609529.1	5155280	5158082
645at6231	SRAT.LN609529.1	2857255	2860064
646at6231	SRAT.LN609529.1	904932	908403
651at6231	SRAT.LN609528.1	2382663	2387369
659at6231	SRAT.LN609529.1	9308254	9310938
662at6231	SRAT.LN609529.1	10849456	10853821
665at6231	SRAT.LN609529.1	4362804	4365790
670at6231	SRAT.LN609529.1	7165287	7168489
675at6231	SRAT.LN609529.1	12254818	12257153
683at6231	SRAT.LN609528.1	4574583	4578025
687at6231	SRAT.LN609529.1	7774730	7777094
693at6231	SRAT.LN609529.1	1859469	1861948
700at6231	SRAT.LN609529.1	8880007	8882428
704at6231	SRAT.LN609529.1	12930584	12932921
708at6231	SRAT.LN609528.1	7345591	7348230
710at6231	SRAT.LN609530.1	964828	968560
712at6231	SRAT.LN609528.1	8055008	8057489
714at6231	SRAT.LN609528.1	4169629	4172551
716at6231	SRAT.LN609529.1	5278937	5281317
718at6231	SRAT.LN609528.1	2285846	2290555
721at6231	SRAT.LN609529.1	10514714	10517479
722at6231	SRAT.LN609529.1	6822004	6824383
724at6231	SRAT.LN609529.1	4061665	4064600
725at6231	SRAT.LN609529.1	12528567	12530720
726at6231	SRAT.LN609528.1	9951988	9955786
734at6231	SRAT.LN609529.1	1314558	1318612
735at6231	SRAT.LN609529.1	13391373	13394084
737at6231	SRAT.LN609528.1	6847539	6849721
740at6231	SRAT.LN609529.1	10425360	10428254
743at6231	SRAT.LN609529.1	15285803	15289821
747at6231	SRAT.LN609528.1	6053517	6059460
753at6231	SRAT.LN609530.1	2257862	2260283
754at6231	SRAT.LN609530.1	4564815	4566954
759at6231	SRAT.LN609529.1	9162816	9167226
764at6231	SRAT.LN609528.1	6219898	6223639
772at6231	SRAT.LN609528.1	7255229	7256595
774at6231	SRAT.LN609529.1	15884777	15886860
777at6231	SRAT.LN609528.1	4700128	4703394
782at6231	SRAT.LN609529.1	4253114	4255685
787at6231	SRAT.LN609529.1	2869542	2872363
788at6231	SRAT.LN609530.1	502330	506796
792at6231	SRAT.LN609529.1	6288467	6290876
798at6231	SRAT.LN609528.1	6587034	6589575
800at6231	SRAT.LN609529.1	5324693	5327193
801at6231	SRAT.LN609529.1	13590208	13593712
802at6231	SRAT.LN609528.1	7819774	7824285
803at6231	SRAT.LN609529.1	8769983	8787861
814at6231	SRAT.LN609529.1	15676748	15694485
815at6231	SRAT.LN609529.1	2319120	2324448
816at6231	SRAT.LN609529.1	13715117	13719041
817at6231	SRAT.LN609530.1	3284999	3287273
829at6231	SRAT.LN609529.1	36541	39108
831at6231	SRAT.LN609529.1	10192995	10199336
833at6231	SRAT.LN609529.1	9913539	9916081
838at6231	SRAT.LN609528.1	10691133	10693337
846at6231	SRAT.LN609528.1	1221620	1224244
850at6231	SRAT.LN609528.1	3921845	3925587
853at6231	SRAT.LN609529.1	130905	133222
860at6231	SRAT.LN609529.1	6036873	6041662
862at6231	SRAT.LN609530.1	456342	459149
868at6231	SRAT.LN609528.1	3101297	3103561
869at6231	SRAT.LN609529.1	5070667	5082687
872at6231	SRAT.LN609529.1	14813532	14815806
879at6231	SRAT.LN609529.1	12136014	12138968
881at6231	SRAT.LN609529.1	7361623	7363916
885at6231	SRAT.LN609528.1	2877205	2879738
890at6231	SRAT.LN609529.1	12325620	12332188
899at6231	SRAT.LN609529.1	3561602	3563657
900at6231	SRAT.LN609529.1	10444594	10446555
912at6231	SRAT.LN609528.1	3871180	3873414
917at6231	SRAT.LN609529.1	14234948	14237470
920at6231	SRAT.LN609529.1	6211034	6213431
921at6231	SRAT.LN609529.1	8140908	8143469
922at6231	SRAT.LN609529.1	11943351	11945959
925at6231	SRAT.LN609529.1	10225550	10230158
937at6231	SRAT.LN609529.1	5010573	5014616
943at6231	SRAT.LN609528.1	2591008	2593514
944at6231	SRAT.LN609529.1	5320673	5322835
950at6231	SRAT.LN609529.1	8694530	8697552
951at6231	SRAT.LN609529.1	4983749	4985877
952at6231	SRAT.LN609529.1	14545523	14547742
957at6231	SRAT.LN609530.1	440448	443046
960at6231	SRAT.LN609528.1	6518928	6521788
961at6231	SRAT.LN609528.1	6340283	6342433
962at6231	SRAT.LN609529.1	955329	959240
963at6231	SRAT.LN609529.1	7594651	7596923
964at6231	SRAT.LN609529.1	2906300	2908912
969at6231	SRAT.LN609529.1	4588728	4591455
982at6231	SRAT.LN609528.1	4196253	4199366
984at6231	SRAT.LN609528.1	4777630	4779853
987at6231	SRAT.LN609529.1	5254869	5256531
989at6231	SRAT.LN609528.1	8542087	8545007
990at6231	SRAT.LN609529.1	5733190	5735535
993at6231	SRAT.LN609529.1	10798916	10803669
998at6231	SRAT.LN609530.1	2866171	2871714
1003at6231	SRAT.LN609530.1	2275690	2280314
1008at6231	SRAT.LN609529.1	8480636	8482793
1014at6231	SRAT.LN609529.1	15932155	15935500
1018at6231	SRAT.LN609529.1	8808135	8810591
1022at6231	SRAT.LN609528.1	6203682	6205945
1024at6231	SRAT.LN609530.1	1330959	1333024
1032at6231	SRAT.LN609528.1	9659229	9661608
1033at6231	SRAT.LN609529.1	1301928	1304856
1035at6231	SRAT.LN609529.1	10845916	10847871
1037at6231	SRAT.LN609528.1	2843451	2845438
1047at6231	SRAT.LN609529.1	12540862	12543459
1053at6231	SRAT.LN609529.1	7397579	7400140
1055at6231	SRAT.LN609529.1	8552181	8554968
1056at6231	SRAT.LN609529.1	6431101	6433662
1066at6231	SRAT.LN609528.1	368291	371387
1067at6231	SRAT.LN609528.1	10805698	10808468
1073at6231	SRAT.LN609530.1	1729623	1732423
1075at6231	SRAT.LN609530.1	1955238	1958416
1078at6231	SRAT.LN609528.1	552383	554408
1083at6231	SRAT.LN609529.1	13812345	13819011
1086at6231	SRAT.LN609529.1	7701237	7703433
1093at6231	SRAT.LN609530.1	3202089	3204143
1101at6231	SRAT.LN609529.1	3043987	3046183
1105at6231	SRAT.LN609529.1	3736874	3738427
1109at6231	SRAT.LN609528.1	4297827	4299902
1112at6231	SRAT.LN609529.1	10960699	10962507
1113at6231	SRAT.LN609528.1	10092882	10097824
1115at6231	SRAT.LN609529.1	1267254	1269302
1118at6231	SRAT.LN609529.1	7814959	7817521
1123at6231	SRAT.LN609528.1	773140	775152
1125at6231	SRAT.LN609529.1	13039168	13041725
1129at6231	SRAT.LN609530.1	1395649	1398009
1131at6231	SRAT.LN609529.1	7590680	7592665
1133at6231	SRAT.LN609528.1	11325	13342
1134at6231	SRAT.LN609529.1	9291858	9294253
1135at6231	SRAT.LN609529.1	2913468	2916339
1136at6231	SRAT.LN609528.1	2295196	2297222
1138at6231	SRAT.LN609528.1	6822494	6826768
1142at6231	SRAT.LN609529.1	10391839	10394296
1144at6231	SRAT.LN609529.1	7318245	7320035
1147at6231	SRAT.LN609529.1	298712	301459
1148at6231	SRAT.LN609529.1	8549429	8552090
1152at6231	SRAT.LN609529.1	515794	519841
1153at6231	SRAT.LN609529.1	14152420	14155734
1155at6231	SRAT.LN609529.1	3683485	3685698
1156at6231	SRAT.LN609528.1	476945	478909
1157at6231	SRAT.LN609528.1	2071857	2074522
1159at6231	SRAT.LN609529.1	10280659	10283674
1160at6231	SRAT.LN609529.1	2637599	2639546
1169at6231	SRAT.LN609529.1	661012	663387
1174at6231	SRAT.LN609529.1	2454066	2456764
1175at6231	SRAT.LN609529.1	13897813	13899736
1179at6231	SRAT.LN609529.1	126690	129426
1180at6231	SRAT.LN609530.1	920408	925651
1182at6231	SRAT.LN609528.1	7990043	7993044
1193at6231	SRAT.LN609529.1	6895184	6897763
1202at6231	SRAT.LN609528.1	9085657	9087537
1207at6231	SRAT.LN609529.1	16163092	16165113
1211at6231	SRAT.LN609528.1	8817955	8820187
1212at6231	SRAT.LN609529.1	3733132	3735435
1228at6231	SRAT.LN609529.1	11113721	11116806
1230at6231	SRAT.LN609528.1	9023060	9025333
1233at6231	SRAT.LN609528.1	2974644	2978685
1250at6231	SRAT.LN609529.1	6717578	6719346
1252at6231	SRAT.LN609529.1	1543531	1545983
1255at6231	SRAT.LN609529.1	7579470	7581403
1262at6231	SRAT.LN609529.1	11439843	11441850
1263at6231	SRAT.LN609528.1	9753755	9756146
1264at6231	SRAT.LN609528.1	1243690	1246741
1266at6231	SRAT.LN609528.1	3800690	3804893
1270at6231	SRAT.LN609529.1	4625262	4632057
1272at6231	SRAT.LN609529.1	4158390	4160249
1273at6231	SRAT.LN609529.1	10570239	10572128
1275at6231	SRAT.LN609529.1	2686361	2688284
1281at6231	SRAT.LN609528.1	2392553	2394405
1288at6231	SRAT.LN609529.1	1216055	1218207
1293at6231	SRAT.LN609528.1	11161236	11163626
1301at6231	SRAT.LN609529.1	4969214	4971291
1313at6231	SRAT.LN609529.1	15387389	15389804
1314at6231	SRAT.LN609528.1	2575201	2577269
1316at6231	SRAT.LN609529.1	1129486	1131528
1317at6231	SRAT.LN609529.1	14551974	14555548
1318at6231	SRAT.LN609529.1	6404571	6406854
1320at6231	SRAT.LN609529.1	15713980	15716198
1322at6231	SRAT.LN609529.1	898696	901219
1326at6231	SRAT.LN609528.1	7338229	7340289
1327at6231	SRAT.LN609529.1	2139134	2143031
1332at6231	SRAT.LN609528.1	5435314	5436969
1346at6231	SRAT.LN609528.1	98855	101847
1347at6231	SRAT.LN609528.1	5573307	5575297
1349at6231	SRAT.LN609529.1	12399497	12401480
1352at6231	SRAT.LN609529.1	5609748	5612078
1355at6231	SRAT.LN609528.1	7782686	7784488
1360at6231	SRAT.LN609530.1	995597	997329
1361at6231	SRAT.LN609529.1	5548961	5550791
1362at6231	SRAT.LN609529.1	14179465	14181150
1373at6231	SRAT.LN609529.1	7440178	7441918
1375at6231	SRAT.LN609529.1	8529436	8531611
1376at6231	SRAT.LN609529.1	11889152	11891735
1378at6231	SRAT.LN609529.1	8385661	8387863
1381at6231	SRAT.LN609529.1	4075345	4077173
1383at6231	SRAT.LN609528.1	6601365	6604423
1389at6231	SRAT.LN609529.1	4092482	4095007
1400at6231	SRAT.LN609528.1	4033438	4036585
1401at6231	SRAT.LN609529.1	9049555	9051865
1405at6231	SRAT.LN609529.1	5545738	5547673
1407at6231	SRAT.LN609528.1	4189746	4191460
1411at6231	SRAT.LN609530.1	2589058	2593322
1413at6231	SRAT.LN609529.1	552258	554748
1416at6231	SRAT.LN609528.1	11074802	11080390
1430at6231	SRAT.LN609530.1	977433	979272
1432at6231	SRAT.LN609528.1	4756386	4758971
1434at6231	SRAT.LN609529.1	8303124	8305865
1437at6231	SRAT.LN609529.1	2077396	2079066
1438at6231	SRAT.LN609529.1	3436788	3438588
1441at6231	SRAT.LN609528.1	6592758	6594830
1444at6231	SRAT.LN609528.1	2561158	2563117
1452at6231	SRAT.LN609528.1	10513612	10516222
1453at6231	SRAT.LN609529.1	719432	721278
1454at6231	SRAT.LN609528.1	11059727	11061903
1459at6231	SRAT.LN609529.1	15242148	15250067
1466at6231	SRAT.LN609529.1	7224089	7226185
1473at6231	SRAT.LN609529.1	6655710	6657263
1482at6231	SRAT.LN609528.1	7443546	7446008
1484at6231	SRAT.LN609528.1	11159231	11161176
1491at6231	SRAT.LN609530.1	420913	423583
1492at6231	SRAT.LN609529.1	471732	473493
1495at6231	SRAT.LN609529.1	15855860	15858701
1498at6231	SRAT.LN609530.1	4107661	4110312
1499at6231	SRAT.LN609529.1	10324781	10328249
1501at6231	SRAT.LN609528.1	5038878	5043680
1506at6231	SRAT.LN609529.1	9593514	9594861
1514at6231	SRAT.LN609528.1	7622236	7623926
1518at6231	SRAT.LN609528.1	10802855	10804943
1519at6231	SRAT.LN609529.1	13379941	13383212
1533at6231	SRAT.LN609528.1	5509569	5511246
1535at6231	SRAT.LN609528.1	2130465	2132381
1537at6231	SRAT.LN609528.1	6663844	6669011
1546at6231	SRAT.LN609528.1	5506906	5508872
1548at6231	SRAT.LN609528.1	3807662	3811327
1551at6231	SRAT.LN609529.1	1897829	1900952
1552at6231	SRAT.LN609529.1	9770413	9776928
1556at6231	SRAT.LN609529.1	3371458	3373679
1566at6231	SRAT.LN609528.1	882599	884278
1572at6231	SRAT.LN609528.1	6761089	6762915
1574at6231	SRAT.LN609529.1	12619965	12621549
1576at6231	SRAT.LN609528.1	2138462	2140463
1587at6231	SRAT.LN609530.1	4089949	4093241
1592at6231	SRAT.LN609529.1	13064838	13066718
1596at6231	SRAT.LN609528.1	6509270	6510727
1603at6231	SRAT.LN609530.1	1627128	1633396
1604at6231	SRAT.LN609529.1	13873451	13875056
1605at6231	SRAT.LN609529.1	14802865	14805893
1606at6231	SRAT.LN609529.1	3396390	3402741
1617at6231	SRAT.LN609528.1	9322034	9323684
1641at6231	SRAT.LN609528.1	3694096	3696239
1643at6231	SRAT.LN609529.1	5659909	5664327
1645at6231	SRAT.LN609528.1	9980702	9984855
1649at6231	SRAT.LN609529.1	4099450	4102022
1653at6231	SRAT.LN609529.1	3441887	3446312
1656at6231	SRAT.LN609528.1	8609570	8611693
1663at6231	SRAT.LN609528.1	4765007	4768218
1666at6231	SRAT.LN609528.1	6573445	6576008
1670at6231	SRAT.LN609528.1	4178129	4179955
1682at6231	SRAT.LN609529.1	1352977	1354939
1686at6231	SRAT.LN609529.1	13106431	13108062
1687at6231	SRAT.LN609529.1	13738584	13741329
1699at6231	SRAT.LN609529.1	2361323	2366867
1701at6231	SRAT.LN609529.1	2239192	2241016
1702at6231	SRAT.LN609528.1	9229232	9230808
1704at6231	SRAT.LN609528.1	1225045	1226737
1706at6231	SRAT.LN609529.1	11418606	11420799
1712at6231	SRAT.LN609528.1	10082227	10083889
1713at6231	SRAT.LN609529.1	2734784	2736478
1715at6231	SRAT.LN609529.1	3192947	3194609
1739at6231	SRAT.LN609528.1	3875446	3877122
1743at6231	SRAT.LN609528.1	545810	549648
1750at6231	SRAT.LN609529.1	50088	52363
1754at6231	SRAT.LN609528.1	8805597	8812818
1757at6231	SRAT.LN609529.1	4836700	4838518
1759at6231	SRAT.LN609530.1	112405	118995
1762at6231	SRAT.LN609529.1	11305022	11307286
1770at6231	SRAT.LN609528.1	6416599	6419357
1778at6231	SRAT.LN609529.1	4441078	4459663
1780at6231	SRAT.LN609529.1	7103509	7105260
1785at6231	SRAT.LN609529.1	8314510	8316460
1797at6231	SRAT.LN609529.1	12857683	12859165
1801at6231	SRAT.LN609528.1	4708177	4709940
1816at6231	SRAT.LN609530.1	3631267	3633249
1817at6231	SRAT.LN609528.1	7775346	7777591
1823at6231	SRAT.LN609528.1	6839347	6841346
1827at6231	SRAT.LN609528.1	3625252	3627049
1831at6231	SRAT.LN609529.1	7531718	7535194
1835at6231	SRAT.LN609530.1	3277645	3279292
1852at6231	SRAT.LN609529.1	5444044	5446873
1856at6231	SRAT.LN609529.1	2059204	2061385
1865at6231	SRAT.LN609528.1	1163010	1164616
1868at6231	SRAT.LN609528.1	10239341	10240660
1870at6231	SRAT.LN609530.1	3932200	3933965
1871at6231	SRAT.LN609529.1	4955335	4957276
1872at6231	SRAT.LN609528.1	9029712	9031313
1873at6231	SRAT.LN609530.1	2453772	2457859
1877at6231	SRAT.LN609529.1	613586	615281
1890at6231	SRAT.LN609528.1	40204	42404
1894at6231	SRAT.LN609529.1	117640	122445
1895at6231	SRAT.LN609529.1	2988197	2989795
1899at6231	SRAT.LN609529.1	8811805	8814583
1900at6231	SRAT.LN609529.1	200941	202451
1915at6231	SRAT.LN609529.1	10123336	10125833
1918at6231	SRAT.LN609528.1	2128642	2130191
1921at6231	SRAT.LN609529.1	9448941	9450788
1927at6231	SRAT.LN609528.1	5575912	5578698
1931at6231	SRAT.LN609528.1	6497963	6502555
1942at6231	SRAT.LN609528.1	4480860	4483523
1952at6231	SRAT.LN609530.1	1528757	1530536
1963at6231	SRAT.LN609528.1	8657194	8660291
1964at6231	SRAT.LN609530.1	1468647	1470273
1966at6231	SRAT.LN609530.1	1819538	1821600
1968at6231	SRAT.LN609529.1	8028048	8029791
1971at6231	SRAT.LN609529.1	902102	904095
1978at6231	SRAT.LN609529.1	3365274	3366728
1979at6231	SRAT.LN609529.1	10517920	10519739
1980at6231	SRAT.LN609529.1	9069646	9072177
1991at6231	SRAT.LN609529.1	16735969	16737641
1998at6231	SRAT.LN609529.1	5527237	5529009
2000at6231	SRAT.LN609529.1	8731654	8733589
2008at6231	SRAT.LN609529.1	11605396	11607148
2012at6231	SRAT.LN609529.1	5989040	5990898
2018at6231	SRAT.LN609529.1	12299190	12301019
2021at6231	SRAT.LN609528.1	7917597	7919723
2023at6231	SRAT.LN609528.1	6678626	6680212
2026at6231	SRAT.LN609529.1	1292974	1294003
2032at6231	SRAT.LN609529.1	7784831	7790749
2038at6231	SRAT.LN609529.1	13550001	13552571
2041at6231	SRAT.LN609529.1	5206239	5207907
2042at6231	SRAT.LN609530.1	3127281	3129653
2052at6231	SRAT.LN609529.1	4570537	4572318
2058at6231	SRAT.LN609528.1	6642439	6645586
2064at6231	SRAT.LN609529.1	2057366	2059006
2072at6231	SRAT.LN609529.1	6271682	6273055
2073at6231	SRAT.LN609528.1	11320534	11322464
2075at6231	SRAT.LN609529.1	13557820	13559979
2077at6231	SRAT.LN609528.1	5613087	5614647
2080at6231	SRAT.LN609528.1	7267498	7269167
2089at6231	SRAT.LN609528.1	4325258	4326300
2096at6231	SRAT.LN609528.1	6046347	6048053
2099at6231	SRAT.LN609529.1	4385399	4387112
2103at6231	SRAT.LN609529.1	5766665	5768341
2105at6231	SRAT.LN609529.1	197780	199648
2107at6231	SRAT.LN609529.1	3773278	3774807
2112at6231	SRAT.LN609528.1	11281923	11284676
2114at6231	SRAT.LN609528.1	4030038	4031764
2116at6231	SRAT.LN609530.1	3636056	3637654
2120at6231	SRAT.LN609529.1	7844592	7846146
2125at6231	SRAT.LN609529.1	10762467	10766730
2126at6231	SRAT.LN609529.1	1247787	1249296
2128at6231	SRAT.LN609528.1	4101841	4106408
2132at6231	SRAT.LN609529.1	15037388	15041259
2137at6231	SRAT.LN609529.1	14684259	14687279
2152at6231	SRAT.LN609528.1	3707456	3711179
2159at6231	SRAT.LN609528.1	5746236	5748096
2163at6231	SRAT.LN609529.1	7504467	7506404
2164at6231	SRAT.LN609530.1	292204	293764
2170at6231	SRAT.LN609529.1	9754424	9755885
2173at6231	SRAT.LN609529.1	3410552	3412101
2178at6231	SRAT.LN609528.1	9636978	9638428
2181at6231	SRAT.LN609528.1	9498329	9500504
2182at6231	SRAT.LN609529.1	3860332	3862624
2185at6231	SRAT.LN609528.1	9997338	9998887
2187at6231	SRAT.LN609529.1	1740539	1742188
2198at6231	SRAT.LN609529.1	9533614	9535248
2201at6231	SRAT.LN609529.1	9788903	9790687
2206at6231	SRAT.LN609528.1	8315960	8317471
2209at6231	SRAT.LN609528.1	8607501	8609375
2213at6231	SRAT.LN609529.1	10531770	10533154
2220at6231	SRAT.LN609528.1	5522817	5524616
2228at6231	SRAT.LN609528.1	11345256	11346566
2232at6231	SRAT.LN609529.1	5630832	5632787
2236at6231	SRAT.LN609529.1	13111931	13113460
2240at6231	SRAT.LN609529.1	1986463	1988117
2247at6231	SRAT.LN609528.1	4677430	4679013
2255at6231	SRAT.LN609528.1	9226272	9228245
2257at6231	SRAT.LN609529.1	7662539	7663985
2263at6231	SRAT.LN609530.1	3193207	3195008
2267at6231	SRAT.LN609528.1	2584553	2586446
2274at6231	SRAT.LN609529.1	15984415	15987379
2277at6231	SRAT.LN609530.1	4197126	4199198
2279at6231	SRAT.LN609528.1	8440531	8441879
2281at6231	SRAT.LN609528.1	2742817	2744300
2285at6231	SRAT.LN609528.1	4502759	4504643
2286at6231	SRAT.LN609529.1	2190556	2192750
2294at6231	SRAT.LN609529.1	6947004	6948355
2295at6231	SRAT.LN609528.1	4586578	4588200
2297at6231	SRAT.LN609529.1	8954081	8955767
2299at6231	SRAT.LN609529.1	9710038	9712114
2301at6231	SRAT.LN609528.1	3480288	3481916
2302at6231	SRAT.LN609529.1	12354049	12359682
2306at6231	SRAT.LN609528.1	157265	159012
2308at6231	SRAT.LN609528.1	3520021	3522125
2311at6231	SRAT.LN609529.1	400932	402497
2312at6231	SRAT.LN609528.1	11458392	11459760
2313at6231	SRAT.LN609529.1	3495314	3496774
2321at6231	SRAT.LN609529.1	13606473	13607801
2329at6231	SRAT.LN609529.1	3325368	3327254
2332at6231	SRAT.LN609529.1	4723381	4727518
2339at6231	SRAT.LN609529.1	8899708	8901311
2342at6231	SRAT.LN609529.1	5296685	5301659
2351at6231	SRAT.LN609528.1	9396166	9400887
2353at6231	SRAT.LN609528.1	9493766	9495701
2357at6231	SRAT.LN609529.1	8449518	8454829
2358at6231	SRAT.LN609528.1	756660	759587
2367at6231	SRAT.LN609529.1	6304924	6306635
2368at6231	SRAT.LN609528.1	2040178	2042048
2370at6231	SRAT.LN609528.1	1096252	1097758
2380at6231	SRAT.LN609529.1	500557	503085
2383at6231	SRAT.LN609529.1	5769123	5770463
2384at6231	SRAT.LN609529.1	5055127	5056678
2401at6231	SRAT.LN609529.1	7242195	7244816
2403at6231	SRAT.LN609529.1	12276917	12278258
2409at6231	SRAT.LN609529.1	1152277	1153935
2410at6231	SRAT.LN609529.1	910388	911766
2415at6231	SRAT.LN609529.1	7692557	7695560
2418at6231	SRAT.LN609529.1	5940038	5942470
2419at6231	SRAT.LN609529.1	4866456	4867932
2422at6231	SRAT.LN609529.1	8937932	8939674
2423at6231	SRAT.LN609528.1	10619784	10621843
2426at6231	SRAT.LN609529.1	3158131	3159643
2427at6231	SRAT.LN609529.1	12680878	12682362
2430at6231	SRAT.LN609528.1	2317283	2318659
2431at6231	SRAT.LN609529.1	12193795	12200626
2436at6231	SRAT.LN609528.1	8569529	8571146
2441at6231	SRAT.LN609530.1	1640469	1641874
2449at6231	SRAT.LN609528.1	2617227	2619837
2454at6231	SRAT.LN609529.1	47962	49968
2464at6231	SRAT.LN609528.1	5153632	5156837
2469at6231	SRAT.LN609528.1	6317254	6319097
2475at6231	SRAT.LN609528.1	2751176	2758451
2476at6231	SRAT.LN609529.1	12798396	12799786
2478at6231	SRAT.LN609529.1	9478749	9480214
2480at6231	SRAT.LN609528.1	201467	202932
2494at6231	SRAT.LN609529.1	4218007	4219344
2495at6231	SRAT.LN609529.1	5861373	5862940
2498at6231	SRAT.LN609529.1	480231	482645
2515at6231	SRAT.LN609529.1	6623454	6625621
2516at6231	SRAT.LN609529.1	4568916	4570284
2523at6231	SRAT.LN609529.1	6606599	6608393
2531at6231	SRAT.LN609529.1	7387271	7388841
2539at6231	SRAT.LN609528.1	2166315	2168267
2544at6231	SRAT.LN609528.1	2031301	2033716
2546at6231	SRAT.LN609528.1	3781664	3783070
2550at6231	SRAT.LN609528.1	3295596	3297006
2551at6231	SRAT.LN609529.1	1862323	1863693
2557at6231	SRAT.LN609528.1	11554733	11556367
2565at6231	SRAT.LN609528.1	2568216	2569955
2568at6231	SRAT.LN609530.1	185296	189861
2569at6231	SRAT.LN609528.1	4675519	4676977
2573at6231	SRAT.LN609529.1	10545066	10547267
2574at6231	SRAT.LN609530.1	1029470	1032402
2601at6231	SRAT.LN609529.1	7890947	7892251
2611at6231	SRAT.LN609529.1	4547815	4552335
2618at6231	SRAT.LN609529.1	6131725	6137100
2622at6231	SRAT.LN609529.1	3591194	3592714
2627at6231	SRAT.LN609529.1	10847962	10849308
2643at6231	SRAT.LN609529.1	6876565	6878313
2649at6231	SRAT.LN609528.1	4874661	4876351
2650at6231	SRAT.LN609529.1	11873501	11874940
2652at6231	SRAT.LN609529.1	7333461	7334795
2653at6231	SRAT.LN609528.1	1678285	1679676
2660at6231	SRAT.LN609528.1	4530104	4531779
2661at6231	SRAT.LN609529.1	13741419	13742755
2689at6231	SRAT.LN609528.1	816694	819864
2712at6231	SRAT.LN609529.1	13611680	13613182
2714at6231	SRAT.LN609529.1	16352773	16354308
2725at6231	SRAT.LN609529.1	8318909	8320261
2732at6231	SRAT.LN609529.1	15352208	15353458
2754at6231	SRAT.LN609529.1	7395201	7397336
2756at6231	SRAT.LN609528.1	6773331	6774728
2757at6231	SRAT.LN609529.1	5151539	5152882
2760at6231	SRAT.LN609529.1	5348148	5349338
2765at6231	SRAT.LN609528.1	6347855	6352132
2769at6231	SRAT.LN609529.1	15875380	15881020
2772at6231	SRAT.LN609528.1	6511031	6512862
2773at6231	SRAT.LN609529.1	11049409	11051005
2778at6231	SRAT.LN609529.1	8354743	8356062
2782at6231	SRAT.LN609529.1	12408543	12409816
2786at6231	SRAT.LN609528.1	3829039	3830448
2792at6231	SRAT.LN609529.1	5233183	5234588
2795at6231	SRAT.LN609528.1	9886335	9887720
2805at6231	SRAT.LN609529.1	9720969	9722465
2811at6231	SRAT.LN609530.1	2376499	2378022
2815at6231	SRAT.LN609529.1	9363016	9374417
2817at6231	SRAT.LN609529.1	6539479	6540806
2821at6231	SRAT.LN609529.1	6311505	6319159
2830at6231	SRAT.LN609528.1	10043773	10044915
2847at6231	SRAT.LN609529.1	13142873	13144149
2858at6231	SRAT.LN609528.1	8088354	8089904
2862at6231	SRAT.LN609529.1	4650590	4652159
2865at6231	SRAT.LN609529.1	9640384	9642310
2873at6231	SRAT.LN609529.1	5764804	5766398
2875at6231	SRAT.LN609528.1	4093068	4094282
2885at6231	SRAT.LN609530.1	431764	433134
2889at6231	SRAT.LN609529.1	11654569	11655925
2890at6231	SRAT.LN609528.1	10234926	10236388
2891at6231	SRAT.LN609529.1	10521637	10523243
2893at6231	SRAT.LN609529.1	5303904	5308098
2896at6231	SRAT.LN609528.1	3986111	3987964
2906at6231	SRAT.LN609528.1	2587357	2588468
2927at6231	SRAT.LN609529.1	6391500	6392723
2931at6231	SRAT.LN609528.1	464276	465940
2943at6231	SRAT.LN609529.1	8371455	8372769
2946at6231	SRAT.LN609528.1	9714223	9715601
2948at6231	SRAT.LN609528.1	8410281	8413856
2950at6231	SRAT.LN609529.1	15717100	15718647
2951at6231	SRAT.LN609529.1	9311027	9313129
2956at6231	SRAT.LN609528.1	298276	312369
2961at6231	SRAT.LN609528.1	4714410	4716339
2962at6231	SRAT.LN609528.1	1136181	1138125
2965at6231	SRAT.LN609528.1	9114676	9117010
2972at6231	SRAT.LN609529.1	14696310	14697544
2982at6231	SRAT.LN609528.1	4658537	4659913
2990at6231	SRAT.LN609528.1	767492	768799
2992at6231	SRAT.LN609528.1	4147227	4149675
2997at6231	SRAT.LN609529.1	9257434	9258712
2999at6231	SRAT.LN609529.1	6948653	6950796
3008at6231	SRAT.LN609530.1	4286791	4288341
3010at6231	SRAT.LN609528.1	3942349	3945699
3024at6231	SRAT.LN609528.1	4519494	4520911
3031at6231	SRAT.LN609529.1	10209108	10210593
3035at6231	SRAT.LN609529.1	5845603	5847260
3039at6231	SRAT.LN609528.1	7430238	7431775
3040at6231	SRAT.LN609528.1	107627	109033
3045at6231	SRAT.LN609528.1	6307515	6308493
3047at6231	SRAT.LN609529.1	10443201	10444432
3051at6231	SRAT.LN609528.1	10372681	10374315
3059at6231	SRAT.LN609530.1	1652253	1653465
3060at6231	SRAT.LN609529.1	11059890	11061215
3063at6231	SRAT.LN609528.1	10048940	10050637
3070at6231	SRAT.LN609529.1	9981400	9982805
3077at6231	SRAT.LN609529.1	484783	486333
3086at6231	SRAT.LN609529.1	3362250	3363293
3088at6231	SRAT.LN609528.1	3266065	3267661
3089at6231	SRAT.LN609529.1	14917420	14919076
3097at6231	SRAT.LN609528.1	3418737	3420371
3108at6231	SRAT.LN609529.1	3572198	3576191
3112at6231	SRAT.LN609529.1	3666569	3667914
3125at6231	SRAT.LN609529.1	1817579	1820083
3157at6231	SRAT.LN609529.1	5422518	5424163
3167at6231	SRAT.LN609529.1	3828136	3829533
3183at6231	SRAT.LN609528.1	4838934	4840431
3196at6231	SRAT.LN609529.1	10415247	10420113
3205at6231	SRAT.LN609528.1	2736061	2737244
3211at6231	SRAT.LN609529.1	6961276	6962696
3214at6231	SRAT.LN609529.1	2112090	2114945
3218at6231	SRAT.LN609528.1	9836113	9837476
3219at6231	SRAT.LN609529.1	9689137	9696026
3223at6231	SRAT.LN609528.1	1812643	1814145
3225at6231	SRAT.LN609528.1	43253	44878
3226at6231	SRAT.LN609529.1	2070173	2071517
3230at6231	SRAT.LN609529.1	11333101	11334430
3231at6231	SRAT.LN609529.1	1853645	1855273
3232at6231	SRAT.LN609528.1	3267767	3268745
3235at6231	SRAT.LN609529.1	4322481	4324942
3240at6231	SRAT.LN609530.1	2196980	2199467
3254at6231	SRAT.LN609529.1	9741147	9742437
3259at6231	SRAT.LN609528.1	8643460	8644998
3260at6231	SRAT.LN609529.1	8347872	8348991
3276at6231	SRAT.LN609530.1	915327	916652
3292at6231	SRAT.LN609528.1	1369747	1371253
3293at6231	SRAT.LN609529.1	1026223	1027491
3295at6231	SRAT.LN609529.1	971704	978026
3302at6231	SRAT.LN609528.1	5879845	5881149
3304at6231	SRAT.LN609528.1	9519467	9521094
3312at6231	SRAT.LN609529.1	14003732	14006625
3324at6231	SRAT.LN609529.1	10747885	10749105
3326at6231	SRAT.LN609529.1	5208236	5209561
3331at6231	SRAT.LN609529.1	9821621	9823751
3335at6231	SRAT.LN609529.1	10010759	10012103
3340at6231	SRAT.LN609528.1	2090292	2091522
3349at6231	SRAT.LN609528.1	3833254	3834403
3366at6231	SRAT.LN609529.1	6094003	6095680
3373at6231	SRAT.LN609528.1	106061	107421
3376at6231	SRAT.LN609529.1	728880	732791
3377at6231	SRAT.LN609529.1	6220883	6222056
3378at6231	SRAT.LN609528.1	10757833	10758971
3379at6231	SRAT.LN609528.1	10824766	10825983
3381at6231	SRAT.LN609528.1	8521708	8523042
3386at6231	SRAT.LN609529.1	8889918	8893128
3393at6231	SRAT.LN609529.1	10285272	10287456
3396at6231	SRAT.LN609529.1	1783111	1784722
3400at6231	SRAT.LN609529.1	9397543	9398825
3401at6231	SRAT.LN609529.1	8997195	8998883
3403at6231	SRAT.LN609529.1	11085180	11086907
3408at6231	SRAT.LN609528.1	2402251	2403535
3411at6231	SRAT.LN609529.1	7106161	7108384
3414at6231	SRAT.LN609529.1	2367175	2369417
3417at6231	SRAT.LN609529.1	16355440	16356723
3419at6231	SRAT.LN609529.1	1230350	1231450
3420at6231	SRAT.LN609529.1	5542851	5543942
3422at6231	SRAT.LN609529.1	4178461	4180488
3433at6231	SRAT.LN609528.1	10959651	10962581
3444at6231	SRAT.LN609529.1	8021672	8022790
3445at6231	SRAT.LN609528.1	8396166	8397824
3450at6231	SRAT.LN609529.1	3542672	3544616
3452at6231	SRAT.LN609528.1	7554322	7556190
3466at6231	SRAT.LN609528.1	10003072	10004421
3474at6231	SRAT.LN609528.1	5519791	5521316
3486at6231	SRAT.LN609528.1	7960493	7962806
3487at6231	SRAT.LN609529.1	4534868	4536650
3490at6231	SRAT.LN609530.1	325847	327284
3493at6231	SRAT.LN609528.1	3776382	3777625
3496at6231	SRAT.LN609528.1	11664427	11665756
3500at6231	SRAT.LN609529.1	8884578	8886517
3502at6231	SRAT.LN609529.1	11280129	11281589
3509at6231	SRAT.LN609528.1	8881932	8883096
3520at6231	SRAT.LN609528.1	8537586	8539008
3523at6231	SRAT.LN609529.1	11329564	11331277
3524at6231	SRAT.LN609528.1	4132024	4133774
3531at6231	SRAT.LN609530.1	843074	844539
3534at6231	SRAT.LN609528.1	9215200	9216496
3542at6231	SRAT.LN609529.1	7947355	7948497
3545at6231	SRAT.LN609529.1	10989870	10991237
3548at6231	SRAT.LN609528.1	8480003	8481966
3552at6231	SRAT.LN609528.1	6523369	6524441
3553at6231	SRAT.LN609529.1	7733486	7734585
3558at6231	SRAT.LN609529.1	6439226	6440639
3561at6231	SRAT.LN609528.1	5252350	5253760
3570at6231	SRAT.LN609529.1	10025402	10027209
3577at6231	SRAT.LN609529.1	3948340	3950050
3581at6231	SRAT.LN609528.1	6844979	6846151
3582at6231	SRAT.LN609529.1	11346098	11347180
3584at6231	SRAT.LN609528.1	520995	522166
3596at6231	SRAT.LN609529.1	4300417	4303418
3601at6231	SRAT.LN609528.1	9630389	9632236
3607at6231	SRAT.LN609528.1	4652284	4653670
3609at6231	SRAT.LN609528.1	4634032	4635779
3612at6231	SRAT.LN609528.1	11146057	11147126
3618at6231	SRAT.LN609529.1	2724574	2726202
3630at6231	SRAT.LN609528.1	4449000	4451845
3635at6231	SRAT.LN609530.1	671875	673177
3637at6231	SRAT.LN609529.1	3781702	3782969
3638at6231	SRAT.LN609529.1	14251039	14252761
3642at6231	SRAT.LN609528.1	5976959	5978421
3644at6231	SRAT.LN609529.1	7802126	7804267
3654at6231	SRAT.LN609529.1	9918000	9924520
3660at6231	SRAT.LN609528.1	11605909	11607452
3666at6231	SRAT.LN609528.1	4295324	4297768
3667at6231	SRAT.LN609529.1	5506670	5508023
3669at6231	SRAT.LN609528.1	6362196	6363852
3671at6231	SRAT.LN609529.1	4206700	4207812
3676at6231	SRAT.LN609528.1	7471222	7475515
3678at6231	SRAT.LN609528.1	6727343	6728431
3688at6231	SRAT.LN609529.1	767920	768999
3693at6231	SRAT.LN609529.1	12929322	12930423
3696at6231	SRAT.LN609529.1	11220883	11222129
3698at6231	SRAT.LN609529.1	11708022	11709120
3699at6231	SRAT.LN609529.1	915976	917902
3701at6231	SRAT.LN609528.1	11114342	11116008
3719at6231	SRAT.LN609530.1	4466540	4467727
3723at6231	SRAT.LN609529.1	15831663	15833419
3732at6231	SRAT.LN609528.1	4807237	4809338
3741at6231	SRAT.LN609528.1	1522424	1523668
3746at6231	SRAT.LN609530.1	24633	25661
3748at6231	SRAT.LN609529.1	11466204	11467322
3754at6231	SRAT.LN609530.1	1614608	1616333
3760at6231	SRAT.LN609529.1	277703	281859
3769at6231	SRAT.LN609529.1	586523	590453
3774at6231	SRAT.LN609528.1	8725684	8727244
3776at6231	SRAT.LN609529.1	7520983	7522241
3781at6231	SRAT.LN609529.1	8467296	8468487
3793at6231	SRAT.LN609529.1	3403656	3405271
3794at6231	SRAT.LN609529.1	7148597	7149894
3802at6231	SRAT.LN609528.1	6356994	6358202
3816at6231	SRAT.LN609528.1	9110585	9111925
3818at6231	SRAT.LN609529.1	12454493	12455828
3821at6231	SRAT.LN609530.1	1654412	1658700
3830at6231	SRAT.LN609528.1	3633091	3634236
3835at6231	SRAT.LN609529.1	14990983	14992402
3836at6231	SRAT.LN609529.1	3723580	3725165
3843at6231	SRAT.LN609529.1	12558110	12559375
3845at6231	SRAT.LN609530.1	2676923	2678432
3852at6231	SRAT.LN609529.1	7986398	7987727
3857at6231	SRAT.LN609529.1	11464674	11466089
3863at6231	SRAT.LN609529.1	10175801	10176891
3869at6231	SRAT.LN609529.1	1923506	1924769
3878at6231	SRAT.LN609529.1	13387626	13388955
3879at6231	SRAT.LN609529.1	674579	676039
3880at6231	SRAT.LN609528.1	10978927	10980159
3885at6231	SRAT.LN609529.1	2767556	2768811
3887at6231	SRAT.LN609529.1	13252179	13253387
3891at6231	SRAT.LN609529.1	8329346	8334598
3894at6231	SRAT.LN609529.1	8353222	8354363
3903at6231	SRAT.LN609528.1	7485241	7486591
3907at6231	SRAT.LN609528.1	8861690	8862928
3908at6231	SRAT.LN609528.1	7618599	7621593
3919at6231	SRAT.LN609528.1	8975613	8977129
3927at6231	SRAT.LN609529.1	15377113	15378327
3929at6231	SRAT.LN609529.1	888523	893039
3930at6231	SRAT.LN609529.1	9880945	9885093
3931at6231	SRAT.LN609528.1	9921542	9922644
3935at6231	SRAT.LN609528.1	562979	564243
3939at6231	SRAT.LN609529.1	13655903	13657191
3957at6231	SRAT.LN609529.1	834976	836081
3960at6231	SRAT.LN609529.1	6915675	6916835
3968at6231	SRAT.LN609529.1	8312486	8313502
3969at6231	SRAT.LN609528.1	2322982	2324169
3976at6231	SRAT.LN609528.1	6718610	6719838
3987at6231	SRAT.LN609528.1	5337697	5338790
3992at6231	SRAT.LN609529.1	996098	997371
3993at6231	SRAT.LN609528.1	6337250	6338761
3995at6231	SRAT.LN609529.1	7764936	7766538
4001at6231	SRAT.LN609530.1	2125424	2126526
4003at6231	SRAT.LN609529.1	9779106	9780297
4026at6231	SRAT.LN609529.1	1291715	1292773
4028at6231	SRAT.LN609530.1	193272	194260
4030at6231	SRAT.LN609529.1	5323064	5324209
4046at6231	SRAT.LN609529.1	7834938	7837194
4050at6231	SRAT.LN609529.1	7995265	7996631
4054at6231	SRAT.LN609528.1	721996	724012
4055at6231	SRAT.LN609530.1	4175012	4178524
4061at6231	SRAT.LN609529.1	27765	28797
4063at6231	SRAT.LN609528.1	6639562	6640769
4069at6231	SRAT.LN609528.1	5766668	5768118
4072at6231	SRAT.LN609530.1	2068215	2069821
4075at6231	SRAT.LN609528.1	11106395	11107384
4076at6231	SRAT.LN609529.1	14625834	14627308
4088at6231	SRAT.LN609528.1	9896610	9899065
4089at6231	SRAT.LN609529.1	6383729	6385066
4104at6231	SRAT.LN609528.1	9556504	9558193
4106at6231	SRAT.LN609528.1	8551753	8552903
4108at6231	SRAT.LN609528.1	10946974	10948402
4120at6231	SRAT.LN609528.1	3814785	3815684
4123at6231	SRAT.LN609529.1	10824119	10825132
4128at6231	SRAT.LN609529.1	13891382	13892430
4130at6231	SRAT.LN609529.1	11569293	11570391
4137at6231	SRAT.LN609528.1	7996195	7997495
4141at6231	SRAT.LN609530.1	1872133	1874329
4153at6231	SRAT.LN609528.1	9969997	9973903
4155at6231	SRAT.LN609529.1	700487	701446
4166at6231	SRAT.LN609528.1	10787426	10788361
4168at6231	SRAT.LN609529.1	6837170	6838290
4171at6231	SRAT.LN609529.1	8956654	8957759
4173at6231	SRAT.LN609529.1	7494031	7500080
4176at6231	SRAT.LN609529.1	3775778	3778274
4178at6231	SRAT.LN609528.1	4742218	4743167
4181at6231	SRAT.LN609528.1	10440226	10441890
4182at6231	SRAT.LN609528.1	11576464	11577506
4183at6231	SRAT.LN609529.1	8233263	8234416
4202at6231	SRAT.LN609528.1	9516879	9518198
4208at6231	SRAT.LN609528.1	3049814	3050773
4209at6231	SRAT.LN609529.1	15860694	15861820
4211at6231	SRAT.LN609529.1	10047910	10049316
4213at6231	SRAT.LN609529.1	6639851	6640985
4231at6231	SRAT.LN609529.1	1488503	1490663
4238at6231	SRAT.LN609529.1	14763561	14764797
4246at6231	SRAT.LN609528.1	8477429	8479480
4248at6231	SRAT.LN609528.1	9334581	9336001
4277at6231	SRAT.LN609528.1	1814339	1815543
4285at6231	SRAT.LN609529.1	537827	541259
4289at6231	SRAT.LN609529.1	6790643	6791670
4296at6231	SRAT.LN609530.1	669212	670722
4301at6231	SRAT.LN609529.1	1880278	1881385
4303at6231	SRAT.LN609529.1	6767353	6768559
4307at6231	SRAT.LN609528.1	5207718	5209590
4310at6231	SRAT.LN609528.1	9240739	9243931
4318at6231	SRAT.LN609529.1	5252500	5253541
4320at6231	SRAT.LN609530.1	3595829	3597084
4322at6231	SRAT.LN609529.1	3604383	3608244
4333at6231	SRAT.LN609529.1	12259180	12261920
4337at6231	SRAT.LN609529.1	8221309	8222278
4338at6231	SRAT.LN609529.1	15989763	15990728
4357at6231	SRAT.LN609529.1	11335057	11337081
4359at6231	SRAT.LN609529.1	7295864	7297427
4364at6231	SRAT.LN609529.1	4558807	4560974
4405at6231	SRAT.LN609528.1	5839244	5840789
4407at6231	SRAT.LN609530.1	1408037	1409059
4415at6231	SRAT.LN609529.1	8231674	8232881
4417at6231	SRAT.LN609529.1	5200365	5201939
4422at6231	SRAT.LN609529.1	761744	762733
4428at6231	SRAT.LN609529.1	10033358	10034263
4435at6231	SRAT.LN609529.1	15987906	15989288
4454at6231	SRAT.LN609528.1	1858316	1859806
4457at6231	SRAT.LN609529.1	14717437	14723384
4458at6231	SRAT.LN609529.1	10144277	10146196
4461at6231	SRAT.LN609528.1	9748156	9749334
4468at6231	SRAT.LN609529.1	3541172	3542601
4469at6231	SRAT.LN609529.1	4661409	4662781
4485at6231	SRAT.LN609528.1	3824983	3827855
4492at6231	SRAT.LN609528.1	67203	68624
4504at6231	SRAT.LN609529.1	15289992	15291038
4509at6231	SRAT.LN609529.1	6441251	6442568
4512at6231	SRAT.LN609529.1	10508552	10509547
4519at6231	SRAT.LN609529.1	3510523	3511808
4525at6231	SRAT.LN609529.1	5775664	5776941
4539at6231	SRAT.LN609528.1	7544137	7545354
4540at6231	SRAT.LN609529.1	2648979	2650109
4542at6231	SRAT.LN609529.1	15892746	15894916
4551at6231	SRAT.LN609528.1	5898136	5899234
4572at6231	SRAT.LN609528.1	5407223	5409189
4580at6231	SRAT.LN609528.1	11204163	11207063
4585at6231	SRAT.LN609528.1	5656806	5659690
4586at6231	SRAT.LN609529.1	3347288	3349864
4590at6231	SRAT.LN609529.1	10279687	10280656
4593at6231	SRAT.LN609528.1	1822101	1824813
4597at6231	SRAT.LN609529.1	7239344	7240421
4598at6231	SRAT.LN609529.1	4848993	4851078
4602at6231	SRAT.LN609529.1	8017757	8021068
4607at6231	SRAT.LN609529.1	11702895	11705259
4611at6231	SRAT.LN609529.1	7009546	7011282
4612at6231	SRAT.LN609530.1	161727	162675
4621at6231	SRAT.LN609529.1	11026069	11028866
4622at6231	SRAT.LN609528.1	10623191	10626272
4635at6231	SRAT.LN609529.1	9544137	9545023
4639at6231	SRAT.LN609529.1	558336	559476
4657at6231	SRAT.LN609529.1	6274495	6275401
4669at6231	SRAT.LN609530.1	3412187	3417229
4675at6231	SRAT.LN609529.1	1745026	1746623
4680at6231	SRAT.LN609529.1	6324919	6325839
4690at6231	SRAT.LN609529.1	5009213	5010222
4692at6231	SRAT.LN609528.1	6599452	6601265
4702at6231	SRAT.LN609528.1	6507658	6508551
4703at6231	SRAT.LN609529.1	5774643	5775622
4722at6231	SRAT.LN609530.1	497239	498093
4726at6231	SRAT.LN609529.1	9756625	9757679
4735at6231	SRAT.LN609528.1	11166230	11167514
4746at6231	SRAT.LN609529.1	16498274	16499756
4750at6231	SRAT.LN609529.1	8520282	8521286
4754at6231	SRAT.LN609528.1	1182467	1184016
4757at6231	SRAT.LN609529.1	5671327	5672922
4759at6231	SRAT.LN609529.1	7237075	7239224
4763at6231	SRAT.LN609529.1	3516672	3517724
4766at6231	SRAT.LN609528.1	9828673	9833944
4771at6231	SRAT.LN609529.1	8631734	8632597
4775at6231	SRAT.LN609529.1	16218997	16220760
4777at6231	SRAT.LN609529.1	7639576	7640612
4779at6231	SRAT.LN609529.1	15655333	15656781
4780at6231	SRAT.LN609528.1	9403129	9404208
4786at6231	SRAT.LN609528.1	1796349	1798655
4793at6231	SRAT.LN609528.1	7766930	7769798
4794at6231	SRAT.LN609529.1	11601810	11605175
4798at6231	SRAT.LN609529.1	14034482	14035522
4802at6231	SRAT.LN609529.1	7616664	7617961
4804at6231	SRAT.LN609529.1	7538403	7539528
4806at6231	SRAT.LN609529.1	7507840	7508901
4811at6231	SRAT.LN609529.1	450107	451285
4814at6231	SRAT.LN609529.1	6803113	6804547
4816at6231	SRAT.LN609530.1	3295998	3298887
4825at6231	SRAT.LN609529.1	4146018	4148282
4834at6231	SRAT.LN609528.1	4660051	4660778
4839at6231	SRAT.LN609528.1	955480	956484
4848at6231	SRAT.LN609529.1	648308	649748
4856at6231	SRAT.LN609528.1	10823576	10824567
4859at6231	SRAT.LN609529.1	9031332	9032416
4863at6231	SRAT.LN609529.1	134379	135730
4877at6231	SRAT.LN609528.1	11191288	11192180
4879at6231	SRAT.LN609529.1	10273032	10274380
4881at6231	SRAT.LN609529.1	70692	73122
4883at6231	SRAT.LN609528.1	5542179	5543923
4900at6231	SRAT.LN609529.1	5375591	5376650
4903at6231	SRAT.LN609528.1	1524401	1525462
4905at6231	SRAT.LN609528.1	4401519	4402913
4906at6231	SRAT.LN609529.1	11051578	11054771
4910at6231	SRAT.LN609530.1	3975085	3976726
4913at6231	SRAT.LN609529.1	3206069	3207901
4918at6231	SRAT.LN609529.1	10631935	10634113
4919at6231	SRAT.LN609529.1	10877582	10878595
4925at6231	SRAT.LN609529.1	2255516	2261792
4930at6231	SRAT.LN609529.1	5694068	5696180
4940at6231	SRAT.LN609529.1	9236449	9237551
4951at6231	SRAT.LN609528.1	3831593	3832640
4961at6231	SRAT.LN609528.1	5952633	5953535
4968at6231	SRAT.LN609529.1	10543904	10544894
4973at6231	SRAT.LN609529.1	11952536	11954082
4977at6231	SRAT.LN609528.1	3093372	3094232
4978at6231	SRAT.LN609529.1	3601108	3604024
4985at6231	SRAT.LN609529.1	8311185	8312333
4988at6231	SRAT.LN609529.1	1341169	1342595
5001at6231	SRAT.LN609528.1	9901625	9903098
5011at6231	SRAT.LN609528.1	3363460	3364474
5013at6231	SRAT.LN609529.1	3432574	3433765
5016at6231	SRAT.LN609529.1	11350182	11351350
5019at6231	SRAT.LN609528.1	4398287	4400101
5038at6231	SRAT.LN609528.1	8496829	8498921
5045at6231	SRAT.LN609528.1	2549949	2551065
5057at6231	SRAT.LN609528.1	5314822	5315693
5062at6231	SRAT.LN609528.1	10015886	10018238
5070at6231	SRAT.LN609528.1	11465431	11466541
5071at6231	SRAT.LN609528.1	5649216	5651076
5074at6231	SRAT.LN609529.1	3560253	3561122
5082at6231	SRAT.LN609529.1	7154422	7155393
5083at6231	SRAT.LN609529.1	2022819	2024024
5087at6231	SRAT.LN609529.1	6302856	6304376
5090at6231	SRAT.LN609529.1	2278608	2279636
5091at6231	SRAT.LN609529.1	6292921	6293908
5113at6231	SRAT.LN609528.1	778129	779095
5117at6231	SRAT.LN609529.1	8323423	8324461
5131at6231	SRAT.LN609529.1	6354458	6356037
5132at6231	SRAT.LN609530.1	214029	215104
5135at6231	SRAT.LN609529.1	5901998	5902876
5142at6231	SRAT.LN609529.1	9736547	9738006
5147at6231	SRAT.LN609528.1	9680066	9680939
5156at6231	SRAT.LN609529.1	5615303	5617611
5158at6231	SRAT.LN609529.1	12884956	12886672
5165at6231	SRAT.LN609528.1	7857893	7859407
5179at6231	SRAT.LN609529.1	3520544	3521457
5188at6231	SRAT.LN609529.1	11015794	11016939
5189at6231	SRAT.LN609529.1	7546024	7547171
5190at6231	SRAT.LN609529.1	15309919	15311103
5191at6231	SRAT.LN609529.1	4668478	4669497
5198at6231	SRAT.LN609528.1	8545169	8548019
5199at6231	SRAT.LN609529.1	6423790	6424945
5207at6231	SRAT.LN609529.1	12583161	12588085
5208at6231	SRAT.LN609529.1	12479610	12480431
5229at6231	SRAT.LN609529.1	10838598	10839917
5240at6231	SRAT.LN609529.1	725719	726621
5248at6231	SRAT.LN609529.1	4256455	4257696
5251at6231	SRAT.LN609528.1	10475231	10477483
5256at6231	SRAT.LN609529.1	6270658	6271542
5261at6231	SRAT.LN609528.1	855248	857554
5263at6231	SRAT.LN609528.1	4064896	4065868
5268at6231	SRAT.LN609529.1	7967010	7967736
5276at6231	SRAT.LN609528.1	8668883	8673389
5280at6231	SRAT.LN609529.1	8540672	8543964
5283at6231	SRAT.LN609529.1	10683664	10684582
5285at6231	SRAT.LN609530.1	121870	122787
5289at6231	SRAT.LN609529.1	11227397	11228362
5290at6231	SRAT.LN609530.1	824067	825370
5294at6231	SRAT.LN609528.1	7995188	7996066
5297at6231	SRAT.LN609528.1	367156	368193
5298at6231	SRAT.LN609528.1	1233768	1234816
5299at6231	SRAT.LN609528.1	9756600	9767429
5306at6231	SRAT.LN609530.1	523170	524175
5311at6231	SRAT.LN609529.1	1649089	1650311
5318at6231	SRAT.LN609530.1	3082054	3083412
5319at6231	SRAT.LN609528.1	1141711	1142630
5330at6231	SRAT.LN609529.1	4357304	4358496
5331at6231	SRAT.LN609529.1	5612364	5613347
5340at6231	SRAT.LN609529.1	1877265	1878243
5342at6231	SRAT.LN609529.1	16354337	16355314
5344at6231	SRAT.LN609528.1	1970982	1971961
5347at6231	SRAT.LN609529.1	11586129	11587236
5351at6231	SRAT.LN609528.1	1153402	1154391
5364at6231	SRAT.LN609528.1	10268224	10269982
5365at6231	SRAT.LN609529.1	1576909	1579155
5371at6231	SRAT.LN609528.1	2987773	2989707
5387at6231	SRAT.LN609529.1	7095659	7098745
5398at6231	SRAT.LN609528.1	7942728	7943737
5415at6231	SRAT.LN609530.1	1438850	1439765
5420at6231	SRAT.LN609529.1	8389187	8390024
5434at6231	SRAT.LN609528.1	1894241	1895181
5441at6231	SRAT.LN609528.1	5753596	5755038
5449at6231	SRAT.LN609529.1	11351606	11353165
5451at6231	SRAT.LN609528.1	11542811	11544004
5452at6231	SRAT.LN609530.1	984503	985841
5469at6231	SRAT.LN609528.1	1579792	1583398
5470at6231	SRAT.LN609529.1	3835548	3836427
5472at6231	SRAT.LN609529.1	14928188	14929176
5480at6231	SRAT.LN609528.1	7646334	7647402
5481at6231	SRAT.LN609529.1	1523537	1524510
5482at6231	SRAT.LN609529.1	5773494	5774428
5484at6231	SRAT.LN609529.1	6582519	6583572
5488at6231	SRAT.LN609529.1	14713370	14714440
5490at6231	SRAT.LN609529.1	65588	67127
5499at6231	SRAT.LN609530.1	3271251	3273006
5502at6231	SRAT.LN609529.1	12964590	12966127
5505at6231	SRAT.LN609529.1	6988115	6989131
5508at6231	SRAT.LN609528.1	3619817	3625219
5510at6231	SRAT.LN609529.1	16251563	16252172
5513at6231	SRAT.LN609528.1	7744207	7749547
5514at6231	SRAT.LN609528.1	9009374	9011187
5515at6231	SRAT.LN609528.1	8038290	8039274
5517at6231	SRAT.LN609529.1	7597744	7598756
5521at6231	SRAT.LN609529.1	1738306	1739681
5522at6231	SRAT.LN609528.1	6937485	6938566
5535at6231	SRAT.LN609528.1	11365607	11366708
5541at6231	SRAT.LN609528.1	6842718	6844268
5542at6231	SRAT.LN609529.1	3181194	3183733
5545at6231	SRAT.LN609529.1	16114328	16115332
5548at6231	SRAT.LN609529.1	12497146	12498137
5566at6231	SRAT.LN609528.1	6640958	6641899
5574at6231	SRAT.LN609530.1	2839015	2842723
5585at6231	SRAT.LN609529.1	4623978	4625021
5597at6231	SRAT.LN609529.1	1189146	1190079
5598at6231	SRAT.LN609528.1	10019189	10020067
5607at6231	SRAT.LN609529.1	2758667	2764725
5610at6231	SRAT.LN609529.1	1228626	1229479
5611at6231	SRAT.LN609529.1	4318654	4319513
5616at6231	SRAT.LN609528.1	1458446	1459283
5621at6231	SRAT.LN609529.1	1273274	1279420
5626at6231	SRAT.LN609529.1	2213855	2215199
5643at6231	SRAT.LN609528.1	507660	509092
5647at6231	SRAT.LN609529.1	12480598	12481431
5648at6231	SRAT.LN609528.1	9324911	9326021
5652at6231	SRAT.LN609529.1	9732607	9733662
5655at6231	SRAT.LN609529.1	4412742	4414229
5660at6231	SRAT.LN609528.1	1723053	1724572
5664at6231	SRAT.LN609528.1	3629755	3632120
5668at6231	SRAT.LN609528.1	5878685	5879452
5671at6231	SRAT.LN609529.1	5783962	5784950
5685at6231	SRAT.LN609529.1	11537882	11538748
5693at6231	SRAT.LN609528.1	1332057	1332934
5707at6231	SRAT.LN609529.1	9783628	9784496
5714at6231	SRAT.LN609528.1	6789506	6791371
5718at6231	SRAT.LN609529.1	3492053	3492883
5740at6231	SRAT.LN609528.1	11318390	11319178
5741at6231	SRAT.LN609529.1	5492311	5493188
5752at6231	SRAT.LN609529.1	10761126	10762106
5754at6231	SRAT.LN609528.1	7832108	7835576
5755at6231	SRAT.LN609529.1	16392825	16393946
5761at6231	SRAT.LN609528.1	6802405	6803004
5767at6231	SRAT.LN609528.1	7375818	7376856
5770at6231	SRAT.LN609529.1	1919469	1920735
5771at6231	SRAT.LN609528.1	1632504	1633958
5773at6231	SRAT.LN609528.1	8549659	8550442
5779at6231	SRAT.LN609529.1	8700374	8701303
5785at6231	SRAT.LN609529.1	6102871	6103833
5789at6231	SRAT.LN609529.1	752698	753517
5793at6231	SRAT.LN609529.1	137716	138635
5805at6231	SRAT.LN609529.1	13878965	13880173
5811at6231	SRAT.LN609529.1	693525	694448
5822at6231	SRAT.LN609528.1	1383428	1384585
5827at6231	SRAT.LN609528.1	3566464	3567431
5834at6231	SRAT.LN609529.1	7183018	7184471
5842at6231	SRAT.LN609529.1	13075231	13077461
5844at6231	SRAT.LN609530.1	653537	656750
5849at6231	SRAT.LN609528.1	5094309	5096505
5854at6231	SRAT.LN609528.1	5032153	5034408
5855at6231	SRAT.LN609529.1	16166508	16167308
5856at6231	SRAT.LN609530.1	2360728	2361553
5862at6231	SRAT.LN609528.1	7017516	7018544
5868at6231	SRAT.LN609528.1	5894797	5895495
5869at6231	SRAT.LN609529.1	11539809	11540602
5872at6231	SRAT.LN609528.1	5629374	5630481
5875at6231	SRAT.LN609528.1	3866863	3867599
5882at6231	SRAT.LN609530.1	88078	89267
5888at6231	SRAT.LN609529.1	4474224	4476302
5891at6231	SRAT.LN609529.1	1319913	1320713
5895at6231	SRAT.LN609529.1	4472470	4473574
5900at6231	SRAT.LN609529.1	6634136	6635239
5909at6231	SRAT.LN609528.1	4230180	4230890
5911at6231	SRAT.LN609528.1	8515651	8521045
5925at6231	SRAT.LN609528.1	6945141	6946435
5928at6231	SRAT.LN609528.1	1256661	1257493
5930at6231	SRAT.LN609530.1	4314291	4315390
5952at6231	SRAT.LN609529.1	5696399	5697391
5957at6231	SRAT.LN609529.1	6959807	6960953
5962at6231	SRAT.LN609528.1	9600277	9601145
5965at6231	SRAT.LN609529.1	15162653	15163600
5979at6231	SRAT.LN609528.1	502264	503789
5996at6231	SRAT.LN609529.1	15032255	15034053
5997at6231	SRAT.LN609529.1	16356854	16357682
6012at6231	SRAT.LN609529.1	12049354	12051095
6022at6231	SRAT.LN609529.1	8446281	8447193
6023at6231	SRAT.LN609528.1	6734814	6735620
6028at6231	SRAT.LN609528.1	10570969	10572339
6031at6231	SRAT.LN609528.1	10004438	10005380
6036at6231	SRAT.LN609529.1	15508150	15509395
6041at6231	SRAT.LN609528.1	9774853	9775661
6046at6231	SRAT.LN609529.1	10555033	10555961
6057at6231	SRAT.LN609528.1	5338892	5339742
6060at6231	SRAT.LN609528.1	11652079	11653815
6080at6231	SRAT.LN609529.1	6791842	6792574
6081at6231	SRAT.LN609528.1	11656385	11657177
6083at6231	SRAT.LN609528.1	3372630	3373566
6103at6231	SRAT.LN609529.1	8913250	8914202
6105at6231	SRAT.LN609528.1	6076898	6079572
6106at6231	SRAT.LN609530.1	3122829	3123707
6111at6231	SRAT.LN609529.1	5703942	5704909
6115at6231	SRAT.LN609529.1	11789987	11791099
6122at6231	SRAT.LN609529.1	3194951	3195679
6132at6231	SRAT.LN609530.1	3796062	3796873
6134at6231	SRAT.LN609529.1	13735671	13736597
6146at6231	SRAT.LN609529.1	8574153	8578203
6148at6231	SRAT.LN609528.1	10481674	10482525
6156at6231	SRAT.LN609529.1	1827560	1836139
6172at6231	SRAT.LN609529.1	836259	837041
6176at6231	SRAT.LN609528.1	4829856	4830715
6186at6231	SRAT.LN609529.1	8381267	8382040
6193at6231	SRAT.LN609529.1	847708	848626
6197at6231	SRAT.LN609528.1	6577278	6578558
6207at6231	SRAT.LN609528.1	10022726	10024401
6214at6231	SRAT.LN609528.1	9822657	9823496
6218at6231	SRAT.LN609529.1	12804773	12806412
6234at6231	SRAT.LN609528.1	3743161	3744236
6237at6231	SRAT.LN609529.1	11437272	11438528
6240at6231	SRAT.LN609529.1	5191426	5192157
6246at6231	SRAT.LN609529.1	4284931	4286836
6250at6231	SRAT.LN609528.1	4466379	4467064
6268at6231	SRAT.LN609529.1	7474614	7479662
6303at6231	SRAT.LN609529.1	11970763	11971771
6305at6231	SRAT.LN609528.1	3811377	3812222
6309at6231	SRAT.LN609529.1	2746764	2747483
6311at6231	SRAT.LN609529.1	8082526	8083506
6318at6231	SRAT.LN609529.1	9451152	9453729
6328at6231	SRAT.LN609530.1	4105133	4105981
6333at6231	SRAT.LN609528.1	1786928	1788791
6340at6231	SRAT.LN609528.1	5978628	5979396
6348at6231	SRAT.LN609528.1	4817465	4818237
6350at6231	SRAT.LN609529.1	3597621	3600357
6360at6231	SRAT.LN609529.1	809611	810748
6366at6231	SRAT.LN609529.1	6023313	6024173
6374at6231	SRAT.LN609529.1	13234493	13235197
6423at6231	SRAT.LN609529.1	12309978	12311568
6427at6231	SRAT.LN609528.1	891533	892282
6434at6231	SRAT.LN609528.1	2471699	2472702
6438at6231	SRAT.LN609529.1	14636913	14639446
6440at6231	SRAT.LN609528.1	9165003	9166051
6448at6231	SRAT.LN609529.1	6604116	6604783
6451at6231	SRAT.LN609528.1	8901064	8901811
6462at6231	SRAT.LN609529.1	9808060	9808784
6479at6231	SRAT.LN609529.1	2232565	2233187
6482at6231	SRAT.LN609529.1	7540489	7541767
6496at6231	SRAT.LN609529.1	6581119	6582367
6507at6231	SRAT.LN609529.1	3577883	3578868
6514at6231	SRAT.LN609528.1	3047793	3048243
6523at6231	SRAT.LN609528.1	6364193	6365030
6531at6231	SRAT.LN609530.1	1119256	1120095
6551at6231	SRAT.LN609529.1	10681602	10683434
6553at6231	SRAT.LN609529.1	3230357	3234719
6557at6231	SRAT.LN609529.1	15440039	15442123
6566at6231	SRAT.LN609528.1	10989426	10990478
6569at6231	SRAT.LN609529.1	7834016	7834725
6571at6231	SRAT.LN609529.1	10380648	10381290
6590at6231	SRAT.LN609529.1	798800	801002
6599at6231	SRAT.LN609529.1	2765794	2766372
6610at6231	SRAT.LN609529.1	7976726	7977480
6614at6231	SRAT.LN609530.1	335210	336331
6628at6231	SRAT.LN609528.1	6670917	6673264
6630at6231	SRAT.LN609529.1	14704276	14705478
6635at6231	SRAT.LN609530.1	461170	462248
6637at6231	SRAT.LN609528.1	5791246	5792267
6642at6231	SRAT.LN609529.1	7205743	7206918
6649at6231	SRAT.LN609528.1	11105459	11106175
6652at6231	SRAT.LN609529.1	10428320	10429108
6662at6231	SRAT.LN609529.1	13383333	13384880
6663at6231	SRAT.LN609529.1	2228991	2230047
6666at6231	SRAT.LN609529.1	6986868	6987725
6673at6231	SRAT.LN609528.1	6918823	6921739
6678at6231	SRAT.LN609529.1	12538769	12539519
6679at6231	SRAT.LN609528.1	8994521	8995787
6686at6231	SRAT.LN609529.1	9295756	9297562
6690at6231	SRAT.LN609528.1	4964676	4965479
6693at6231	SRAT.LN609528.1	7653546	7654384
6703at6231	SRAT.LN609529.1	9358823	9360174
6706at6231	SRAT.LN609529.1	10330913	10331565
6707at6231	SRAT.LN609528.1	8453415	8454079
6708at6231	SRAT.LN609529.1	15095526	15096227
6743at6231	SRAT.LN609529.1	9416110	9416796
6752at6231	SRAT.LN609529.1	9154458	9157553
6753at6231	SRAT.LN609529.1	12262881	12263498
6757at6231	SRAT.LN609528.1	3351492	3352366
6764at6231	SRAT.LN609529.1	1782274	1782996
6765at6231	SRAT.LN609528.1	6987975	6988853
6768at6231	SRAT.LN609530.1	3622881	3623866
6777at6231	SRAT.LN609530.1	3441413	3443057
6813at6231	SRAT.LN609529.1	9179149	9179967
6816at6231	SRAT.LN609528.1	806777	808696
6826at6231	SRAT.LN609530.1	4389565	4395901
6827at6231	SRAT.LN609528.1	10812241	10813362
6835at6231	SRAT.LN609529.1	7690443	7691316
6838at6231	SRAT.LN609529.1	10629251	10630180
6843at6231	SRAT.LN609529.1	9828378	9829007
6848at6231	SRAT.LN609529.1	7368487	7369392
6860at6231	SRAT.LN609529.1	4567229	4567930
6862at6231	SRAT.LN609528.1	8583660	8585462
6875at6231	SRAT.LN609529.1	1195447	1196766
6877at6231	SRAT.LN609529.1	52897	54459
6879at6231	SRAT.LN609528.1	603507	604136
6880at6231	SRAT.LN609529.1	2899660	2900360
6888at6231	SRAT.LN609528.1	7920023	7921013
6896at6231	SRAT.LN609529.1	10186318	10187588
6902at6231	SRAT.LN609529.1	951233	953255
6907at6231	SRAT.LN609528.1	4865608	4872646
6914at6231	SRAT.LN609529.1	10621638	10622410
6917at6231	SRAT.LN609529.1	10541728	10542441
6921at6231	SRAT.LN609528.1	5295475	5296414
6924at6231	SRAT.LN609529.1	13880552	13881758
6935at6231	SRAT.LN609530.1	3535983	3540173
6941at6231	SRAT.LN609529.1	6100421	6102451
6942at6231	SRAT.LN609528.1	3779236	3779926
6943at6231	SRAT.LN609529.1	556505	557239
6946at6231	SRAT.LN609528.1	11439348	11441860
6949at6231	SRAT.LN609529.1	10439798	10441049
6967at6231	SRAT.LN609529.1	8629622	8630351
6979at6231	SRAT.LN609528.1	8091455	8092063
6984at6231	SRAT.LN609529.1	6821024	6821878
6989at6231	SRAT.LN609529.1	7654482	7656561
6991at6231	SRAT.LN609529.1	1039867	1040491
6998at6231	SRAT.LN609529.1	8123340	8124518
7002at6231	SRAT.LN609528.1	9696692	9697312
7003at6231	SRAT.LN609528.1	4588372	4589068
7004at6231	SRAT.LN609529.1	2770522	2771406
7005at6231	SRAT.LN609528.1	9410982	9411627
7007at6231	SRAT.LN609528.1	4340009	4340765
7008at6231	SRAT.LN609528.1	6647536	6648389
7009at6231	SRAT.LN609529.1	4503260	4504062
7012at6231	SRAT.LN609528.1	640540	641457
7026at6231	SRAT.LN609530.1	1481421	1483113
7045at6231	SRAT.LN609529.1	689575	690352
7050at6231	SRAT.LN609528.1	3634382	3635230
7056at6231	SRAT.LN609529.1	2182934	2183644
7068at6231	SRAT.LN609529.1	3538564	3539202
7071at6231	SRAT.LN609529.1	14576833	14577567
7082at6231	SRAT.LN609529.1	10207718	10208972
7086at6231	SRAT.LN609528.1	7340991	7341618
7088at6231	SRAT.LN609528.1	2185793	2186472
7089at6231	SRAT.LN609529.1	6633150	6633846
7092at6231	SRAT.LN609528.1	8429086	8429881
7094at6231	SRAT.LN609529.1	12275065	12276466
7106at6231	SRAT.LN609529.1	1437172	1439435
7109at6231	SRAT.LN609528.1	1219122	1219860
7114at6231	SRAT.LN609529.1	581962	582560
7116at6231	SRAT.LN609528.1	1264634	1265322
7119at6231	SRAT.LN609528.1	9521670	9522385
7123at6231	SRAT.LN609529.1	4804750	4805454
7146at6231	SRAT.LN609529.1	4226135	4227005
7161at6231	SRAT.LN609528.1	7757518	7758172
7169at6231	SRAT.LN609529.1	5916755	5917261
7172at6231	SRAT.LN609529.1	8292305	8293706
7175at6231	SRAT.LN609529.1	10200535	10201205
7183at6231	SRAT.LN609530.1	2814746	2816693
7187at6231	SRAT.LN609530.1	2681386	2686405
7196at6231	SRAT.LN609528.1	4183463	4188244
7197at6231	SRAT.LN609528.1	5912762	5913486
7216at6231	SRAT.LN609529.1	1435375	1436311
7220at6231	SRAT.LN609529.1	1149010	1150125
7223at6231	SRAT.LN609529.1	7779785	7780330
7225at6231	SRAT.LN609529.1	1821107	1821816
7232at6231	SRAT.LN609529.1	3514413	3515074
7234at6231	SRAT.LN609529.1	1281857	1282522
7246at6231	SRAT.LN609529.1	6536188	6537882
7251at6231	SRAT.LN609529.1	11515209	11515811
7252at6231	SRAT.LN609529.1	11276175	11277904
7258at6231	SRAT.LN609528.1	9162345	9164288
7260at6231	SRAT.LN609528.1	10737747	10740374
7265at6231	SRAT.LN609529.1	9531170	9531796
7266at6231	SRAT.LN609529.1	93250	93873
7275at6231	SRAT.LN609529.1	7245767	7246380
7278at6231	SRAT.LN609529.1	1024890	1025452
7279at6231	SRAT.LN609528.1	5285392	5286100
7280at6231	SRAT.LN609529.1	2275907	2276568
7281at6231	SRAT.LN609529.1	6104058	6104761
7286at6231	SRAT.LN609528.1	11435069	11435713
7287at6231	SRAT.LN609528.1	4080434	4081134
7288at6231	SRAT.LN609528.1	9495829	9496416
7289at6231	SRAT.LN609529.1	8636808	8637641
7292at6231	SRAT.LN609529.1	10102567	10103304
7293at6231	SRAT.LN609529.1	7358401	7359301
7299at6231	SRAT.LN609528.1	8747152	8749087
7302at6231	SRAT.LN609530.1	3470142	3470912
7305at6231	SRAT.LN609529.1	10645112	10645672
7311at6231	SRAT.LN609528.1	10338772	10339958
7319at6231	SRAT.LN609529.1	6992632	6999774
7322at6231	SRAT.LN609529.1	7073635	7075124
7327at6231	SRAT.LN609528.1	1140185	1140832
7328at6231	SRAT.LN609529.1	5894096	5894811
7340at6231	SRAT.LN609528.1	8259366	8260035
7345at6231	SRAT.LN609529.1	4192674	4193507
7351at6231	SRAT.LN609529.1	6425350	6426368
7352at6231	SRAT.LN609529.1	3680747	3681494
7363at6231	SRAT.LN609529.1	9782784	9783441
7367at6231	SRAT.LN609529.1	7555975	7556628
7371at6231	SRAT.LN609529.1	4422596	4423206
7381at6231	SRAT.LN609529.1	11808593	11809549
7385at6231	SRAT.LN609529.1	4740518	4741221
7416at6231	SRAT.LN609529.1	3569383	3571477
7422at6231	SRAT.LN609529.1	5930548	5933505
7430at6231	SRAT.LN609529.1	2081989	2082609
7460at6231	SRAT.LN609529.1	9324956	9326141
7469at6231	SRAT.LN609528.1	1871092	1872559
7473at6231	SRAT.LN609528.1	1216787	1217447
7474at6231	SRAT.LN609528.1	3617187	3618550
7480at6231	SRAT.LN609528.1	9329767	9330557
7481at6231	SRAT.LN609528.1	3234056	3235771
7486at6231	SRAT.LN609529.1	434564	438245
7490at6231	SRAT.LN609528.1	7537057	7537749
7500at6231	SRAT.LN609529.1	9248930	9249470
7507at6231	SRAT.LN609530.1	1060658	1063963
7511at6231	SRAT.LN609528.1	7348650	7349179
7519at6231	SRAT.LN609528.1	5539991	5541828
7520at6231	SRAT.LN609528.1	9332559	9333203
7524at6231	SRAT.LN609529.1	5535112	5535716
7525at6231	SRAT.LN609529.1	7201467	7202017
7528at6231	SRAT.LN609529.1	1287765	1288455
7540at6231	SRAT.LN609528.1	2150855	2152265
7546at6231	SRAT.LN609529.1	2071842	2072630
7555at6231	SRAT.LN609529.1	13149268	13150098
7558at6231	SRAT.LN609529.1	2295173	2295673
7560at6231	SRAT.LN609529.1	12109825	12110821
7565at6231	SRAT.LN609529.1	6260131	6260751
7566at6231	SRAT.LN609528.1	4884196	4885828
7571at6231	SRAT.LN609529.1	2803790	2804672
7573at6231	SRAT.LN609528.1	11346811	11347414
7579at6231	SRAT.LN609529.1	4353510	4354547
7606at6231	SRAT.LN609530.1	2224992	2226832
7612at6231	SRAT.LN609528.1	7001021	7001950
7615at6231	SRAT.LN609529.1	9424890	9426388
7626at6231	SRAT.LN609529.1	8132724	8134431
7627at6231	SRAT.LN609529.1	9985223	9986988
7628at6231	SRAT.LN609529.1	6969841	6970716
7633at6231	SRAT.LN609529.1	11177811	11178717
7637at6231	SRAT.LN609530.1	1436918	1437538
7651at6231	SRAT.LN609529.1	2923682	2925923
7662at6231	SRAT.LN609530.1	1209764	1211248
7663at6231	SRAT.LN609529.1	6455517	6456108
7664at6231	SRAT.LN609528.1	407721	408479
7665at6231	SRAT.LN609528.1	11557786	11558454
7669at6231	SRAT.LN609528.1	6862435	6863121
7670at6231	SRAT.LN609529.1	15454800	15455505
7678at6231	SRAT.LN609529.1	8077927	8079105
7681at6231	SRAT.LN609528.1	3671243	3672004
7696at6231	SRAT.LN609529.1	172257	174771
7698at6231	SRAT.LN609529.1	11481061	11481892
7702at6231	SRAT.LN609529.1	11283547	11284008
7703at6231	SRAT.LN609529.1	8474468	8475133
7713at6231	SRAT.LN609528.1	5825823	5827620
7716at6231	SRAT.LN609529.1	4524306	4524815
7720at6231	SRAT.LN609529.1	10487239	10490583
7729at6231	SRAT.LN609528.1	6314101	6316069
7738at6231	SRAT.LN609528.1	10970788	10971991
7743at6231	SRAT.LN609529.1	6627023	6628575
7746at6231	SRAT.LN609528.1	3459398	3460339
7752at6231	SRAT.LN609529.1	10858439	10859862
7761at6231	SRAT.LN609529.1	2839290	2839860
7764at6231	SRAT.LN609528.1	2985245	2985839
7772at6231	SRAT.LN609529.1	3049556	3050455
7788at6231	SRAT.LN609528.1	10822584	10823394
7795at6231	SRAT.LN609529.1	776497	777491
7806at6231	SRAT.LN609529.1	11483995	11484995
7810at6231	SRAT.LN609529.1	16145715	16148753
7811at6231	SRAT.LN609528.1	1738871	1739874
7814at6231	SRAT.LN609528.1	839287	840045
7824at6231	SRAT.LN609530.1	1685474	1690384
7825at6231	SRAT.LN609528.1	10651878	10652414
7839at6231	SRAT.LN609529.1	15866092	15866760
7845at6231	SRAT.LN609528.1	2524011	2524900
7847at6231	SRAT.LN609530.1	4183739	4184492
7851at6231	SRAT.LN609529.1	8094972	8097094
7866at6231	SRAT.LN609529.1	6938920	6940761
7884at6231	SRAT.LN609528.1	8711841	8713196
7885at6231	SRAT.LN609529.1	4054473	4056554
7889at6231	SRAT.LN609529.1	1263022	1263550
7891at6231	SRAT.LN609529.1	14929435	14930258
7895at6231	SRAT.LN609529.1	9966275	9966969
7899at6231	SRAT.LN609528.1	4289379	4290078
7913at6231	SRAT.LN609528.1	6863211	6863738
7921at6231	SRAT.LN609528.1	11229824	11230468
7927at6231	SRAT.LN609528.1	10685197	10688464
7943at6231	SRAT.LN609529.1	2386484	2387354
7961at6231	SRAT.LN609528.1	4294502	4295052
7975at6231	SRAT.LN609530.1	2363149	2364100
7983at6231	SRAT.LN609528.1	2147209	2148530
7992at6231	SRAT.LN609528.1	1501443	1502024
7993at6231	SRAT.LN609528.1	954630	955267
8005at6231	SRAT.LN609529.1	1992792	1993292
8006at6231	SRAT.LN609529.1	11623806	11624391
8007at6231	SRAT.LN609528.1	5222290	5222873
8009at6231	SRAT.LN609529.1	3735727	3736497
8021at6231	SRAT.LN609529.1	1841383	1842079
8033at6231	SRAT.LN609528.1	6241160	6241714
8037at6231	SRAT.LN609528.1	4606274	4607354
8040at6231	SRAT.LN609529.1	2159808	2160648
8052at6231	SRAT.LN609528.1	5881320	5881841
8055at6231	SRAT.LN609529.1	6583691	6584393
8060at6231	SRAT.LN609529.1	5929640	5930174
8061at6231	SRAT.LN609528.1	9774070	9774644
8063at6231	SRAT.LN609529.1	2611480	2612000
8068at6231	SRAT.LN609529.1	7979312	7979983
8072at6231	SRAT.LN609528.1	3780108	3781582
8073at6231	SRAT.LN609528.1	6591382	6592140
8081at6231	SRAT.LN609528.1	8257157	8258317
8088at6231	SRAT.LN609529.1	65086	65568
8090at6231	SRAT.LN609528.1	3149187	3150450
8107at6231	SRAT.LN609528.1	1500447	1501079
8110at6231	SRAT.LN609528.1	5221404	5222111
8117at6231	SRAT.LN609528.1	2640465	2641046
8128at6231	SRAT.LN609528.1	191302	194086
8130at6231	SRAT.LN609529.1	1069476	1070840
8153at6231	SRAT.LN609528.1	10646719	10649309
8155at6231	SRAT.LN609529.1	7501261	7501871
8156at6231	SRAT.LN609528.1	4204921	4205383
8183at6231	SRAT.LN609528.1	2341093	2342394
8184at6231	SRAT.LN609529.1	6942402	6942978
8187at6231	SRAT.LN609530.1	3958241	3959032
8195at6231	SRAT.LN609529.1	4601745	4602809
8207at6231	SRAT.LN609530.1	4219456	4220451
8215at6231	SRAT.LN609528.1	1641682	1642237
8219at6231	SRAT.LN609528.1	3946454	3947830
8221at6231	SRAT.LN609529.1	5566366	5567152
8225at6231	SRAT.LN609528.1	6771436	6773030
8228at6231	SRAT.LN609529.1	8384980	8385470
8229at6231	SRAT.LN609529.1	523590	524183
8231at6231	SRAT.LN609529.1	1661199	1671603
8238at6231	SRAT.LN609529.1	11865231	11865940
8242at6231	SRAT.LN609528.1	2781500	2782157
8246at6231	SRAT.LN609529.1	10366177	10367225
8249at6231	SRAT.LN609529.1	7524671	7525633
8258at6231	SRAT.LN609528.1	4754385	4755069
8273at6231	SRAT.LN609528.1	11391597	11406245
8275at6231	SRAT.LN609529.1	9149352	9149873
8280at6231	SRAT.LN609529.1	1914093	1914620
8282at6231	SRAT.LN609529.1	14931822	14932619
8283at6231	SRAT.LN609529.1	5651409	5653308
8300at6231	SRAT.LN609529.1	15370206	15370683
8304at6231	SRAT.LN609529.1	12854145	12854745
8309at6231	SRAT.LN609528.1	4669867	4671009
8326at6231	SRAT.LN609528.1	8090595	8091063
8328at6231	SRAT.LN609528.1	6921942	6922456
8329at6231	SRAT.LN609529.1	9360793	9361242
8337at6231	SRAT.LN609529.1	5485777	5486306
8340at6231	SRAT.LN609528.1	4027476	4027994
8342at6231	SRAT.LN609529.1	815546	816134
8361at6231	SRAT.LN609530.1	4242892	4243404
8363at6231	SRAT.LN609528.1	4994037	4994610
8379at6231	SRAT.LN609529.1	68831	69286
8383at6231	SRAT.LN609529.1	11542536	11551659
8386at6231	SRAT.LN609529.1	5777699	5779210
8392at6231	SRAT.LN609529.1	1288557	1289175
8395at6231	SRAT.LN609529.1	2316592	2317216
8417at6231	SRAT.LN609529.1	7727177	7728500
8446at6231	SRAT.LN609529.1	1028400	1028874
8447at6231	SRAT.LN609528.1	3861809	3862276
8448at6231	SRAT.LN609529.1	7791949	7792677
8449at6231	SRAT.LN609529.1	8962527	8963040
8450at6231	SRAT.LN609530.1	774468	774999
8452at6231	SRAT.LN609528.1	4200819	4201505
8453at6231	SRAT.LN609529.1	8810682	8811283
8457at6231	SRAT.LN609529.1	13158329	13159020
8469at6231	SRAT.LN609530.1	165201	171547
8471at6231	SRAT.LN609528.1	8929221	8930205
8478at6231	SRAT.LN609528.1	1516472	1516973
8482at6231	SRAT.LN609529.1	6934648	6935330
8486at6231	SRAT.LN609529.1	4282936	4284863
8494at6231	SRAT.LN609530.1	2000703	2013416
8502at6231	SRAT.LN609528.1	4589191	4589821
8505at6231	SRAT.LN609528.1	11463379	11464396
8506at6231	SRAT.LN609529.1	7289342	7289950
8508at6231	SRAT.LN609530.1	1814732	1815763
8517at6231	SRAT.LN609529.1	1826534	1827015
8518at6231	SRAT.LN609528.1	6400718	6402525
8519at6231	SRAT.LN609529.1	7378002	7378509
8552at6231	SRAT.LN609528.1	8293756	8294355
8560at6231	SRAT.LN609529.1	545734	547391
8561at6231	SRAT.LN609528.1	6257362	6258411
8565at6231	SRAT.LN609529.1	12631378	12632151
8569at6231	SRAT.LN609529.1	16732862	16733333
8577at6231	SRAT.LN609528.1	5549569	5550676
8579at6231	SRAT.LN609528.1	8575840	8577729
8595at6231	SRAT.LN609529.1	2396143	2401553
8602at6231	SRAT.LN609528.1	3897298	3897856
8603at6231	SRAT.LN609529.1	394250	395530
8615at6231	SRAT.LN609528.1	414250	414712
8625at6231	SRAT.LN609529.1	8958305	8958814
8643at6231	SRAT.LN609529.1	14308594	14309132
8654at6231	SRAT.LN609529.1	8483025	8485228
8664at6231	SRAT.LN609530.1	1068312	1071285
8676at6231	SRAT.LN609529.1	5922930	5923674
8679at6231	SRAT.LN609528.1	1532893	1535042
8687at6231	SRAT.LN609528.1	3324998	3325518
8691at6231	SRAT.LN609528.1	11028929	11032568
8712at6231	SRAT.LN609529.1	745564	746683
8714at6231	SRAT.LN609529.1	1682160	1682698
8732at6231	SRAT.LN609529.1	14031789	14034288
8739at6231	SRAT.LN609529.1	2975836	2978392
8742at6231	SRAT.LN609529.1	3413104	3413710
8746at6231	SRAT.LN609528.1	7916482	7917088
8749at6231	SRAT.LN609528.1	6722107	6723978
8776at6231	SRAT.LN609528.1	9336704	9341627
8780at6231	SRAT.LN609529.1	2017084	2017569
8796at6231	SRAT.LN609529.1	11590047	11590536
8807at6231	SRAT.LN609529.1	16450479	16452793
8817at6231	SRAT.LN609528.1	8905336	8905968
8827at6231	SRAT.LN609529.1	5723973	5724563
8837at6231	SRAT.LN609529.1	7748049	7748564
8842at6231	SRAT.LN609528.1	7702812	7704967
8856at6231	SRAT.LN609528.1	3278197	3279712
8862at6231	SRAT.LN609528.1	8923233	8923762
8866at6231	SRAT.LN609529.1	12926313	12927808
8878at6231	SRAT.LN609529.1	6544047	6544484
8879at6231	SRAT.LN609528.1	5843066	5844961
8888at6231	SRAT.LN609528.1	2749783	2750629
8902at6231	SRAT.LN609528.1	3995435	3995878
8917at6231	SRAT.LN609529.1	3059150	3059563
8918at6231	SRAT.LN609528.1	5794414	5794893
8926at6231	SRAT.LN609530.1	1462756	1464060
8934at6231	SRAT.LN609529.1	5335033	5335414
8946at6231	SRAT.LN609529.1	15965308	15965743
8949at6231	SRAT.LN609529.1	6985961	6986451
8958at6231	SRAT.LN609529.1	3808523	3809954
9000at6231	SRAT.LN609530.1	1560530	1562336
9014at6231	SRAT.LN609529.1	9686508	9687381
9039at6231	SRAT.LN609528.1	2528333	2530913
9049at6231	SRAT.LN609529.1	9462898	9463324
9051at6231	SRAT.LN609529.1	9269829	9270432
9055at6231	SRAT.LN609529.1	5145872	5147092
9059at6231	SRAT.LN609529.1	11008207	11009317
9060at6231	SRAT.LN609528.1	8556649	8557893
9066at6231	SRAT.LN609528.1	11369671	11370648
9081at6231	SRAT.LN609529.1	7464109	7464803
9082at6231	SRAT.LN609529.1	3439599	3440265
9092at6231	SRAT.LN609529.1	3652452	3654158
9098at6231	SRAT.LN609528.1	6546024	6547257
9099at6231	SRAT.LN609528.1	2697383	2697976
9120at6231	SRAT.LN609528.1	9436767	9437493
9150at6231	SRAT.LN609529.1	5506006	5506504
9164at6231	SRAT.LN609529.1	5856577	5857123
9170at6231	SRAT.LN609529.1	2036667	2037293
9173at6231	SRAT.LN609528.1	8630182	8633276
9183at6231	SRAT.LN609529.1	10953134	10958188
9213at6231	SRAT.LN609529.1	9432319	9433251
9221at6231	SRAT.LN609529.1	7414731	7416280
9229at6231	SRAT.LN609529.1	1579908	1580431
9243at6231	SRAT.LN609528.1	8901886	8903949
9244at6231	SRAT.LN609529.1	8469814	8470512
9253at6231	SRAT.LN609528.1	7542025	7542971
9260at6231	SRAT.LN609529.1	2385811	2386173
9262at6231	SRAT.LN609528.1	9873251	9875314
9264at6231	SRAT.LN609529.1	1245925	1246403
9278at6231	SRAT.LN609530.1	3766906	3767819
9287at6231	SRAT.LN609528.1	10705753	10707447
9289at6231	SRAT.LN609528.1	5194371	5195049
9299at6231	SRAT.LN609528.1	7761930	7766600
9300at6231	SRAT.LN609529.1	1074271	1074696
9313at6231	SRAT.LN609529.1	11514347	11514745
9327at6231	SRAT.LN609529.1	10929314	10937971
9328at6231	SRAT.LN609529.1	4553340	4553716
9332at6231	SRAT.LN609529.1	5843338	5843886
9367at6231	SRAT.LN609528.1	11442097	11442546
9370at6231	SRAT.LN609529.1	8374217	8374747
9386at6231	SRAT.LN609529.1	820702	824783
9387at6231	SRAT.LN609529.1	3208305	3211248
9390at6231	SRAT.LN609529.1	13128055	13128435
9393at6231	SRAT.LN609529.1	12524224	12524794
9440at6231	SRAT.LN609529.1	1908165	1908605
9443at6231	SRAT.LN609529.1	4191790	4192275
9458at6231	SRAT.LN609528.1	11088291	11089989
9463at6231	SRAT.LN609529.1	10435622	10436251
9478at6231	SRAT.LN609528.1	457123	457900
9489at6231	SRAT.LN609530.1	2304930	2306087
9499at6231	SRAT.LN609528.1	4454183	4454722
9500at6231	SRAT.LN609528.1	8121819	8122437
9512at6231	SRAT.LN609530.1	1624695	1626757
9516at6231	SRAT.LN609528.1	10344298	10344684
9526at6231	SRAT.LN609528.1	10752720	10753720
9532at6231	SRAT.LN609528.1	1929987	1930362
9534at6231	SRAT.LN609529.1	5658956	5659630
9543at6231	SRAT.LN609528.1	10872149	10872850
9547at6231	SRAT.LN609528.1	2805007	2805453
9551at6231	SRAT.LN609528.1	413044	414031
9557at6231	SRAT.LN609529.1	6055626	6056001
9559at6231	SRAT.LN609529.1	5346598	5347016
9563at6231	SRAT.LN609529.1	2431449	2431982
9564at6231	SRAT.LN609529.1	10174922	10175400
9574at6231	SRAT.LN609529.1	601721	603412
9582at6231	SRAT.LN609529.1	8806795	8807151
9588at6231	SRAT.LN609528.1	6380368	6380870
9615at6231	SRAT.LN609529.1	7204798	7205254
9630at6231	SRAT.LN609529.1	6386405	6386843
9639at6231	SRAT.LN609529.1	568009	577488
9640at6231	SRAT.LN609528.1	509282	509662
9649at6231	SRAT.LN609529.1	5205605	5206152
9651at6231	SRAT.LN609529.1	9168854	9169684
9657at6231	SRAT.LN609529.1	7334952	7335442
9662at6231	SRAT.LN609529.1	11518414	11520230
9669at6231	SRAT.LN609528.1	3427376	3427802
9671at6231	SRAT.LN609528.1	1864860	1867812
9672at6231	SRAT.LN609530.1	3772212	3774021
9676at6231	SRAT.LN609529.1	9313326	9313718
9677at6231	SRAT.LN609528.1	6836338	6836799
9681at6231	SRAT.LN609528.1	11103242	11103862
9682at6231	SRAT.LN609529.1	5402282	5403042
9693at6231	SRAT.LN609529.1	1863882	1864243
9714at6231	SRAT.LN609529.1	2073443	2073868
9717at6231	SRAT.LN609528.1	6844398	6844811
9719at6231	SRAT.LN609529.1	4838744	4839260
9736at6231	SRAT.LN609528.1	7896212	7896640
9739at6231	SRAT.LN609528.1	6428187	6428771
9748at6231	SRAT.LN609529.1	5503400	5503868
9774at6231	SRAT.LN609529.1	16245111	16246372
9792at6231	SRAT.LN609529.1	9418240	9418969
9802at6231	SRAT.LN609528.1	10622030	10622439
9828at6231	SRAT.LN609528.1	7731611	7731996
9838at6231	SRAT.LN609529.1	12547216	12548742
9847at6231	SRAT.LN609529.1	1959448	1963886
9875at6231	SRAT.LN609528.1	2447023	2450896
9899at6231	SRAT.LN609528.1	10651393	10651740
9903at6231	SRAT.LN609529.1	3486964	3487380
9923at6231	SRAT.LN609528.1	11650949	11651652
9936at6231	SRAT.LN609529.1	15665162	15665518
9937at6231	SRAT.LN609529.1	14762183	14762485
9940at6231	SRAT.LN609529.1	10589236	10589758
9956at6231	SRAT.LN609529.1	12523221	12523505
9959at6231	SRAT.LN609528.1	2428563	2428979
9976at6231	SRAT.LN609529.1	3499073	3500430
9986at6231	SRAT.LN609529.1	8712493	8712812
9999at6231	SRAT.LN609529.1	5504033	5504392
10018at6231	SRAT.LN609529.1	5347271	5347943
10032at6231	SRAT.LN609529.1	11364661	11365080
10044at6231	SRAT.LN609528.1	10340124	10340450
10063at6231	SRAT.LN609529.1	5673118	5673541
10081at6231	SRAT.LN609528.1	10171961	10172381
10084at6231	SRAT.LN609528.1	5502136	5502925
10099at6231	SRAT.LN609529.1	3576322	3576767
10100at6231	SRAT.LN609529.1	14526055	14526608
10121at6231	SRAT.LN609528.1	2614761	2615090
10126at6231	SRAT.LN609529.1	11339802	11340225
10127at6231	SRAT.LN609529.1	5524410	5525387
10128at6231	SRAT.LN609530.1	3602095	3602537
10134at6231	SRAT.LN609528.1	2714221	2715110
10139at6231	SRAT.LN609529.1	12559910	12562170
10150at6231	SRAT.LN609528.1	2773927	2775073
10152at6231	SRAT.LN609529.1	4961916	4962599
10177at6231	SRAT.LN609529.1	10973550	10974001
10185at6231	SRAT.LN609528.1	554970	555320
10197at6231	SRAT.LN609529.1	2440298	2446735
10222at6231	SRAT.LN609528.1	8592328	8592585
10237at6231	SRAT.LN609529.1	5577333	5577980
10251at6231	SRAT.LN609529.1	5398156	5400725
10259at6231	SRAT.LN609529.1	16332610	16332963
10260at6231	SRAT.LN609529.1	10216511	10216820
10273at6231	SRAT.LN609528.1	11416754	11417239
10289at6231	SRAT.LN609529.1	7790861	7791394
10313at6231	SRAT.LN609529.1	13586669	13589971
10321at6231	SRAT.LN609528.1	11090037	11090276
10341at6231	SRAT.LN609529.1	233475	237119
10344at6231	SRAT.LN609529.1	7934467	7934800
10353at6231	SRAT.LN609529.1	1647567	1648206
10354at6231	SRAT.LN609528.1	8707387	8707773
10388at6231	SRAT.LN609529.1	9524904	9525458
10389at6231	SRAT.LN609528.1	8085567	8086878
10416at6231	SRAT.LN609529.1	10631438	10631826
10463at6231	SRAT.LN609529.1	2663357	2666520
10473at6231	SRAT.LN609528.1	872966	873264
10513at6231	SRAT.LN609528.1	10946415	10946690
10521at6231	SRAT.LN609530.1	2062777	2063058
10522at6231	SRAT.LN609529.1	6685008	6686374
10532at6231	SRAT.LN609529.1	3760126	3763271
10534at6231	SRAT.LN609529.1	5892252	5894035
10541at6231	SRAT.LN609528.1	4225118	4225374
10545at6231	SRAT.LN609528.1	8906733	8907126
10555at6231	SRAT.LN609528.1	4309640	4309843
10562at6231	SRAT.LN609529.1	4809020	4813871
10575at6231	SRAT.LN609529.1	8914883	8915166
10584at6231	SRAT.LN609528.1	7543175	7543843
10611at6231	SRAT.LN609529.1	4388936	4389466
10631at6231	SRAT.LN609529.1	7211136	7211533
10679at6231	SRAT.LN609529.1	1412995	1413249
10698at6231	SRAT.LN609529.1	7458987	7459510
10705at6231	SRAT.LN609528.1	8907613	8912253
10709at6231	SRAT.LN609528.1	96598	96980
10710at6231	SRAT.LN609529.1	1220800	1221221
10732at6231	SRAT.LN609528.1	3764135	3766299
10755at6231	SRAT.LN609529.1	1066993	1068101
10769at6231	SRAT.LN609529.1	13525298	13526432
10803at6231	SRAT.LN609529.1	8316524	8316777
10848at6231	SRAT.LN609528.1	11307006	11307539
10853at6231	SRAT.LN609529.1	1256961	1257173
10864at6231	SRAT.LN609528.1	7978499	7979062
10897at6231	SRAT.LN609530.1	3616648	3618223
10918at6231	SRAT.LN609529.1	16232110	16232360
10929at6231	SRAT.LN609528.1	2148789	2149622
10935at6231	SRAT.LN609529.1	8838802	8844945
10958at6231	SRAT.LN609529.1	6056106	6056771
11021at6231	SRAT.LN609528.1	1631971	1632226
11034at6231	SRAT.LN609528.1	2157733	2158620
11036at6231	SRAT.LN609529.1	8442851	8444117
11046at6231	SRAT.LN609529.1	2533467	2534750
11066at6231	SRAT.LN609529.1	1996015	1996534
11111at6231	SRAT.LN609529.1	5449052	5451064
11115at6231	SRAT.LN609529.1	13931004	13931425
11124at6231	SRAT.LN609528.1	7332676	7332964
11127at6231	SRAT.LN609529.1	663664	663903
11184at6231	SRAT.LN609528.1	5584990	5587196
11187at6231	SRAT.LN609528.1	4408053	4408445
11192at6231	SRAT.LN609529.1	3985098	3990577
11244at6231	SRAT.LN609529.1	579894	581353
11289at6231	SRAT.LN609528.1	8558273	8558558
11295at6231	SRAT.LN609528.1	10086677	10087888
11307at6231	SRAT.LN609529.1	13302956	13310033
11314at6231	SRAT.LN609528.1	7552971	7553350
11327at6231	SRAT.LN609529.1	9341775	9342519
11344at6231	SRAT.LN609529.1	5053442	5054791
11367at6231	SRAT.LN609528.1	6430269	6430593
11382at6231	SRAT.LN609528.1	2344159	2344834
11397at6231	SRAT.LN609528.1	6536407	6537028
11412at6231	SRAT.LN609530.1	3270007	3270258
11490at6231	SRAT.LN609529.1	7067611	7070354
