"Translocations","Replicate","Seed","Status","Final_LGs","Retained_OGs","Error_Detail"
100,1,60778,"SUCCESS",15,4365,NA
100,10,60787,"SUCCESS",15,4297,NA
100,100,60877,"SUCCESS",15,4253,NA
100,11,60788,"SUCCESS",15,4496,NA
100,12,60789,"SUCCESS",15,4303,NA
100,13,60790,"SUCCESS",15,4401,NA
100,14,60791,"SUCCESS",15,4374,NA
100,15,60792,"SUCCESS",15,4456,NA
100,16,60793,"SUCCESS",15,4280,NA
100,17,60794,"SUCCESS",15,4306,NA
100,18,60795,"SUCCESS",15,4295,NA
100,19,60796,"SUCCESS",15,4446,NA
100,2,60779,"SUCCESS",15,4383,NA
100,20,60797,"SUCCESS",15,4293,NA
100,21,60798,"SUCCESS",15,4369,NA
100,22,60799,"SUCCESS",15,4405,NA
100,23,60800,"SUCCESS",15,4336,NA
100,24,60801,"SUCCESS",15,4437,NA
100,25,60802,"SUCCESS",15,4314,NA
100,26,60803,"SUCCESS",15,4307,NA
100,27,60804,"SUCCESS",15,4445,NA
100,28,60805,"SUCCESS",15,4212,NA
100,29,60806,"SUCCESS",15,4403,NA
100,3,60780,"SUCCESS",15,4300,NA
100,30,60807,"SUCCESS",15,4823,NA
100,31,60808,"SUCCESS",15,4287,NA
100,32,60809,"SUCCESS",15,4421,NA
100,33,60810,"SUCCESS",15,4367,NA
100,34,60811,"SUCCESS",15,4899,NA
100,35,60812,"SUCCESS",15,4204,NA
100,36,60813,"SUCCESS",15,4269,NA
100,37,60814,"SUCCESS",15,4191,NA
100,38,60815,"SUCCESS",16,4315,NA
100,39,60816,"SUCCESS",15,4338,NA
100,4,60781,"SUCCESS",15,4251,NA
100,40,60817,"SUCCESS",15,4322,NA
100,41,60818,"SUCCESS",15,4354,NA
100,42,60819,"SUCCESS",15,4265,NA
100,43,60820,"SUCCESS",15,4322,NA
100,44,60821,"SUCCESS",15,4163,NA
100,45,60822,"SUCCESS",15,4385,NA
100,46,60823,"SUCCESS",15,4311,NA
100,47,60824,"SUCCESS",15,4358,NA
100,48,60825,"SUCCESS",15,4341,NA
100,49,60826,"SUCCESS",15,4321,NA
100,5,60782,"SUCCESS",15,4325,NA
100,50,60827,"SUCCESS",15,4361,NA
100,51,60828,"SUCCESS",15,4300,NA
100,52,60829,"SUCCESS",15,4791,NA
100,53,60830,"SUCCESS",15,4406,NA
100,54,60831,"SUCCESS",15,4252,NA
100,55,60832,"SUCCESS",15,4836,NA
100,56,60833,"SUCCESS",15,4374,NA
100,57,60834,"SUCCESS",15,4279,NA
100,58,60835,"SUCCESS",15,4269,NA
100,59,60836,"SUCCESS",15,4387,NA
100,6,60783,"SUCCESS",15,4364,NA
100,60,60837,"SUCCESS",15,4351,NA
100,61,60838,"SUCCESS",15,4245,NA
100,62,60839,"SUCCESS",15,4309,NA
100,63,60840,"SUCCESS",15,4415,NA
100,64,60841,"SUCCESS",15,4263,NA
100,65,60842,"SUCCESS",15,4369,NA
100,66,60843,"SUCCESS",15,4398,NA
100,67,60844,"SUCCESS",15,4384,NA
100,68,60845,"SUCCESS",15,4350,NA
100,69,60846,"SUCCESS",15,4269,NA
100,7,60784,"SUCCESS",15,4426,NA
100,70,60847,"SUCCESS",15,4303,NA
100,71,60848,"SUCCESS",15,4256,NA
100,72,60849,"SUCCESS",15,4302,NA
100,73,60850,"SUCCESS",15,4316,NA
100,74,60851,"SUCCESS",15,4192,NA
100,75,60852,"SUCCESS",15,4342,NA
100,76,60853,"SUCCESS",15,4388,NA
100,77,60854,"SUCCESS",15,4786,NA
100,78,60855,"SUCCESS",15,4390,NA
100,79,60856,"SUCCESS",15,4216,NA
100,8,60785,"SUCCESS",15,4335,NA
100,80,60857,"SUCCESS",15,4257,NA
100,81,60858,"SUCCESS",15,4273,NA
100,82,60859,"SUCCESS",15,4314,NA
100,83,60860,"SUCCESS",15,4295,NA
100,84,60861,"SUCCESS",15,4355,NA
100,85,60862,"SUCCESS",15,4372,NA
100,86,60863,"SUCCESS",15,4272,NA
100,87,60864,"SUCCESS",15,4275,NA
100,88,60865,"SUCCESS",15,4315,NA
100,89,60866,"SUCCESS",15,4311,NA
100,9,60786,"SUCCESS",15,4364,NA
100,90,60867,"SUCCESS",15,4426,NA
100,91,60868,"SUCCESS",15,4342,NA
100,92,60869,"SUCCESS",15,4341,NA
100,93,60870,"SUCCESS",15,4299,NA
100,94,60871,"SUCCESS",15,4295,NA
100,95,60872,"SUCCESS",15,4367,NA
100,96,60873,"SUCCESS",15,4372,NA
100,97,60874,"SUCCESS",15,4351,NA
100,98,60875,"SUCCESS",15,4409,NA
100,99,60876,"SUCCESS",15,4414,NA
150,1,65778,"SUCCESS",15,4177,NA
150,10,65787,"SUCCESS",15,4176,NA
150,100,65877,"SUCCESS",15,4703,NA
150,11,65788,"SUCCESS",15,4166,NA
150,12,65789,"SUCCESS",15,4170,NA
150,13,65790,"SUCCESS",15,4370,NA
150,14,65791,"SUCCESS",15,4140,NA
150,15,65792,"SUCCESS",15,4084,NA
150,16,65793,"SUCCESS",15,4144,NA
150,17,65794,"SUCCESS",16,4142,NA
150,18,65795,"SUCCESS",15,4288,NA
150,19,65796,"SUCCESS",15,4139,NA
150,2,65779,"SUCCESS",15,4243,NA
150,20,65797,"SUCCESS",15,4696,NA
150,21,65798,"SUCCESS",16,4642,NA
150,22,65799,"SUCCESS",15,4684,NA
150,23,65800,"SUCCESS",15,4662,NA
150,24,65801,"SUCCESS",15,4359,NA
150,25,65802,"SUCCESS",15,4237,NA
150,26,65803,"SUCCESS",15,4326,NA
150,27,65804,"SUCCESS",15,4790,NA
150,28,65805,"SUCCESS",15,4593,NA
150,29,65806,"SUCCESS",15,4154,NA
150,3,65780,"SUCCESS",15,4725,NA
150,30,65807,"SUCCESS",15,4120,NA
150,31,65808,"SUCCESS",15,4210,NA
150,32,65809,"SUCCESS",16,4146,NA
150,33,65810,"SUCCESS",15,4249,NA
150,34,65811,"SUCCESS",15,4227,NA
150,35,65812,"SUCCESS",15,4099,NA
150,36,65813,"SUCCESS",15,4775,NA
150,37,65814,"SUCCESS",15,4012,NA
150,38,65815,"SUCCESS",15,4715,NA
150,39,65816,"SUCCESS",15,4157,NA
150,4,65781,"SUCCESS",15,4266,NA
150,40,65817,"SUCCESS",15,4168,NA
150,41,65818,"SUCCESS",15,4319,NA
150,42,65819,"SUCCESS",15,4306,NA
150,43,65820,"SUCCESS",15,4710,NA
150,44,65821,"SUCCESS",16,4603,NA
150,45,65822,"SUCCESS",15,4621,NA
150,46,65823,"SUCCESS",15,4109,NA
150,47,65824,"SUCCESS",15,4148,NA
150,48,65825,"SUCCESS",15,4230,NA
150,49,65826,"SUCCESS",15,4174,NA
150,5,65782,"SUCCESS",15,4758,NA
150,50,65827,"SUCCESS",15,4150,NA
150,51,65828,"SUCCESS",15,4093,NA
150,52,65829,"SUCCESS",15,4654,NA
150,53,65830,"SUCCESS",15,4696,NA
150,54,65831,"SUCCESS",15,4095,NA
150,55,65832,"SUCCESS",15,4681,NA
150,56,65833,"SUCCESS",15,4805,NA
150,57,65834,"SUCCESS",15,4178,NA
150,58,65835,"SUCCESS",15,4263,NA
150,59,65836,"SUCCESS",15,4220,NA
150,6,65783,"SUCCESS",15,4077,NA
150,60,65837,"SUCCESS",15,4195,NA
150,61,65838,"SUCCESS",15,4786,NA
150,62,65839,"SUCCESS",16,4163,NA
150,63,65840,"SUCCESS",15,4127,NA
150,64,65841,"SUCCESS",15,4170,NA
150,65,65842,"SUCCESS",15,4745,NA
150,66,65843,"SUCCESS",15,4286,NA
150,67,65844,"SUCCESS",15,4754,NA
150,68,65845,"SUCCESS",16,4180,NA
150,69,65846,"SUCCESS",15,4262,NA
150,7,65784,"SUCCESS",15,4276,NA
150,70,65847,"SUCCESS",15,4394,NA
150,71,65848,"SUCCESS",16,4597,NA
150,72,65849,"SUCCESS",15,4154,NA
150,73,65850,"SUCCESS",15,4257,NA
150,74,65851,"SUCCESS",15,4264,NA
150,75,65852,"SUCCESS",16,4217,NA
150,76,65853,"SUCCESS",15,4747,NA
150,77,65854,"SUCCESS",15,4173,NA
150,78,65855,"SUCCESS",15,4745,NA
150,79,65856,"SUCCESS",15,4230,NA
150,8,65785,"SUCCESS",15,4222,NA
150,80,65857,"SUCCESS",15,4304,NA
150,81,65858,"SUCCESS",15,4353,NA
150,82,65859,"SUCCESS",15,4713,NA
150,83,65860,"SUCCESS",15,4096,NA
150,84,65861,"SUCCESS",15,4266,NA
150,85,65862,"SUCCESS",15,4313,NA
150,86,65863,"SUCCESS",15,4737,NA
150,87,65864,"SUCCESS",15,4194,NA
150,88,65865,"SUCCESS",15,4153,NA
150,89,65866,"SUCCESS",15,4241,NA
150,9,65786,"SUCCESS",16,4679,NA
150,90,65867,"SUCCESS",15,4229,NA
150,91,65868,"SUCCESS",15,4210,NA
150,92,65869,"SUCCESS",15,4805,NA
150,93,65870,"SUCCESS",16,4199,NA
150,94,65871,"SUCCESS",15,4757,NA
150,95,65872,"SUCCESS",16,4204,NA
150,96,65873,"SUCCESS",15,4650,NA
150,97,65874,"SUCCESS",15,4681,NA
150,98,65875,"SUCCESS",15,4180,NA
150,99,65876,"SUCCESS",15,4708,NA
200,1,70778,"SUCCESS",16,4211,NA
200,10,70787,"SUCCESS",15,4553,NA
200,100,70877,"SUCCESS",16,4124,NA
200,11,70788,"SUCCESS",15,4609,NA
200,12,70789,"SUCCESS",15,4698,NA
200,13,70790,"SUCCESS",15,4065,NA
200,14,70791,"SUCCESS",16,4590,NA
200,15,70792,"SUCCESS",16,4179,NA
200,16,70793,"SUCCESS",15,4218,NA
200,17,70794,"SUCCESS",15,3955,NA
200,18,70795,"SUCCESS",15,4088,NA
200,19,70796,"SUCCESS",16,4184,NA
200,2,70779,"SUCCESS",15,4640,NA
200,20,70797,"SUCCESS",16,3983,NA
200,21,70798,"SUCCESS",15,4575,NA
200,22,70799,"SUCCESS",15,4206,NA
200,23,70800,"SUCCESS",15,4696,NA
200,24,70801,"SUCCESS",16,3910,NA
200,25,70802,"SUCCESS",16,4670,NA
200,26,70803,"SUCCESS",15,4708,NA
200,27,70804,"SUCCESS",16,4119,NA
200,28,70805,"SUCCESS",15,4085,NA
200,29,70806,"SUCCESS",15,4134,NA
200,3,70780,"SUCCESS",15,4133,NA
200,30,70807,"SUCCESS",16,4599,NA
200,31,70808,"SUCCESS",17,4073,NA
200,32,70809,"SUCCESS",16,4126,NA
200,33,70810,"SUCCESS",15,4006,NA
200,34,70811,"SUCCESS",16,4720,NA
200,35,70812,"SUCCESS",16,4633,NA
200,36,70813,"SUCCESS",15,4173,NA
200,37,70814,"SUCCESS",16,3883,NA
200,38,70815,"SUCCESS",16,4647,NA
200,39,70816,"SUCCESS",15,4088,NA
200,4,70781,"SUCCESS",15,4084,NA
200,40,70817,"SUCCESS",16,4565,NA
200,41,70818,"SUCCESS",17,4079,NA
200,42,70819,"SUCCESS",16,4586,NA
200,43,70820,"SUCCESS",15,4621,NA
200,44,70821,"SUCCESS",15,3989,NA
200,45,70822,"SUCCESS",15,4154,NA
200,46,70823,"SUCCESS",15,4514,NA
200,47,70824,"SUCCESS",15,4657,NA
200,48,70825,"SUCCESS",15,4153,NA
200,49,70826,"SUCCESS",15,4070,NA
200,5,70782,"SUCCESS",15,4685,NA
200,50,70827,"SUCCESS",16,4464,NA
200,51,70828,"SUCCESS",15,4628,NA
200,52,70829,"SUCCESS",16,4639,NA
200,53,70830,"SUCCESS",17,4026,NA
200,54,70831,"SUCCESS",16,4541,NA
200,55,70832,"SUCCESS",15,4148,NA
200,56,70833,"SUCCESS",16,4161,NA
200,57,70834,"SUCCESS",15,4734,NA
200,58,70835,"SUCCESS",15,4234,NA
200,59,70836,"SUCCESS",15,4666,NA
200,6,70783,"SUCCESS",15,3992,NA
200,60,70837,"SUCCESS",16,4064,NA
200,61,70838,"SUCCESS",15,4700,NA
200,62,70839,"SUCCESS",15,4305,NA
200,63,70840,"SUCCESS",15,4093,NA
200,64,70841,"SUCCESS",15,4101,NA
200,65,70842,"SUCCESS",17,4099,NA
200,66,70843,"SUCCESS",15,4714,NA
200,67,70844,"SUCCESS",15,4199,NA
200,68,70845,"SUCCESS",16,4098,NA
200,69,70846,"SUCCESS",15,4603,NA
200,7,70784,"SUCCESS",16,4140,NA
200,70,70847,"SUCCESS",15,4124,NA
200,71,70848,"SUCCESS",15,4571,NA
200,72,70849,"SUCCESS",16,4163,NA
200,73,70850,"SUCCESS",15,4590,NA
200,74,70851,"SUCCESS",17,4223,NA
200,75,70852,"SUCCESS",16,4105,NA
200,76,70853,"SUCCESS",16,4024,NA
200,77,70854,"SUCCESS",15,4011,NA
200,78,70855,"SUCCESS",18,4540,NA
200,79,70856,"SUCCESS",16,4040,NA
200,8,70785,"SUCCESS",15,4183,NA
200,80,71634,"SUCCESS",15,4597,NA
200,81,70858,"SUCCESS",16,3918,NA
200,82,70859,"SUCCESS",16,4517,NA
200,83,70860,"SUCCESS",17,4550,NA
200,84,70861,"SUCCESS",15,4662,NA
200,85,70862,"SUCCESS",18,4077,NA
200,86,70863,"SUCCESS",16,4201,NA
200,87,70864,"SUCCESS",16,4169,NA
200,88,70865,"SUCCESS",15,4170,NA
200,89,70866,"SUCCESS",17,4103,NA
200,9,70786,"SUCCESS",15,4643,NA
200,90,70867,"SUCCESS",15,4134,NA
200,91,70868,"SUCCESS",16,4031,NA
200,92,70869,"SUCCESS",15,4206,NA
200,93,70870,"SUCCESS",15,4608,NA
200,94,70871,"SUCCESS",15,4652,NA
200,95,70872,"SUCCESS",15,4136,NA
200,96,70873,"SUCCESS",16,4642,NA
200,97,70874,"SUCCESS",16,3943,NA
200,98,70875,"SUCCESS",15,4093,NA
200,99,70876,"SUCCESS",15,4025,NA
250,1,75778,"SUCCESS",15,4113,NA
250,10,75787,"SUCCESS",16,3952,NA
250,100,75877,"SUCCESS",15,3930,NA
250,11,75788,"SUCCESS",16,4039,NA
250,12,75789,"SUCCESS",18,4115,NA
250,13,75790,"SUCCESS",16,4599,NA
250,14,75791,"SUCCESS",17,4141,NA
250,15,75792,"SUCCESS",17,4079,NA
250,16,75793,"SUCCESS",17,4444,NA
250,17,75794,"SUCCESS",15,4629,NA
250,18,75795,"SUCCESS",17,3957,NA
250,19,75796,"SUCCESS",17,4729,NA
250,2,75779,"SUCCESS",17,4005,NA
250,20,75797,"SUCCESS",15,4582,NA
250,21,75798,"SUCCESS",15,4027,NA
250,22,75799,"SUCCESS",17,3936,NA
250,23,75800,"SUCCESS",16,4203,NA
250,24,75801,"SUCCESS",15,3868,NA
250,25,75802,"SUCCESS",15,4532,NA
250,26,75803,"SUCCESS",17,4165,NA
250,27,75804,"SUCCESS",16,3947,NA
250,28,75805,"SUCCESS",17,4377,NA
250,29,75806,"SUCCESS",16,4555,NA
250,3,75780,"SUCCESS",16,4188,NA
250,30,75807,"SUCCESS",16,4586,NA
250,31,75808,"SUCCESS",17,4621,NA
250,32,75809,"SUCCESS",15,4476,NA
250,33,75810,"SUCCESS",17,3957,NA
250,34,75811,"SUCCESS",17,3983,NA
250,35,75812,"SUCCESS",15,4134,NA
250,36,76590,"SUCCESS",16,3980,NA
250,37,75814,"SUCCESS",16,4041,NA
250,38,75815,"SUCCESS",17,3946,NA
250,39,75816,"SUCCESS",17,4517,NA
250,4,75781,"SUCCESS",18,3993,NA
250,40,75817,"SUCCESS",16,4308,NA
250,41,75818,"SUCCESS",18,3798,NA
250,42,75819,"SUCCESS",15,4702,NA
250,43,75820,"SUCCESS",17,3942,NA
250,44,75821,"SUCCESS",17,3981,NA
250,45,75822,"SUCCESS",17,4514,NA
250,46,75823,"SUCCESS",16,3783,NA
250,47,75824,"SUCCESS",16,4534,NA
250,48,75825,"SUCCESS",16,4537,NA
250,49,75826,"SUCCESS",15,4444,NA
250,5,75782,"SUCCESS",19,3866,NA
250,50,75827,"SUCCESS",16,4004,NA
250,51,75828,"SUCCESS",18,3996,NA
250,52,75829,"SUCCESS",17,4080,NA
250,53,75830,"SUCCESS",18,4077,NA
250,54,75831,"SUCCESS",17,3916,NA
250,55,75832,"SUCCESS",15,3912,NA
250,56,75833,"SUCCESS",16,4507,NA
250,57,75834,"SUCCESS",16,4131,NA
250,58,75835,"SUCCESS",15,4190,NA
250,59,75836,"SUCCESS",17,4239,NA
250,6,75783,"SUCCESS",17,4508,NA
250,60,75837,"SUCCESS",16,4465,NA
250,61,75838,"SUCCESS",15,4199,NA
250,62,75839,"SUCCESS",19,3868,NA
250,63,75840,"SUCCESS",15,4045,NA
250,64,75841,"SUCCESS",15,3866,NA
250,65,75842,"SUCCESS",15,4065,NA
250,66,75843,"SUCCESS",17,4621,NA
250,67,75844,"SUCCESS",17,4616,NA
250,68,75845,"SUCCESS",17,3941,NA
250,69,75846,"SUCCESS",17,4023,NA
250,7,75784,"SUCCESS",16,3954,NA
250,70,75847,"SUCCESS",15,4076,NA
250,71,75848,"SUCCESS",17,4528,NA
250,72,75849,"SUCCESS",15,4083,NA
250,73,75850,"SUCCESS",16,4153,NA
250,74,75851,"SUCCESS",16,4065,NA
250,75,75852,"SUCCESS",16,4382,NA
250,76,75853,"SUCCESS",16,4458,NA
250,77,75854,"SUCCESS",15,4473,NA
250,78,75855,"SUCCESS",17,4490,NA
250,79,75856,"SUCCESS",17,4576,NA
250,8,75785,"SUCCESS",16,4159,NA
250,80,75857,"SUCCESS",15,4479,NA
250,81,75858,"SUCCESS",16,4519,NA
250,82,75859,"SUCCESS",16,4033,NA
250,83,75860,"SUCCESS",16,4077,NA
250,84,75861,"SUCCESS",17,3903,NA
250,85,75862,"SUCCESS",16,3863,NA
250,86,75863,"SUCCESS",16,3899,NA
250,87,75864,"SUCCESS",18,3886,NA
250,88,75865,"SUCCESS",17,4578,NA
250,89,75866,"SUCCESS",17,3867,NA
250,9,75786,"SUCCESS",15,3955,NA
250,90,75867,"SUCCESS",17,3941,NA
250,91,75868,"SUCCESS",17,4052,NA
250,92,75869,"SUCCESS",16,4431,NA
250,93,75870,"SUCCESS",19,3845,NA
250,94,75871,"SUCCESS",18,4166,NA
250,95,75872,"SUCCESS",17,4533,NA
250,96,75873,"SUCCESS",15,3917,NA
250,97,75874,"SUCCESS",17,4171,NA
250,98,75875,"SUCCESS",18,4498,NA
250,99,75876,"SUCCESS",19,4090,NA
300,1,80778,"SUCCESS",16,4128,NA
300,10,80787,"SUCCESS",19,3982,NA
300,100,80877,"SUCCESS",18,3980,NA
300,11,80788,"SUCCESS",17,4448,NA
300,12,80789,"SUCCESS",16,3970,NA
300,13,80790,"SUCCESS",17,4189,NA
300,14,80791,"SUCCESS",19,4037,NA
300,15,80792,"SUCCESS",19,3712,NA
300,16,80793,"SUCCESS",18,4505,NA
300,17,80794,"SUCCESS",18,4498,NA
300,18,82349,"SUCCESS",19,3872,NA
300,19,80796,"SUCCESS",17,3985,NA
300,2,80779,"SUCCESS",18,3874,NA
300,20,80797,"SUCCESS",16,3943,NA
300,21,80798,"SUCCESS",16,4010,NA
300,22,80799,"SUCCESS",16,3972,NA
300,23,80800,"SUCCESS",18,4386,NA
300,24,80801,"SUCCESS",16,3990,NA
300,25,80802,"SUCCESS",18,4141,NA
300,26,80803,"SUCCESS",17,3702,NA
300,27,80804,"SUCCESS",18,4449,NA
300,28,80805,"SUCCESS",19,4147,NA
300,29,80806,"SUCCESS",17,4066,NA
300,3,80780,"SUCCESS",19,3815,NA
300,30,80807,"SUCCESS",16,4028,NA
300,31,80808,"SUCCESS",16,4467,NA
300,32,80809,"SUCCESS",17,3985,NA
300,33,80810,"SUCCESS",18,3735,NA
300,34,80811,"SUCCESS",20,3928,NA
300,35,80812,"SUCCESS",17,4452,NA
300,36,80813,"SUCCESS",20,4098,NA
300,37,80814,"SUCCESS",17,3851,NA
300,38,80815,"SUCCESS",17,3740,NA
300,39,80816,"SUCCESS",17,3891,NA
300,4,80781,"SUCCESS",19,3834,NA
300,40,80817,"SUCCESS",17,4042,NA
300,41,80818,"SUCCESS",18,4453,NA
300,42,80819,"SUCCESS",17,4159,NA
300,43,80820,"SUCCESS",21,3824,NA
300,44,80821,"SUCCESS",17,3908,NA
300,45,80822,"SUCCESS",19,3919,NA
300,46,80823,"SUCCESS",19,4353,NA
300,47,80824,"SUCCESS",19,3841,NA
300,48,80825,"SUCCESS",18,4618,NA
300,49,80826,"SUCCESS",18,3928,NA
300,5,80782,"SUCCESS",17,4043,NA
300,50,80827,"SUCCESS",17,3929,NA
300,51,80828,"SUCCESS",17,3887,NA
300,52,80829,"SUCCESS",18,3985,NA
300,53,80830,"SUCCESS",17,4511,NA
300,54,80831,"SUCCESS",17,4450,NA
300,55,80832,"SUCCESS",20,3894,NA
300,56,80833,"SUCCESS",17,3882,NA
300,57,80834,"SUCCESS",21,3845,NA
300,58,80835,"SUCCESS",19,3900,NA
300,59,80836,"SUCCESS",15,3971,NA
300,6,80783,"SUCCESS",19,3922,NA
300,60,80837,"SUCCESS",19,4033,NA
300,61,80838,"SUCCESS",19,3750,NA
300,62,80839,"SUCCESS",18,3787,NA
300,63,80840,"SUCCESS",18,4344,NA
300,64,80841,"SUCCESS",17,3985,NA
300,65,80842,"SUCCESS",18,3920,NA
300,66,80843,"SUCCESS",15,4174,NA
300,67,80844,"SUCCESS",17,3842,NA
300,68,80845,"SUCCESS",17,3978,NA
300,69,80846,"SUCCESS",17,3804,NA
300,7,80784,"SUCCESS",17,3861,NA
300,70,80847,"SUCCESS",16,4168,NA
300,71,80848,"SUCCESS",15,3821,NA
300,72,80849,"SUCCESS",17,3885,NA
300,73,80850,"SUCCESS",19,4493,NA
300,74,80851,"SUCCESS",18,3902,NA
300,75,80852,"SUCCESS",16,3929,NA
300,76,80853,"SUCCESS",18,3885,NA
300,77,80854,"SUCCESS",21,3872,NA
300,78,80855,"SUCCESS",21,3928,NA
300,79,80856,"SUCCESS",20,4046,NA
300,8,80785,"SUCCESS",20,3663,NA
300,80,80857,"SUCCESS",17,4565,NA
300,81,80858,"SUCCESS",19,4029,NA
300,82,80859,"SUCCESS",18,3784,NA
300,83,80860,"SUCCESS",18,4529,NA
300,84,80861,"SUCCESS",19,3867,NA
300,85,80862,"SUCCESS",18,3837,NA
300,86,80863,"SUCCESS",16,3790,NA
300,87,80864,"SUCCESS",18,4030,NA
300,88,80865,"SUCCESS",20,3931,NA
300,89,80866,"SUCCESS",16,4520,NA
300,9,80786,"SUCCESS",19,4373,NA
300,90,81644,"SUCCESS",17,4600,NA
300,91,80868,"SUCCESS",17,4035,NA
300,92,80869,"SUCCESS",18,3843,NA
300,93,81647,"SUCCESS",17,3990,NA
300,94,80871,"SUCCESS",19,4057,NA
300,95,80872,"SUCCESS",18,3911,NA
300,96,80873,"SUCCESS",17,4635,NA
300,97,80874,"SUCCESS",18,4538,NA
300,98,80875,"SUCCESS",19,4027,NA
300,99,80876,"SUCCESS",18,3876,NA
350,1,85778,"SUCCESS",21,3882,NA
350,10,85787,"SUCCESS",19,3705,NA
350,100,85877,"SUCCESS",21,3762,NA
350,11,85788,"SUCCESS",15,3952,NA
350,12,85789,"SUCCESS",20,4030,NA
350,13,85790,"SUCCESS",20,3804,NA
350,14,85791,"SUCCESS",20,3958,NA
350,15,85792,"SUCCESS",21,3788,NA
350,16,85793,"SUCCESS",21,3789,NA
350,17,85794,"SUCCESS",21,3863,NA
350,18,86572,"SUCCESS",18,4074,NA
350,19,85796,"SUCCESS",19,4028,NA
350,2,85779,"SUCCESS",18,3754,NA
350,20,85797,"SUCCESS",19,3962,NA
350,21,85798,"SUCCESS",19,3932,NA
350,22,85799,"SUCCESS",19,3979,NA
350,23,85800,"SUCCESS",19,3895,NA
350,24,85801,"SUCCESS",19,3832,NA
350,25,85802,"SUCCESS",22,4014,NA
350,26,85803,"SUCCESS",20,3720,NA
350,27,85804,"SUCCESS",19,3883,NA
350,28,85805,"SUCCESS",22,3711,NA
350,29,85806,"SUCCESS",18,4044,NA
350,3,85780,"SUCCESS",18,4014,NA
350,30,85807,"SUCCESS",21,4098,NA
350,31,85808,"SUCCESS",19,4575,NA
350,32,85809,"SUCCESS",19,3851,NA
350,33,85810,"SUCCESS",21,3871,NA
350,34,85811,"SUCCESS",18,3796,NA
350,35,85812,"SUCCESS",19,4055,NA
350,36,85813,"SUCCESS",17,4144,NA
350,37,85814,"SUCCESS",19,3700,NA
350,38,85815,"SUCCESS",20,3921,NA
350,39,85816,"SUCCESS",18,3903,NA
350,4,86558,"SUCCESS",21,4019,NA
350,40,85817,"SUCCESS",18,3980,NA
350,41,85818,"SUCCESS",20,3881,NA
350,42,85819,"SUCCESS",21,4081,NA
350,43,85820,"SUCCESS",23,3837,NA
350,44,85821,"SUCCESS",18,3888,NA
350,45,85822,"SUCCESS",22,3885,NA
350,46,85823,"SUCCESS",16,3946,NA
350,47,85824,"SUCCESS",19,3923,NA
350,48,85825,"SUCCESS",19,3890,NA
350,49,85826,"SUCCESS",20,4199,NA
350,5,85782,"SUCCESS",22,3897,NA
350,50,86604,"SUCCESS",22,3795,NA
350,51,85828,"SUCCESS",19,3938,NA
350,52,85829,"SUCCESS",20,3892,NA
350,53,85830,"SUCCESS",16,3997,NA
350,54,85831,"SUCCESS",19,4001,NA
350,55,85832,"SUCCESS",18,3999,NA
350,56,85833,"SUCCESS",21,4091,NA
350,57,85834,"SUCCESS",18,3811,NA
350,58,85835,"SUCCESS",17,3909,NA
350,59,85836,"SUCCESS",21,3947,NA
350,6,85783,"SUCCESS",19,4398,NA
350,60,85837,"SUCCESS",20,3978,NA
350,61,85838,"SUCCESS",20,4067,NA
350,62,85839,"SUCCESS",17,3825,NA
350,63,85840,"SUCCESS",19,3856,NA
350,64,85841,"SUCCESS",17,3927,NA
350,65,85842,"SUCCESS",22,4042,NA
350,66,86620,"SUCCESS",20,4443,NA
350,67,86621,"SUCCESS",18,3866,NA
350,68,85845,"SUCCESS",17,4060,NA
350,69,85846,"SUCCESS",20,3908,NA
350,7,85784,"SUCCESS",20,4013,NA
350,70,85847,"SUCCESS",17,4398,NA
350,71,85848,"SUCCESS",21,4334,NA
350,72,85849,"SUCCESS",20,3914,NA
350,73,85850,"SUCCESS",20,4545,NA
350,74,85851,"SUCCESS",20,3844,NA
350,75,85852,"SUCCESS",20,4103,NA
350,76,85853,"SUCCESS",20,3784,NA
350,77,85854,"SUCCESS",17,4019,NA
350,78,85855,"SUCCESS",17,4078,NA
350,79,85856,"SUCCESS",20,4481,NA
350,8,85785,"SUCCESS",21,3956,NA
350,80,85857,"SUCCESS",18,3854,NA
350,81,85858,"SUCCESS",19,4463,NA
350,82,85859,"SUCCESS",20,3914,NA
350,83,85860,"SUCCESS",17,3823,NA
350,84,85861,"SUCCESS",18,3991,NA
350,85,85862,"SUCCESS",18,4310,NA
350,86,85863,"SUCCESS",18,4016,NA
350,87,85864,"SUCCESS",21,3840,NA
350,88,85865,"SUCCESS",19,3912,NA
350,89,85866,"SUCCESS",17,3992,NA
350,9,85786,"SUCCESS",18,3829,NA
350,90,85867,"SUCCESS",19,3947,NA
350,91,85868,"SUCCESS",18,3755,NA
350,92,85869,"SUCCESS",21,3978,NA
350,93,85870,"SUCCESS",19,3836,NA
350,94,86648,"SUCCESS",19,3850,NA
350,95,85872,"SUCCESS",18,3896,NA
350,96,85873,"SUCCESS",19,4026,NA
350,97,85874,"SUCCESS",20,4058,NA
350,98,85875,"SUCCESS",20,3601,NA
350,99,85876,"SUCCESS",18,3681,NA
400,1,90778,"SUCCESS",20,3980,NA
400,10,90787,"SUCCESS",18,3799,NA
400,100,90877,"SUCCESS",20,3996,NA
400,11,90788,"SUCCESS",20,3888,NA
400,12,90789,"SUCCESS",24,3814,NA
400,13,90790,"SUCCESS",22,3910,NA
400,14,90791,"SUCCESS",21,3733,NA
400,15,90792,"SUCCESS",19,3778,NA
400,16,90793,"SUCCESS",21,3892,NA
400,17,90794,"SUCCESS",21,3892,NA
400,18,90795,"SUCCESS",19,3751,NA
400,19,90796,"SUCCESS",23,4092,NA
400,2,90779,"SUCCESS",22,3844,NA
400,20,90797,"SUCCESS",20,4113,NA
400,21,90798,"SUCCESS",18,3755,NA
400,22,90799,"SUCCESS",23,4043,NA
400,23,90800,"SUCCESS",19,3669,NA
400,24,90801,"SUCCESS",19,3793,NA
400,25,91579,"SUCCESS",21,4152,NA
400,26,90803,"SUCCESS",20,3928,NA
400,27,90804,"SUCCESS",19,3690,NA
400,28,90805,"SUCCESS",24,3807,NA
400,29,90806,"SUCCESS",21,4034,NA
400,3,90780,"SUCCESS",17,3846,NA
400,30,90807,"SUCCESS",19,4004,NA
400,31,90808,"SUCCESS",22,4115,NA
400,32,90809,"SUCCESS",24,3711,NA
400,33,90810,"SUCCESS",19,3966,NA
400,34,90811,"SUCCESS",22,3847,NA
400,35,90812,"SUCCESS",22,3790,NA
400,36,90813,"SUCCESS",18,3948,NA
400,37,90814,"SUCCESS",22,4162,NA
400,38,90815,"SUCCESS",22,3679,NA
400,39,90816,"SUCCESS",22,4042,NA
400,4,90781,"SUCCESS",23,4092,NA
400,40,90817,"SUCCESS",20,3918,NA
400,41,90818,"SUCCESS",17,3963,NA
400,42,90819,"SUCCESS",23,3931,NA
400,43,90820,"SUCCESS",20,3905,NA
400,44,90821,"SUCCESS",24,3840,NA
400,45,90822,"SUCCESS",20,3867,NA
400,46,90823,"SUCCESS",21,3987,NA
400,47,90824,"SUCCESS",22,3975,NA
400,48,90825,"SUCCESS",22,3903,NA
400,49,90826,"SUCCESS",20,3806,NA
400,5,90782,"SUCCESS",18,3563,NA
400,50,90827,"SUCCESS",20,4125,NA
400,51,90828,"SUCCESS",22,3734,NA
400,52,90829,"SUCCESS",20,3549,NA
400,53,90830,"SUCCESS",19,3839,NA
400,54,90831,"SUCCESS",20,4134,NA
400,55,90832,"SUCCESS",21,3855,NA
400,56,90833,"SUCCESS",21,3830,NA
400,57,90834,"SUCCESS",24,3814,NA
400,58,90835,"SUCCESS",18,3887,NA
400,59,90836,"SUCCESS",20,3958,NA
400,6,90783,"SUCCESS",23,3862,NA
400,60,90837,"SUCCESS",21,3794,NA
400,61,90838,"SUCCESS",22,4132,NA
400,62,90839,"SUCCESS",21,4068,NA
400,63,90840,"SUCCESS",22,3906,NA
400,64,90841,"SUCCESS",20,4429,NA
400,65,90842,"SUCCESS",21,3911,NA
400,66,90843,"SUCCESS",18,4009,NA
400,67,90844,"SUCCESS",23,3732,NA
400,68,90845,"SUCCESS",20,4076,NA
400,69,90846,"SUCCESS",19,3919,NA
400,7,90784,"SUCCESS",23,3926,NA
400,70,90847,"SUCCESS",21,3937,NA
400,71,91625,"SUCCESS",21,3617,NA
400,72,90849,"SUCCESS",19,3645,NA
400,73,90850,"SUCCESS",21,4119,NA
400,74,90851,"SUCCESS",19,3812,NA
400,75,90852,"SUCCESS",20,3912,NA
400,76,90853,"SUCCESS",22,3961,NA
400,77,90854,"SUCCESS",22,4306,NA
400,78,90855,"SUCCESS",18,4054,NA
400,79,90856,"SUCCESS",17,4100,NA
400,8,90785,"SUCCESS",19,3881,NA
400,80,90857,"SUCCESS",19,4039,NA
400,81,90858,"SUCCESS",22,4008,NA
400,82,90859,"SUCCESS",22,3793,NA
400,83,90860,"SUCCESS",21,3480,NA
400,84,90861,"SUCCESS",21,3936,NA
400,85,90862,"SUCCESS",22,3918,NA
400,86,90863,"SUCCESS",21,4106,NA
400,87,90864,"SUCCESS",22,3718,NA
400,88,90865,"SUCCESS",20,4111,NA
400,89,90866,"SUCCESS",25,4051,NA
400,9,90786,"SUCCESS",20,4072,NA
400,90,90867,"SUCCESS",18,4058,NA
400,91,90868,"SUCCESS",21,3884,NA
400,92,90869,"SUCCESS",22,3934,NA
400,93,90870,"SUCCESS",23,3829,NA
400,94,90871,"SUCCESS",19,3921,NA
400,95,90872,"SUCCESS",19,3755,NA
400,96,90873,"SUCCESS",21,3929,NA
400,97,90874,"SUCCESS",23,3965,NA
400,98,90875,"SUCCESS",21,3834,NA
400,99,90876,"SUCCESS",24,3976,NA
450,1,95778,"SUCCESS",25,3921,NA
450,10,95787,"SUCCESS",23,4112,NA
450,100,95877,"SUCCESS",18,4005,NA
450,11,95788,"SUCCESS",25,3946,NA
450,12,95789,"SUCCESS",18,3942,NA
450,13,95790,"SUCCESS",24,4026,NA
450,14,95791,"SUCCESS",22,3509,NA
450,15,95792,"SUCCESS",18,3647,NA
450,16,95793,"SUCCESS",20,3621,NA
450,17,95794,"SUCCESS",20,4040,NA
450,18,95795,"SUCCESS",26,3962,NA
450,19,95796,"SUCCESS",16,3959,NA
450,2,95779,"SUCCESS",21,3820,NA
450,20,95797,"SUCCESS",17,4117,NA
450,21,95798,"SUCCESS",23,3993,NA
450,22,95799,"SUCCESS",21,3991,NA
450,23,95800,"SUCCESS",20,3806,NA
450,24,95801,"SUCCESS",20,3818,NA
450,25,95802,"SUCCESS",20,3586,NA
450,26,95803,"SUCCESS",20,4047,NA
450,27,95804,"SUCCESS",19,3940,NA
450,28,95805,"SUCCESS",21,4036,NA
450,29,95806,"SUCCESS",23,3613,NA
450,3,95780,"SUCCESS",20,3913,NA
450,30,95807,"SUCCESS",25,3681,NA
450,31,95808,"SUCCESS",22,3795,NA
450,32,95809,"SUCCESS",21,4009,NA
450,33,95810,"SUCCESS",21,3984,NA
450,34,95811,"SUCCESS",20,3861,NA
450,35,95812,"SUCCESS",22,3646,NA
450,36,95813,"SUCCESS",21,4000,NA
450,37,95814,"SUCCESS",22,3666,NA
450,38,95815,"SUCCESS",22,4114,NA
450,39,95816,"SUCCESS",27,4090,NA
450,4,95781,"SUCCESS",20,3914,NA
450,40,95817,"SUCCESS",24,3803,NA
450,41,95818,"SUCCESS",20,3864,NA
450,42,96596,"SUCCESS",21,3852,NA
450,43,95820,"SUCCESS",20,4075,NA
450,44,95821,"SUCCESS",21,3702,NA
450,45,96599,"SUCCESS",21,3642,NA
450,46,95823,"SUCCESS",22,3934,NA
450,47,95824,"SUCCESS",24,4132,NA
450,48,95825,"SUCCESS",21,4190,NA
450,49,95826,"SUCCESS",22,4068,NA
450,5,95782,"SUCCESS",21,4042,NA
450,50,95827,"SUCCESS",22,4108,NA
450,51,95828,"SUCCESS",22,3958,NA
450,52,95829,"SUCCESS",24,4027,NA
450,53,95830,"SUCCESS",21,3602,NA
450,54,95831,"SUCCESS",24,3799,NA
450,55,95832,"SUCCESS",22,4033,NA
450,56,95833,"SUCCESS",24,3841,NA
450,57,95834,"SUCCESS",25,3814,NA
450,58,95835,"SUCCESS",23,3717,NA
450,59,95836,"SUCCESS",19,3843,NA
450,6,95783,"SUCCESS",18,3818,NA
450,60,95837,"SUCCESS",21,3957,NA
450,61,95838,"SUCCESS",24,3975,NA
450,62,95839,"SUCCESS",22,4073,NA
450,63,95840,"SUCCESS",18,3872,NA
450,64,95841,"SUCCESS",20,3895,NA
450,65,95842,"SUCCESS",22,3398,NA
450,66,95843,"SUCCESS",24,3897,NA
450,67,95844,"SUCCESS",21,4075,NA
450,68,95845,"SUCCESS",19,3963,NA
450,69,95846,"SUCCESS",19,3795,NA
450,7,95784,"SUCCESS",23,3701,NA
450,70,95847,"SUCCESS",22,3542,NA
450,71,95848,"SUCCESS",19,3782,NA
450,72,95849,"SUCCESS",22,3893,NA
450,73,95850,"SUCCESS",22,3924,NA
450,74,95851,"SUCCESS",18,3871,NA
450,75,95852,"SUCCESS",24,3763,NA
450,76,95853,"SUCCESS",20,3839,NA
450,77,95854,"SUCCESS",21,3887,NA
450,78,95855,"SUCCESS",21,3607,NA
450,79,95856,"SUCCESS",21,3927,NA
450,8,95785,"SUCCESS",20,3998,NA
450,80,95857,"SUCCESS",24,3750,NA
450,81,95858,"SUCCESS",21,3795,NA
450,82,95859,"SUCCESS",24,3757,NA
450,83,95860,"SUCCESS",19,4194,NA
450,84,95861,"SUCCESS",23,3654,NA
450,85,95862,"SUCCESS",23,4158,NA
450,86,95863,"SUCCESS",26,3751,NA
450,87,95864,"SUCCESS",18,3852,NA
450,88,95865,"SUCCESS",22,3736,NA
450,89,95866,"SUCCESS",23,3791,NA
450,9,95786,"SUCCESS",24,3723,NA
450,90,95867,"SUCCESS",27,3834,NA
450,91,95868,"SUCCESS",19,3530,NA
450,92,95869,"SUCCESS",19,3589,NA
450,93,95870,"SUCCESS",19,3749,NA
450,94,95871,"SUCCESS",24,3855,NA
450,95,95872,"SUCCESS",22,4002,NA
450,96,95873,"SUCCESS",20,4036,NA
450,97,95874,"SUCCESS",22,3665,NA
450,98,95875,"SUCCESS",20,4024,NA
450,99,95876,"SUCCESS",23,4022,NA
50,1,55778,"SUCCESS",15,4555,NA
50,10,55787,"SUCCESS",15,4490,NA
50,100,55877,"SUCCESS",15,4508,NA
50,11,55788,"SUCCESS",15,4541,NA
50,12,55789,"SUCCESS",15,4593,NA
50,13,55790,"SUCCESS",15,4660,NA
50,14,55791,"SUCCESS",15,4598,NA
50,15,55792,"SUCCESS",15,4615,NA
50,16,55793,"SUCCESS",15,4580,NA
50,17,55794,"SUCCESS",15,4523,NA
50,18,55795,"SUCCESS",15,4556,NA
50,19,55796,"SUCCESS",15,4668,NA
50,2,55779,"SUCCESS",15,4568,NA
50,20,55797,"SUCCESS",15,4565,NA
50,21,55798,"SUCCESS",15,4526,NA
50,22,55799,"SUCCESS",15,4568,NA
50,23,55800,"SUCCESS",15,4542,NA
50,24,55801,"SUCCESS",15,4496,NA
50,25,55802,"SUCCESS",15,4573,NA
50,26,55803,"SUCCESS",15,4524,NA
50,27,55804,"SUCCESS",15,4590,NA
50,28,55805,"SUCCESS",15,4463,NA
50,29,55806,"SUCCESS",15,4625,NA
50,3,55780,"SUCCESS",15,4437,NA
50,30,55807,"SUCCESS",15,4517,NA
50,31,55808,"SUCCESS",15,4593,NA
50,32,55809,"SUCCESS",15,4571,NA
50,33,55810,"SUCCESS",15,4474,NA
50,34,55811,"SUCCESS",15,4543,NA
50,35,55812,"SUCCESS",15,4532,NA
50,36,55813,"SUCCESS",15,4527,NA
50,37,55814,"SUCCESS",15,4526,NA
50,38,55815,"SUCCESS",15,4576,NA
50,39,55816,"SUCCESS",15,4491,NA
50,4,55781,"SUCCESS",15,4568,NA
50,40,55817,"SUCCESS",15,4488,NA
50,41,55818,"SUCCESS",15,4626,NA
50,42,55819,"SUCCESS",15,4638,NA
50,43,55820,"SUCCESS",15,4452,NA
50,44,55821,"SUCCESS",15,4503,NA
50,45,55822,"SUCCESS",15,4572,NA
50,46,55823,"SUCCESS",15,4476,NA
50,47,55824,"SUCCESS",15,4522,NA
50,48,55825,"SUCCESS",15,4588,NA
50,49,55826,"SUCCESS",15,4546,NA
50,5,55782,"SUCCESS",15,4565,NA
50,50,55827,"SUCCESS",15,4519,NA
50,51,55828,"SUCCESS",15,4561,NA
50,52,55829,"SUCCESS",15,4587,NA
50,53,55830,"SUCCESS",15,4603,NA
50,54,55831,"SUCCESS",15,4605,NA
50,55,55832,"SUCCESS",15,4554,NA
50,56,55833,"SUCCESS",15,4553,NA
50,57,55834,"SUCCESS",15,4584,NA
50,58,55835,"SUCCESS",15,4582,NA
50,59,55836,"SUCCESS",15,4548,NA
50,6,55783,"SUCCESS",15,4607,NA
50,60,55837,"SUCCESS",15,4567,NA
50,61,55838,"SUCCESS",15,4558,NA
50,62,55839,"SUCCESS",15,4562,NA
50,63,55840,"SUCCESS",15,4508,NA
50,64,55841,"SUCCESS",15,4568,NA
50,65,55842,"SUCCESS",15,4627,NA
50,66,55843,"SUCCESS",15,4453,NA
50,67,55844,"SUCCESS",15,4563,NA
50,68,55845,"SUCCESS",15,4615,NA
50,69,55846,"SUCCESS",15,4490,NA
50,7,55784,"SUCCESS",15,4574,NA
50,70,55847,"SUCCESS",15,4589,NA
50,71,55848,"SUCCESS",15,4596,NA
50,72,55849,"SUCCESS",15,4535,NA
50,73,55850,"SUCCESS",15,4519,NA
50,74,55851,"SUCCESS",15,4613,NA
50,75,55852,"SUCCESS",15,4586,NA
50,76,55853,"SUCCESS",15,4576,NA
50,77,55854,"SUCCESS",15,4495,NA
50,78,55855,"SUCCESS",15,4614,NA
50,79,55856,"SUCCESS",15,4527,NA
50,8,55785,"SUCCESS",15,4564,NA
50,80,55857,"SUCCESS",15,4540,NA
50,81,55858,"SUCCESS",15,4563,NA
50,82,55859,"SUCCESS",15,4560,NA
50,83,55860,"SUCCESS",15,4435,NA
50,84,55861,"SUCCESS",15,4586,NA
50,85,55862,"SUCCESS",15,4553,NA
50,86,55863,"SUCCESS",15,4471,NA
50,87,55864,"SUCCESS",15,4616,NA
50,88,55865,"SUCCESS",15,4589,NA
50,89,55866,"SUCCESS",15,4495,NA
50,9,55786,"SUCCESS",15,4654,NA
50,90,55867,"SUCCESS",15,4411,NA
50,91,55868,"SUCCESS",15,4573,NA
50,92,55869,"SUCCESS",15,4509,NA
50,93,55870,"SUCCESS",15,4485,NA
50,94,55871,"SUCCESS",15,4516,NA
50,95,55872,"SUCCESS",15,4473,NA
50,96,55873,"SUCCESS",15,4583,NA
50,97,55874,"SUCCESS",15,4507,NA
50,98,55875,"SUCCESS",15,4538,NA
50,99,55876,"SUCCESS",15,4447,NA
